brand,sub_product_name,country,pillar,media_type,profession,campaign_start_date,unique_reach,unique_engaged_hcps,total_engagements,total_budget_spent,engagement_rate,engagement_frequency,pre_NRx,post_NRx,pre_avg_NRx,post_avg_NRx,pre_NRx_avg,npi_specialty,region,NRx_lift,NRx_lift_pct,cpe,total_spend,actual_spend_per_engagement,spend_per_NRx_lift,company,product,channel_tag,country_name,start_year,start_quarter,start_month,campaign_age_days,cpe_imputed,spend_near_zero,budget_anomaly,targeting_info_missing,n_periods,region_country_mismatch
ABBVIE,BRAND ALERT,USA,search,SPONSORED_VIDEOS,General Practitioner,2024-07-31,9270,1070,4449,173511.0,0.1154,4.16,946.88,1093.64,63.06,72.8343,47.4714,Neurology,Southeast,146.76,15.5,39.0,134355308.0,30198.99,915440.73,ABBVIE,unspecified,none,United States,2024,3,7,625,0,0,0,0,15.02,0
ABBVIE,BRAND ALERT,USA,search,EDITORIAL_VIDEOS,General Practitioner,2024-08-19,1959,380,1178,45942.0,0.194,3.1,915.49,1027.54,48.2253,54.1279,62.6833,Cardiology,Southwest,112.05,12.2398,39.0,10667850.0,9055.9,95202.91,ABBVIE,unspecified,none,United States,2024,3,8,606,0,0,0,0,18.98,0
ABBVIE,BRAND ALERT,USA,search,SPONSORED_VIDEOS,Psychologist,2023-11-16,2860,403,1703,66417.0,0.1409,4.23,721.23,799.5,37.9804,42.1019,66.2213,Cardiology,Mid-Atlantic,78.27,10.8516,39.0,59103000.0,34705.23,755161.42,ABBVIE,unspecified,none,United States,2023,4,11,883,0,0,0,0,18.99,0
ABBVIE,BRAND ALERT,ZAF,search,SPONSORED_VIDEOS,General Practitioner,2024-11-22,7390,910,1107,43173.0,0.1231,1.22,1022.39,1144.26,44.2658,49.5424,55.8293,Neurology,Northeast,121.87,11.9201,39.0,124487739.0,112455.05,1021479.17,ABBVIE,unspecified,none,South Africa,2024,4,11,511,0,0,0,0,23.1,1
ABBVIE,EMAIL ALERT,UNKNOWN,unknown,UNKNOWN,UNKNOWN,2023-11-16,77570,26264,116027,348081.0,0.3386,4.42,630.86,852.37,34.7051,46.8907,39.3346,Endocrinology,Southwest,221.51,35.1116,3.0,892409925.0,7691.4,4028833.69,ABBVIE,unspecified,none,Unknown,2023,4,11,883,0,0,0,1,18.18,0
ABBVIE,EMAIL ALERT,USA,search,SPONSORED_VIDEOS,General Practitioner,2024-07-31,7191,2493,7028,21084.0,0.3467,2.82,1096.71,1279.66,66.3204,77.3833,43.4829,Oncology,Mid-Atlantic,182.95,16.681,3.0,216962557.0,30871.17,1185960.03,ABBVIE,unspecified,none,United States,2024,3,7,625,0,0,0,0,16.54,0
ABBVIE,EMAIL ALERT,USA,search,EDITORIAL_VIDEOS,General Practitioner,2023-05-02,1544,779,2793,8379.0,0.5045,3.59,271.28,326.11,26.1833,31.4753,15.8779,Neurology,Pacific,54.83,20.2112,3.0,48698550.0,17435.93,888188.75,ABBVIE,unspecified,none,United States,2023,2,5,1081,0,0,0,0,10.36,0
ABBVIE,TARGET LIST MEDIA,UNKNOWN,unknown,UNKNOWN,UNKNOWN,2024-11-14,69886,6927,27076,1055964.0,0.0991,3.91,1154.66,1436.17,115.842,144.0851,39.8414,Dermatology,Southeast,281.51,24.3807,39.0,1614190464.0,59617.02,5733965.66,ABBVIE,unspecified,none,Unknown,2024,4,11,519,1,0,0,1,9.97,0
ADC THERAPEUTICS,BRAND ALERT,USA,reference and tools,EDITORIAL_VIDEOS,Not stated,2025-11-26,621,124,442,17238.0,0.1997,3.56,203.31,226.78,19.1382,21.3476,6.9518,Dermatology,South Atlantic,23.47,11.5442,39.0,20614176.0,46638.41,878285.6,ADC THERAPEUTICS,unspecified,none,United States,2025,4,11,142,0,0,0,0,10.62,0
ADC THERAPEUTICS,EMAIL ALERT,USA,reference and tools,EDITORIAL_VIDEOS,Not stated,2025-11-26,2466,1025,3039,9117.0,0.4157,2.96,126.42,149.73,11.5755,13.7094,5.6392,Internal Medicine,Mid-Atlantic,23.31,18.4345,3.0,52680672.0,17334.87,2260486.69,ADC THERAPEUTICS,unspecified,none,United States,2025,4,11,142,0,0,0,0,10.92,0
ADC THERAPEUTICS,TARGET LIST MEDIA,USA,reference and tools,EDITORIAL_VIDEOS,Not stated,2025-11-26,6426,780,2162,84318.0,0.1214,2.77,75.2,85.11,3.9908,4.5163,2.6319,Gastroenterology,Southeast,9.91,13.1782,39.0,91618560.0,42376.76,9252068.22,ADC THERAPEUTICS,unspecified,none,United States,2025,4,11,142,1,0,0,0,18.84,0
ADC_THERAPEUTICS_ZYNLONTA,BRAND ALERT,USA,reference and tools,EDITORIAL_VIDEOS,Not stated,2025-03-11,7578,1147,4550,177450.0,0.1514,3.97,154.17,182.57,7.4852,8.8639,6.1138,Primary Care,Mountain,28.4,18.418,39.0,229783885.0,50501.95,8092314.14,ADC THERAPEUTICS,ZYNLONTA,none,United States,2025,1,3,402,0,0,0,0,20.6,0
ADC_THERAPEUTICS_ZYNLONTA,EMAIL ALERT,USA,reference and tools,EDITORIAL_VIDEOS,Not stated,2025-03-11,62191,20327,38148,114444.0,0.3268,1.88,74.48,92.15,4.3784,5.4175,3.5571,Hematology,South Atlantic,17.67,23.7314,3.0,1217365686.0,31911.65,68877718.54,ADC THERAPEUTICS,ZYNLONTA,none,United States,2025,1,3,402,0,0,0,0,17.01,0
ADC_THERAPEUTICS_ZYNLONTA,TARGET LIST MEDIA,USA,reference and tools,EDITORIAL_VIDEOS,Not stated,2025-03-11,75788,12551,55153,2150967.0,0.1656,4.39,66.57,85.62,3.0133,3.8752,4.8928,Pulmonology,West,19.05,28.6165,39.0,1808936963.0,32798.52,94992776.45,ADC THERAPEUTICS,ZYNLONTA,none,United States,2025,1,3,402,1,0,0,0,22.09,0
AMGEN,BRAND ALERT,ZAF,search,SPONSORED_VIDEOS,Psychologist,2023-12-28,13363,1254,4446,173394.0,0.0938,3.55,817.35,963.88,32.8895,38.7856,42.6327,Endocrinology,West,146.53,17.927,39.0,423393147.0,95230.13,2889522.65,AMGEN,unspecified,none,South Africa,2023,4,12,841,0,0,0,0,24.85,1
AMGEN,EMAIL ALERT,UNKNOWN,unknown,UNKNOWN,UNKNOWN,2025-03-31,271335,68255,126843,380529.0,0.2516,1.86,723.08,1047.03,32.957,47.7219,34.0797,Nephrology,South Atlantic,323.95,44.8002,3.0,7130259576.0,56213.27,22010835.91,AMGEN,unspecified,none,Unknown,2025,1,3,382,0,0,0,1,21.94,0
AMGEN_HORIZON_KRYSTEXXA,EMAIL ALERT,UNKNOWN,unknown,UNKNOWN,UNKNOWN,2025-04-14,31023,13599,49359,148077.0,0.4384,3.63,870.1,1120.16,43.9154,56.5367,31.8959,Primary Care,Pacific,250.06,28.74,3.0,1717609656.0,34798.31,6868625.23,AMGEN,KRYSTEXXA,none,Unknown,2025,2,4,368,0,0,0,1,19.81,0
ASTELLAS,EMAIL ALERT,UNKNOWN,unknown,UNKNOWN,UNKNOWN,2024-10-28,56090,17291,50982,152946.0,0.3083,2.95,1129.61,1540.77,66.2433,90.3554,57.5546,Neurology,Pacific,411.16,36.3993,3.0,578430000.0,11345.77,1406795.88,ASTELLAS,unspecified,none,Unknown,2024,4,10,536,0,0,0,1,17.05,0
ASTELLAS,TARGET LIST MEDIA,UNKNOWN,unknown,UNKNOWN,UNKNOWN,2024-10-28,16685,1500,5300,206700.0,0.0899,3.53,732.26,897.65,46.8482,57.4292,26.1957,Gastroenterology,Pacific,165.39,22.5858,39.0,1076891924.0,203187.16,6511364.64,ASTELLAS,unspecified,none,Unknown,2024,4,10,536,1,0,0,1,15.63,0
ASTELLAS_XTANDI,TARGET LIST MEDIA,UNKNOWN,unknown,UNKNOWN,UNKNOWN,2025-05-29,2769,375,1400,54600.0,0.1354,3.73,780.93,892.78,82.7726,94.6275,33.2496,Pulmonology,Mid-Atlantic,111.85,14.3223,39.0,300399210.0,214570.86,2685802.1,ASTELLAS,XTANDI,none,Unknown,2025,2,5,323,1,0,0,1,9.43,0
ASTRAZENECA_ENHERTU,BRAND ALERT,USA,search,SPONSORED_VIDEOS,General Practitioner,2024-07-31,12583,1115,1659,64701.0,0.0886,1.49,45.1,49.35,3.0492,3.3366,3.5397,Nephrology,Mid-Atlantic,4.25,9.4251,39.0,93843034.0,56566.02,22079321.79,ASTRAZENECA,ENHERTU,none,United States,2024,3,7,625,0,0,0,0,14.79,0
ASTRAZENECA_ENHERTU,BRAND ALERT,USA,search,EDITORIAL_VIDEOS,General Practitioner,2024-08-19,1937,446,1280,49920.0,0.2303,2.87,220.94,250.76,9.4127,10.683,7.3893,Hematology,Midwest,29.82,13.4959,39.0,13739850.0,10734.26,460797.96,ASTRAZENECA,ENHERTU,none,United States,2024,3,8,606,0,0,0,0,23.47,0
ASTRAZENECA_ENHERTU,BRAND ALERT,USA,search,SPONSORED_VIDEOS,Psychologist,2023-11-16,1305,110,470,18330.0,0.0843,4.27,131.97,138.91,6.0715,6.3909,6.4237,Hematology,Northeast,6.94,5.2592,39.0,35461800.0,75450.64,5109212.27,ASTRAZENECA,ENHERTU,none,United States,2023,4,11,883,0,0,0,0,21.74,0
ASTRAZENECA_ENHERTU,BRAND ALERT,VGB,search,EDITORIAL_VIDEOS,General Practitioner,2024-03-04,885,157,354,13806.0,0.1774,2.25,293.48,320.32,25.1423,27.4415,16.4535,Endocrinology,South Atlantic,26.84,9.1448,39.0,18807806.0,53129.4,700775.45,ASTRAZENECA,ENHERTU,none,British Virgin Islands,2024,1,3,774,0,0,0,0,11.67,1
ASTRAZENECA_ENHERTU,BRAND ALERT,ZAF,search,SPONSORED_VIDEOS,General Practitioner,2024-11-22,1715,265,837,32643.0,0.1545,3.16,250.49,265.87,15.722,16.6875,10.8052,Neurology,Southwest,15.38,6.1407,39.0,41495913.0,49576.96,2697746.73,ASTRAZENECA,ENHERTU,none,South Africa,2024,4,11,511,0,0,0,0,15.93,1
ASTRAZENECA_ENHERTU,BRANDSPOT,USA,search,SPONSORED_VIDEOS,Psychologist,2023-11-16,1455,399,964,65552.0,0.2742,2.42,166.29,191.89,7.5988,8.7683,13.6555,Primary Care,Northeast,25.6,15.391,68.0,35461800.0,36786.1,1385530.8,ASTRAZENECA,ENHERTU,none,United States,2023,4,11,883,0,0,0,0,21.88,0
ASTRAZENECA_ENHERTU,EMAIL ALERT,UNKNOWN,unknown,UNKNOWN,UNKNOWN,2023-11-16,8420,2933,7916,23748.0,0.3483,2.7,54.5,69.21,5.9594,7.5675,2.3977,Oncology,Mountain,14.71,26.9834,3.0,224333710.0,28339.28,15253940.4,ASTRAZENECA,ENHERTU,none,Unknown,2023,4,11,883,0,0,0,1,9.15,0
ASTRAZENECA_ENHERTU,EMAIL ALERT,USA,search,SPONSORED_VIDEOS,General Practitioner,2024-07-31,3184,944,2841,8523.0,0.2965,3.01,260.64,325.08,17.8693,22.2876,13.0548,Primary Care,Mid-Atlantic,64.44,24.7255,3.0,190218158.0,66954.65,2951696.89,ASTRAZENECA,ENHERTU,none,United States,2024,3,7,625,0,0,0,0,14.59,0
ASTRAZENECA_ENHERTU,EMAIL ALERT,USA,search,EDITORIAL_VIDEOS,General Practitioner,2023-05-02,959,522,1571,4713.0,0.5443,3.01,243.94,292.58,10.8507,13.0142,13.4524,Primary Care,Mid-Atlantic,48.64,19.9385,3.0,39518600.0,25155.06,812510.55,ASTRAZENECA,ENHERTU,none,United States,2023,2,5,1081,0,0,0,0,22.48,0
ASTRAZENECA_ENHERTU,EMAIL ALERT,VGB,search,EDITORIAL_VIDEOS,General Practitioner,2024-03-04,1837,921,1718,5154.0,0.5014,1.87,71.68,84.3,4.8219,5.6705,2.4667,Hematology,Southeast,12.62,17.598,3.0,5373659.0,3127.86,425975.63,ASTRAZENECA,ENHERTU,none,British Virgin Islands,2024,1,3,774,0,0,0,0,14.87,1
BMS,BRAND ALERT,USA,search,EDITORIAL_VIDEOS,Unmapped code 23,2024-01-02,14309,3237,11197,436683.0,0.2262,3.46,495.28,599.18,53.1446,64.2934,24.218,Oncology,Northeast,103.9,20.9783,39.0,270310437.0,24141.33,2601620.32,BRISTOL MYERS SQUIBB,unspecified,none,United States,2024,1,1,836,0,0,0,0,9.32,0
BMS,BRAND ALERT,USA,search,SPONSORED_VIDEOS,General Practitioner,2023-12-26,21396,2621,3905,152295.0,0.1225,1.49,993.41,1224.9,57.6788,71.1199,69.0713,Oncology,Southeast,231.49,23.3032,39.0,2363005952.0,605123.16,10207544.88,BRISTOL MYERS SQUIBB,unspecified,none,United States,2023,4,12,843,0,0,0,0,17.22,0
BMS,BRAND ALERT,USA,search,EDITORIAL_VIDEOS,General Practitioner,2023-07-12,77187,6684,11082,432198.0,0.0866,1.66,385.23,447.44,17.0082,19.7549,20.0857,Endocrinology,Southwest,62.21,16.1498,39.0,2899058399.0,261600.65,46598544.46,BRISTOL MYERS SQUIBB,unspecified,none,United States,2023,3,7,1010,0,0,0,0,22.65,0
BMS,BRAND ALERT,USA,reference and tools,EDITORIAL_VIDEOS,Not stated,2025-02-14,42480,5588,6755,263445.0,0.1315,1.21,1117.75,1421.5,61.9774,78.8197,39.3745,Nephrology,Southeast,303.75,27.175,39.0,1598528816.0,236643.79,5262661.0,BRISTOL MYERS SQUIBB,unspecified,none,United States,2025,1,2,427,0,0,0,0,18.03,0
BMS,BRAND ALERT,USA,search,EDITORIAL_VIDEOS,Not stated,2025-02-04,56434,9667,15323,597597.0,0.1713,1.59,624.53,839.43,52.7172,70.8573,46.1863,Pulmonology,Northeast,214.9,34.4101,39.0,4390725746.0,286544.79,20431409.99,BRISTOL MYERS SQUIBB,unspecified,none,United States,2025,1,2,437,0,0,0,0,11.85,0
BMS,BRAND ALERT,VGB,reference and tools,EDITORIAL_VIDEOS,Not stated,2025-03-20,40658,5510,15215,593385.0,0.1355,2.76,287.04,368.76,19.7521,25.3754,20.102,Rheumatology,South Atlantic,81.72,28.4693,39.0,793502720.0,52152.66,9710247.81,BRISTOL MYERS SQUIBB,unspecified,none,British Virgin Islands,2025,1,3,393,0,0,0,0,14.53,1
BMS,BRAND ALERT,VIR,reference and tools,EDITORIAL_VIDEOS,Not stated,2025-11-17,4558,1006,3219,125541.0,0.2207,3.2,1015.75,1241.35,64.8954,79.3087,98.9951,Cardiology,Mountain,225.6,22.2101,39.0,120960000.0,37576.89,536173.12,BRISTOL MYERS SQUIBB,unspecified,none,U.S. Virgin Islands,2025,4,11,151,0,0,0,0,15.65,1
BMS,BRAND ALERT,ZAF,search,EDITORIAL_VIDEOS,Not stated,2025-02-27,9849,1242,4745,185055.0,0.1261,3.82,573.51,698.51,32.1338,39.1377,55.7683,Nephrology,Mid-Atlantic,125.0,21.7958,39.0,282888848.0,59618.3,2263096.07,BRISTOL MYERS SQUIBB,unspecified,none,South Africa,2025,1,2,414,0,0,0,0,17.85,1
BMS,BRAND ALERT,ZAF,reference and tools,EDITORIAL_VIDEOS,Not stated,2025-02-20,4047,987,1531,59709.0,0.2439,1.55,726.5,839.25,34.7458,40.1385,27.3245,Cardiology,Southwest,112.75,15.5203,39.0,409387456.0,267398.73,3630778.29,BRISTOL MYERS SQUIBB,unspecified,none,South Africa,2025,1,2,421,0,0,0,0,20.91,1
BMS,BRAND ALERT,ZAF,search,EDITORIAL_VIDEOS,Psychologist,2023-12-26,79987,12616,50557,1971723.0,0.1577,4.01,312.3,393.09,32.26,40.6047,12.6734,Hematology,Mid-Atlantic,80.79,25.8669,39.0,2503251138.0,49513.44,30987206.81,BRISTOL MYERS SQUIBB,unspecified,none,South Africa,2023,4,12,843,0,0,0,0,9.68,1
BMS,BRAND PLAY,USA,search,EDITORIAL_VIDEOS,Not stated,2025-02-27,4747,1194,4372,170508.0,0.2515,3.66,202.58,256.51,8.7607,11.0929,11.8464,Rheumatology,Midwest,53.93,26.6208,39.0,126123118.0,28847.92,2338666.33,BRISTOL MYERS SQUIBB,unspecified,none,United States,2025,1,2,414,1,0,0,0,23.12,0
BMS,BRAND PLAY,ZAF,search,EDITORIAL_VIDEOS,Psychologist,2023-12-26,73319,9897,25218,983502.0,0.135,2.55,837.99,985.05,102.078,119.9931,34.9653,Pulmonology,Mountain,147.06,17.5504,39.0,500650228.0,19852.89,3404168.4,BRISTOL MYERS SQUIBB,unspecified,none,South Africa,2023,4,12,843,1,0,0,0,8.21,1
BMS,BRANDSPOT,USA,search,SPONSORED_VIDEOS,General Practitioner,2023-12-26,74150,15913,68086,4629848.0,0.2146,4.28,715.18,933.29,50.0441,65.3067,39.9447,Rheumatology,Southeast,218.11,30.4982,68.0,1292268880.0,18979.95,5924691.73,BRISTOL MYERS SQUIBB,unspecified,none,United States,2023,4,12,843,0,0,0,0,14.29,0
BMS,BRANDSPOT,USA,search,EDITORIAL_VIDEOS,General Practitioner,2023-07-12,15189,4266,19069,1296692.0,0.2809,4.47,793.54,1037.17,93.7308,122.5084,27.3088,Endocrinology,West,243.63,30.7024,68.0,1604802734.0,84157.68,6586896.1,BRISTOL MYERS SQUIBB,unspecified,none,United States,2023,3,7,1010,0,0,0,0,8.47,0
BMS,BRANDSPOT,USA,search,EDITORIAL_VIDEOS,Not stated,2025-02-25,4734,718,1347,91596.0,0.1517,1.88,993.74,1170.17,67.6911,79.7089,33.8687,Primary Care,Northeast,176.43,17.7539,68.0,332112312.0,246557.02,1882426.04,BRISTOL MYERS SQUIBB,unspecified,none,United States,2025,1,2,416,0,0,0,0,14.68,0
BMS,BRANDSPOT,ZAF,search,EDITORIAL_VIDEOS,Psychologist,2023-12-26,50773,7642,18734,1273912.0,0.1505,2.45,846.61,1084.44,49.9802,64.021,47.4133,Hematology,Mid-Atlantic,237.83,28.0927,68.0,1660050755.0,88611.66,6979851.93,BRISTOL MYERS SQUIBB,unspecified,none,South Africa,2023,4,12,843,0,0,0,0,16.94,1
BMS,EMAIL ALERT,USA,search,EDITORIAL_VIDEOS,General Practitioner,2023-12-26,68810,37216,158439,475317.0,0.5409,4.26,374.77,552.03,22.4434,33.0584,13.8372,Oncology,Southeast,177.26,47.2966,3.0,698276411.0,4407.23,3939386.52,BRISTOL MYERS SQUIBB,unspecified,none,United States,2023,4,12,843,0,0,0,0,16.7,0
BMS,POINT OF CONTACT,USA,search,EDITORIAL_VIDEOS,General Practitioner,2023-12-27,3899,1476,5285,206115.0,0.3786,3.58,560.77,719.23,51.8481,66.4986,22.0241,Dermatology,Southwest,158.46,28.2567,39.0,179154233.0,33898.62,1130627.29,BRISTOL MYERS SQUIBB,unspecified,none,United States,2023,4,12,842,1,0,0,0,10.82,0
BMS,TARGET LIST MEDIA,USA,search,EDITORIAL_VIDEOS,Unmapped code 23,2024-01-02,9734,834,1133,44187.0,0.0857,1.36,1105.89,1199.34,58.2735,63.1974,68.2649,Hematology,Mid-Atlantic,93.45,8.4497,39.0,258023599.0,227734.86,2761266.53,BRISTOL MYERS SQUIBB,unspecified,none,United States,2024,1,1,836,1,0,0,0,18.98,0
BMS,TARGET LIST MEDIA,USA,search,EDITORIAL_VIDEOS,General Practitioner,2023-07-12,16267,2209,8347,325533.0,0.1358,3.78,969.94,1265.36,110.7087,144.4274,66.2494,Cardiology,Mountain,295.42,30.4571,39.0,2616296615.0,313441.55,8856270.68,BRISTOL MYERS SQUIBB,unspecified,none,United States,2023,3,7,1010,1,0,0,0,8.76,0
BMS,TARGET LIST MEDIA,USA,search,SPONSORED_VIDEOS,General Practitioner,2023-12-26,46551,6549,25752,1004328.0,0.1407,3.93,756.64,899.44,36.1122,42.928,39.4808,Pulmonology,Mountain,142.8,18.874,39.0,1199963960.0,46596.92,8402673.67,BRISTOL MYERS SQUIBB,unspecified,none,United States,2023,4,12,843,1,0,0,0,20.95,0
BMS,TARGET LIST MEDIA,USA,reference and tools,EDITORIAL_VIDEOS,Not stated,2025-02-14,3528,649,2386,93054.0,0.184,3.68,455.64,528.42,18.912,21.9325,17.7799,Rheumatology,Mid-Atlantic,72.78,15.9718,39.0,269819424.0,113084.42,3707591.96,BRISTOL MYERS SQUIBB,unspecified,none,United States,2025,1,2,427,1,0,0,0,24.09,0
BMS,TARGET LIST MEDIA,USA,search,EDITORIAL_VIDEOS,Not stated,2025-02-25,26394,3038,11661,454779.0,0.1151,3.84,502.06,614.51,36.4444,44.6069,17.1919,Pulmonology,Southwest,112.45,22.3972,39.0,969824286.0,83168.19,8624684.52,BRISTOL MYERS SQUIBB,unspecified,none,United States,2025,1,2,416,1,0,0,0,13.78,0
BMS,TARGET LIST MEDIA,VGB,reference and tools,EDITORIAL_VIDEOS,Not stated,2025-03-20,18556,1963,7700,300300.0,0.1058,3.92,931.96,1140.93,55.4966,67.9404,36.8777,Nephrology,Mountain,208.97,22.4227,39.0,1487817600.0,193223.06,7119761.53,BRISTOL MYERS SQUIBB,unspecified,none,British Virgin Islands,2025,1,3,393,1,0,0,0,16.79,1
BMS,TARGET LIST MEDIA,ZAF,reference and tools,EDITORIAL_VIDEOS,Not stated,2025-02-20,5890,537,974,37986.0,0.0912,1.81,1051.17,1195.07,72.7886,82.7526,38.7828,Endocrinology,Mountain,143.9,13.689,39.0,282463104.0,290003.19,1962979.15,BRISTOL MYERS SQUIBB,unspecified,none,South Africa,2025,1,2,421,1,0,0,0,14.44,1
BMS,TARGET LIST MEDIA,ZAF,search,EDITORIAL_VIDEOS,Not stated,2025-02-27,10838,1516,2998,116922.0,0.1399,1.98,871.42,1064.06,107.3967,131.1379,39.5002,Hematology,Northeast,192.64,22.1061,39.0,172493200.0,57536.09,895425.68,BRISTOL MYERS SQUIBB,unspecified,none,South Africa,2025,1,2,414,1,0,0,0,8.11,1
BMS,TARGET LIST MEDIA,ZAF,search,EDITORIAL_VIDEOS,Psychologist,2023-12-26,45740,8068,26555,1035645.0,0.1764,3.29,1009.53,1304.33,69.3365,89.5839,37.7986,Nephrology,Southwest,294.8,29.2017,39.0,1054000479.0,39691.22,3575308.07,BRISTOL MYERS SQUIBB,unspecified,none,South Africa,2023,4,12,843,1,0,0,0,14.56,1
BOEHRINGER INGELHEIM,BRAND ALERT,USA,reference and tools,EDITORIAL_VIDEOS,Not stated,2025-12-03,75232,6762,28373,1106547.0,0.0899,4.2,3253.3,4054.71,151.6036,188.9496,126.6446,Neurology,Southwest,801.41,24.6339,39.0,582618400.0,20534.25,726986.89,BOEHRINGER INGELHEIM,unspecified,none,United States,2025,4,12,135,0,0,0,0,21.46,0
BOEHRINGER INGELHEIM,BRAND ALERT,VGB,search,SPONSORED_VIDEOS,General Practitioner,2023-11-16,291110,68581,153857,6000423.0,0.2356,2.24,1279.05,1588.52,70.5419,87.6096,72.9232,Hematology,South Atlantic,309.47,24.195,39.0,7588737111.0,49323.31,24521952.95,BOEHRINGER INGELHEIM,unspecified,none,British Virgin Islands,2023,4,11,883,0,0,0,0,18.13,1
BOEHRINGER INGELHEIM,BRAND ALERT,VNM,search,SPONSORED_VIDEOS,General Practitioner,2023-12-01,36777,5707,17928,699192.0,0.1552,3.14,2156.62,2849.97,221.8425,293.1639,102.5021,Nephrology,South Atlantic,693.35,32.1496,39.0,924892032.0,51589.25,1333955.45,BOEHRINGER INGELHEIM,unspecified,none,Vietnam,2023,4,12,868,0,0,0,0,9.72,1
BOEHRINGER INGELHEIM,BRAND ALERT,ZAF,search,EDITORIAL_VIDEOS,General Practitioner,2024-04-11,25627,3094,10686,416754.0,0.1207,3.45,1289.55,1688.63,57.5656,75.3806,49.4173,Oncology,Mountain,399.08,30.9473,39.0,3850587170.0,360339.43,9648662.12,BOEHRINGER INGELHEIM,unspecified,none,South Africa,2024,2,4,736,0,0,0,0,22.4,1
BOEHRINGER INGELHEIM,BRAND ALERT,ZAF,search,EDITORIAL_VIDEOS,Not stated,2024-10-31,88792,8520,22930,894270.0,0.096,2.69,1552.75,2086.34,91.1859,122.521,142.1788,Hematology,West,533.59,34.364,39.0,14610717612.0,637187.86,27381974.16,BOEHRINGER INGELHEIM,unspecified,none,South Africa,2024,4,10,533,0,0,0,0,17.03,1
BOEHRINGER INGELHEIM,BRANDSPOT,USA,reference and tools,EDITORIAL_VIDEOS,Not stated,2025-12-03,815,132,469,31892.0,0.162,3.55,3581.63,3795.17,160.5443,170.1159,136.9042,Gastroenterology,South Atlantic,213.54,5.962,68.0,22408400.0,47779.1,104939.46,BOEHRINGER INGELHEIM,unspecified,none,United States,2025,4,12,135,0,0,0,0,22.31,0
BOEHRINGER INGELHEIM,BRANDSPOT,VGB,search,SPONSORED_VIDEOS,General Practitioner,2023-11-16,58021,19434,81018,5509224.0,0.3349,4.17,2313.25,2826.53,129.4942,158.2269,170.6221,Endocrinology,Mountain,513.28,22.1884,68.0,1782470810.0,22000.92,3472750.62,BOEHRINGER INGELHEIM,unspecified,none,British Virgin Islands,2023,4,11,883,0,0,0,0,17.86,1
BOEHRINGER INGELHEIM,BRANDSPOT,ZAF,search,EDITORIAL_VIDEOS,General Practitioner,2024-10-31,10433,2783,9071,616828.0,0.2667,3.26,2513.15,2929.49,143.4878,167.2587,123.8389,Urology,Pacific,416.34,16.5665,68.0,190326420.0,20981.86,457140.62,BOEHRINGER INGELHEIM,unspecified,none,South Africa,2024,4,10,533,0,0,0,0,17.51,1
BOEHRINGER INGELHEIM,BRANDSPOT,ZAF,search,EDITORIAL_VIDEOS,Not stated,2024-10-31,58001,13852,41296,2808128.0,0.2388,2.98,1371.03,1650.93,140.0521,168.6443,52.3983,Endocrinology,Midwest,279.9,20.4154,68.0,2081324989.0,50400.16,7435934.26,BOEHRINGER INGELHEIM,unspecified,none,South Africa,2024,4,10,533,0,0,0,0,9.79,1
BOEHRINGER INGELHEIM,EMAIL ALERT,USA,reference and tools,EDITORIAL_VIDEOS,Not stated,2025-12-03,26016,11632,30799,92397.0,0.4471,2.65,1799.27,2391.18,165.906,220.4848,119.3433,Rheumatology,Midwest,591.91,32.8974,3.0,515393200.0,16734.09,870723.37,BOEHRINGER INGELHEIM,unspecified,none,United States,2025,4,12,135,0,0,0,0,10.85,0
BOEHRINGER INGELHEIM,EMAIL ALERT,VGB,search,SPONSORED_VIDEOS,General Practitioner,2023-11-16,234969,89453,277814,833442.0,0.3807,3.11,1536.79,2285.11,62.6635,93.177,103.0285,Dermatology,Southwest,748.32,48.6941,3.0,7200476143.0,25918.33,9622116.58,BOEHRINGER INGELHEIM,unspecified,none,British Virgin Islands,2023,4,11,883,0,0,0,0,24.52,1
BOEHRINGER INGELHEIM,EMAIL ALERT,ZAF,search,EDITORIAL_VIDEOS,General Practitioner,2024-10-31,17612,8260,19598,58794.0,0.469,2.37,1459.8,1973.21,122.8342,166.0351,80.8514,Urology,West,513.41,35.17,3.0,1089454680.0,55590.09,2121993.88,BOEHRINGER INGELHEIM,unspecified,none,South Africa,2024,4,10,533,0,0,0,0,11.88,1
BOEHRINGER INGELHEIM,EMAIL ALERT,ZAF,search,EDITORIAL_VIDEOS,Not stated,2024-10-31,204243,53984,134522,403566.0,0.2643,2.49,2841.47,3535.03,115.4288,143.6029,101.8711,Rheumatology,Northeast,693.56,24.4082,3.0,10130664953.0,75308.61,14606930.82,BOEHRINGER INGELHEIM,unspecified,none,South Africa,2024,4,10,533,0,0,0,0,24.62,1
BOEHRINGER INGELHEIM,POINT OF CONTACT,VGB,search,SPONSORED_VIDEOS,General Practitioner,2023-11-16,70387,24037,71032,2770248.0,0.3415,2.96,1622.03,2058.04,95.1754,120.7592,162.0593,Rheumatology,South Atlantic,436.01,26.8807,39.0,1200079357.0,16894.91,2752400.89,BOEHRINGER INGELHEIM,unspecified,none,British Virgin Islands,2023,4,11,883,1,0,0,0,17.04,1
BOEHRINGER INGELHEIM,POINT OF CONTACT,VNM,search,SPONSORED_VIDEOS,General Practitioner,2023-12-01,69638,16689,23695,924105.0,0.2397,1.42,2822.45,3352.2,273.8006,319.30539999999996,100.7023,Oncology,Pacific,529.75,18.7693,39.0,649121472.0,27394.87,1225329.11,BOEHRINGER INGELHEIM,unspecified,none,Vietnam,2023,4,12,868,1,0,0,0,10.31,1
BOEHRINGER INGELHEIM,POINT OF CONTACT,ZAF,search,EDITORIAL_VIDEOS,General Practitioner,2024-04-11,38483,8852,17312,675168.0,0.23,1.96,987.05,1167.58,101.8828,120.5168,75.4852,Oncology,Mountain,180.53,18.2896,39.0,806191230.0,46568.35,4465728.41,BOEHRINGER INGELHEIM,unspecified,none,South Africa,2024,2,4,736,1,0,0,0,9.69,1
BOEHRINGER INGELHEIM,POINT OF CONTACT,ZAF,search,EDITORIAL_VIDEOS,Not stated,2024-10-31,73822,21073,63037,2458443.0,0.2855,2.99,1253.68,1564.7,108.5371,135.4635,42.0673,Internal Medicine,West,311.02,24.8085,39.0,2969313151.0,47104.29,9547057.12,BOEHRINGER INGELHEIM,unspecified,none,South Africa,2024,4,10,533,1,0,0,0,11.55,1
BOEHRINGER-INGELHEIM,BRAND ALERT,USA,reference and tools,EDITORIAL_VIDEOS,Not stated,2025-12-03,63555,6076,15943,621777.0,0.0956,2.62,1678.53,1985.0,70.7171,83.6288,57.6875,Primary Care,Southwest,306.47,18.2583,39.0,2714215600.0,170244.97,8856356.06,BOEHRINGER INGELHEIM,unspecified,none,United States,2025,4,12,135,0,0,0,0,23.74,0
BOEHRINGER-INGELHEIM,BRAND ALERT,ZAF,search,EDITORIAL_VIDEOS,Not stated,2024-12-03,12748,1223,2810,109590.0,0.0959,2.3,2710.55,3213.4,180.2161,213.649,136.253,Cardiology,South Atlantic,502.85,18.5516,39.0,137877915.0,49066.87,274193.04,BOEHRINGER INGELHEIM,unspecified,none,South Africa,2024,4,12,500,0,0,0,0,15.04,1
BOEHRINGER-INGELHEIM,BRANDSPOT,USA,reference and tools,EDITORIAL_VIDEOS,Not stated,2025-12-03,32159,6162,22249,1512932.0,0.1916,3.61,2962.69,3996.06,201.2373,271.4276,146.274,Primary Care,West,1033.37,34.8794,68.0,1120420000.0,50358.22,1084240.25,BOEHRINGER INGELHEIM,unspecified,none,United States,2025,4,12,135,0,0,0,0,14.72,0
BOEHRINGER-INGELHEIM,EMAIL ALERT,USA,reference and tools,EDITORIAL_VIDEOS,Not stated,2025-12-03,59974,32617,113809,341427.0,0.5439,3.49,2216.69,3008.48,166.3622,225.7852,112.9181,Primary Care,South Atlantic,791.79,35.719,3.0,2106389600.0,18508.11,2660314.94,BOEHRINGER INGELHEIM,unspecified,none,United States,2025,4,12,135,0,0,0,0,13.32,0
BOEHRINGER-INGELHEIM,POINT OF CONTACT,USA,reference and tools,EDITORIAL_VIDEOS,Not stated,2025-12-03,55994,13653,23895,931905.0,0.2438,1.75,2226.53,2812.8,212.0495,267.8846,98.0467,Dermatology,Northeast,586.27,26.3312,39.0,1075603200.0,45013.74,1834651.13,BOEHRINGER INGELHEIM,unspecified,none,United States,2025,4,12,135,1,0,0,0,10.5,0
BRISTOL-MYERS SQUIBB,BRAND ALERT,USA,reference and tools,EDITORIAL_VIDEOS,Not stated,2025-03-07,29541,2449,10039,391521.0,0.0829,4.1,924.52,1186.35,56.7416,72.8112,78.2532,Cardiology,Northeast,261.83,28.3207,39.0,848038384.0,84474.39,3238888.97,BRISTOL MYERS SQUIBB,unspecified,none,United States,2025,1,3,406,0,0,0,0,16.29,0
BRISTOL-MYERS SQUIBB,BRAND ALERT,USA,search,EDITORIAL_VIDEOS,Not stated,2025-02-25,5152,1080,3061,119379.0,0.2096,2.83,215.82,248.87,21.1365,24.3732,20.2604,Neurology,Midwest,33.05,15.313,39.0,427418430.0,139633.59,12933001.52,BRISTOL MYERS SQUIBB,unspecified,none,United States,2025,1,2,416,0,0,0,0,10.21,0
BRISTOL-MYERS SQUIBB,BRAND ALERT,VIR,reference and tools,EDITORIAL_VIDEOS,Not stated,2025-11-17,12147,2638,9620,375180.0,0.2172,3.65,541.09,616.88,24.37,27.7833,48.5106,Urology,Southeast,75.79,14.0064,39.0,362880000.0,37721.41,4788129.51,BRISTOL MYERS SQUIBB,unspecified,none,U.S. Virgin Islands,2025,4,11,151,0,0,0,0,22.2,1
BRISTOL-MYERS SQUIBB,BRAND ALERT,ZAF,reference and tools,EDITORIAL_VIDEOS,Not stated,2025-02-20,1911,265,819,31941.0,0.1387,3.09,1018.71,1135.13,71.2545,79.3976,53.9361,Pulmonology,Southeast,116.42,11.4282,39.0,18720000.0,22857.14,160796.89,BRISTOL MYERS SQUIBB,unspecified,none,South Africa,2025,1,2,421,0,0,0,0,14.3,1
BRISTOL-MYERS SQUIBB,BRAND ALERT,ZAF,search,EDITORIAL_VIDEOS,Not stated,2025-02-27,1525,242,1087,42393.0,0.1587,4.49,803.22,852.69,55.8891,59.3311,51.784,Primary Care,South Atlantic,49.47,6.1586,39.0,13799456.0,12694.99,278964.05,BRISTOL MYERS SQUIBB,unspecified,none,South Africa,2025,1,2,414,0,0,0,0,14.37,1
BRISTOL-MYERS SQUIBB,BRANDSPOT,USA,search,EDITORIAL_VIDEOS,Not stated,2025-02-25,3021,814,2997,203796.0,0.2694,3.68,537.23,656.46,33.4552,40.8805,23.9398,Dermatology,Southeast,119.23,22.1949,68.0,55352052.0,18469.15,464218.4,BRISTOL MYERS SQUIBB,unspecified,none,United States,2025,1,2,416,0,0,0,0,16.06,0
BRISTOL-MYERS SQUIBB,TARGET LIST MEDIA,USA,search,EDITORIAL_VIDEOS,Not stated,2025-02-27,1913,165,582,22698.0,0.0863,3.53,1105.52,1190.25,71.0941,76.5428,37.0374,Internal Medicine,Southwest,84.73,7.6642,39.0,34397214.0,59101.74,405965.92,BRISTOL MYERS SQUIBB,unspecified,none,United States,2025,1,2,414,1,0,0,0,15.55,0
BRISTOL-MYERS SQUIBB,TARGET LIST MEDIA,ZAF,search,EDITORIAL_VIDEOS,Not stated,2025-02-27,1065,226,851,33189.0,0.2122,3.77,972.62,1070.14,39.0414,42.9559,54.8684,Hematology,Southeast,97.52,10.0264,39.0,13799456.0,16215.58,141505.77,BRISTOL MYERS SQUIBB,unspecified,none,South Africa,2025,1,2,414,1,0,0,0,24.91,1
CALLIDITAS,EMAIL ALERT,UNKNOWN,unknown,UNKNOWN,UNKNOWN,2026-02-17,1629,840,1404,4212.0,0.5157,1.67,464.9,554.08,26.9169,32.0804,21.6464,Hematology,Mid-Atlantic,89.18,19.1828,3.0,40996800.0,29200.0,459708.8,CALLIDITAS,unspecified,none,Unknown,2026,1,2,59,0,0,0,1,17.27,0
DAY ONE BIOPHARMACEUTICALS,BRAND ALERT,USA,reference and tools,EDITORIAL_VIDEOS,Not stated,2025-10-23,1202,149,279,10881.0,0.124,1.87,845.29,932.97,88.9832,98.2129,46.1602,Rheumatology,Mountain,87.68,10.3724,39.0,44496000.0,159483.87,507498.59,DAY ONE BIOPHARMACEUTICALS,unspecified,none,United States,2025,4,10,176,0,0,0,0,9.5,0
DAY ONE BIOPHARMACEUTICALS,EMAIL ALERT,UNKNOWN,unknown,UNKNOWN,UNKNOWN,2025-03-14,901,229,814,2442.0,0.2542,3.55,795.75,870.28,43.4435,47.5121,29.5319,Cardiology,Southwest,74.53,9.3653,3.0,11904000.0,14624.08,159732.88,DAY ONE BIOPHARMACEUTICALS,unspecified,none,Unknown,2025,1,3,399,0,0,0,1,18.32,0
DAY ONE BIOPHARMACEUTICALS,EMAIL ALERT,USA,reference and tools,EDITORIAL_VIDEOS,Not stated,2025-10-23,1229,651,1842,5526.0,0.5297,2.83,601.19,715.3,56.8395,67.6282,21.4368,Rheumatology,West,114.11,18.981,3.0,22248000.0,12078.18,194967.42,DAY ONE BIOPHARMACEUTICALS,unspecified,none,United States,2025,4,10,176,0,0,0,0,10.58,0
DAY_ONE_BIO,BRAND ALERT,USA,search,EDITORIAL_VIDEOS,General Practitioner,2024-03-26,661,109,402,15678.0,0.1649,3.69,566.96,631.51,66.4978,74.0693,20.5813,Dermatology,Southwest,64.55,11.3861,39.0,48735000.0,121231.34,754949.62,DAY ONE BIOPHARMACEUTICALS,unspecified,none,United States,2024,1,3,752,0,0,0,0,8.53,0
DAY_ONE_BIO,EMAIL ALERT,UNKNOWN,unknown,UNKNOWN,UNKNOWN,2025-03-14,6297,2593,3992,11976.0,0.4118,1.54,543.56,684.78,22.1838,27.9473,18.4336,Gastroenterology,Midwest,141.22,25.9809,3.0,90024000.0,22551.1,637464.2,DAY ONE BIOPHARMACEUTICALS,unspecified,none,Unknown,2025,1,3,399,0,0,0,1,24.5,0
DAY_ONE_BIO,EMAIL ALERT,USA,search,EDITORIAL_VIDEOS,General Practitioner,2024-03-26,12173,5541,16458,49374.0,0.4552,2.97,817.16,990.63,38.6359,46.8381,77.4527,Gastroenterology,West,173.47,21.2295,3.0,219849000.0,13358.18,1267300.45,DAY ONE BIOPHARMACEUTICALS,unspecified,none,United States,2024,1,3,752,0,0,0,0,21.15,0
EISAI,BRAND ALERT,USA,search,EDITORIAL_VIDEOS,General Practitioner,2024-04-29,2995,553,1354,52806.0,0.1846,2.45,642.41,789.66,26.0487,32.0194,23.9738,Internal Medicine,Pacific,147.25,22.9211,39.0,126321000.0,93294.68,857884.21,EISAI,unspecified,none,United States,2024,2,4,718,0,0,0,0,24.66,0
EISAI,BRAND ALERT,USA,reference and tools,EDITORIAL_VIDEOS,Not stated,2025-04-04,13534,3254,8812,343668.0,0.2404,2.71,1031.86,1218.2,63.9957,75.5523,41.2161,Nephrology,Mountain,186.34,18.0583,39.0,174150000.0,19762.82,934595.4,EISAI,unspecified,none,United States,2025,2,4,378,0,0,0,0,16.12,0
EISAI,BRAND ALERT,VIR,reference and tools,EDITORIAL_VIDEOS,Not stated,2025-04-04,14743,3546,11322,441558.0,0.2405,3.19,869.6,1079.31,51.0079,63.3087,59.6685,Pulmonology,Mountain,209.71,24.1153,39.0,54000000.0,4769.48,257501.48,EISAI,unspecified,none,U.S. Virgin Islands,2025,2,4,378,0,0,0,0,17.05,1
EISAI,BRAND ALERT,ZAF,search,EDITORIAL_VIDEOS,Physician Assistant,2024-04-29,9629,2189,6255,243945.0,0.2273,2.86,269.93,332.29,24.8516,30.593,9.2676,Oncology,Mountain,62.36,23.1028,39.0,267884760.0,42827.3,4295660.54,EISAI,unspecified,none,South Africa,2024,2,4,718,0,0,0,0,10.86,1
EISAI,BRAND ALERT,ZMB,search,EDITORIAL_VIDEOS,General Practitioner,2024-04-29,13990,2632,7847,306033.0,0.1881,2.98,840.17,1004.03,68.8808,82.3151,64.81,Oncology,Mountain,163.86,19.5038,39.0,119244000.0,15196.13,727699.27,EISAI,unspecified,none,Zambia,2024,2,4,718,0,0,0,0,12.2,1
EISAI,TARGET LIST MEDIA,UNKNOWN,unknown,UNKNOWN,UNKNOWN,2026-04-17,1775,341,956,37284.0,0.1921,2.8,471.15,520.54,21.1701,23.3892,19.9715,Cardiology,South Atlantic,49.39,10.4825,39.0,5820000.0,6087.87,117842.23,EISAI,unspecified,none,Unknown,2026,2,4,0,1,0,0,1,22.26,0
EMD SERONO,BRAND ALERT,USA,reference and tools,EDITORIAL_VIDEOS,Not stated,2025-02-21,1516,295,752,29328.0,0.1946,2.55,792.81,905.16,56.4072,64.4003,54.685,Cardiology,Mountain,112.35,14.1703,39.0,33677762.0,44784.26,299773.58,EMD SERONO,unspecified,none,United States,2025,1,2,420,0,0,0,0,14.06,0
EMD SERONO,EMAIL ALERT,UNKNOWN,unknown,UNKNOWN,UNKNOWN,2026-01-15,795,335,1255,3765.0,0.4214,3.75,880.13,1011.54,39.9047,45.8625,47.2488,Primary Care,Mountain,131.41,14.9301,3.0,6944000.0,5533.07,52844.31,EMD SERONO,unspecified,none,Unknown,2026,1,1,92,0,0,0,1,22.06,0
EMD SERONO,EMAIL ALERT,USA,reference and tools,EDITORIAL_VIDEOS,Not stated,2025-02-21,9892,2854,3539,10617.0,0.2885,1.24,430.83,535.66,21.4843,26.7119,17.6691,Gastroenterology,Mountain,104.83,24.3324,3.0,105877150.0,29917.25,1009978.47,EMD SERONO,unspecified,none,United States,2025,1,2,420,0,0,0,0,20.05,0
FERRING,BRAND ALERT,USA,search,EDITORIAL_VIDEOS,General Practitioner,2024-03-15,8863,1931,6130,239070.0,0.2179,3.17,656.86,752.18,59.6499,68.3062,30.887,Primary Care,South Atlantic,95.32,14.512,39.0,76500000.0,12479.61,802534.18,FERRING,unspecified,none,United States,2024,1,3,763,0,0,0,0,11.01,0
FERRING,BRAND ALERT,USA,reference and tools,EDITORIAL_VIDEOS,General Practitioner,2025-04-29,837,183,561,21879.0,0.2186,3.07,390.32,430.04,23.4759,25.8646,21.0417,Oncology,Northeast,39.72,10.1749,39.0,3640000.0,6488.41,91652.79,FERRING,unspecified,none,United States,2025,2,4,353,0,0,0,0,16.63,0
FERRING,EMAIL ALERT,USA,search,EDITORIAL_VIDEOS,General Practitioner,2024-03-15,2878,1259,4486,13458.0,0.4375,3.56,252.34,311.21,12.9301,15.9468,15.2685,Nephrology,Southwest,58.87,23.3303,3.0,184500000.0,41127.95,3133952.71,FERRING,unspecified,none,United States,2024,1,3,763,0,0,0,0,19.52,0
FERRING,EMAIL ALERT,USA,reference and tools,EDITORIAL_VIDEOS,General Practitioner,2025-04-29,1576,781,2481,7443.0,0.4956,3.18,578.48,715.28,48.2239,59.6282,21.5904,Urology,Southwest,136.8,23.6486,3.0,17360000.0,6997.18,126899.02,FERRING,unspecified,none,United States,2025,2,4,353,0,0,0,0,12.0,0
GILEAD,BRAND ALERT,USA,search,EDITORIAL_VIDEOS,General Practitioner,2022-11-09,36271,6918,27176,1059864.0,0.1907,3.93,562.94,758.31,25.4476,34.2789,43.7195,Urology,West,195.37,34.7037,39.0,1457845450.0,53644.59,7462263.3,GILEAD,unspecified,none,United States,2022,4,11,1255,0,0,0,0,22.12,0
GILEAD,BRAND ALERT,VGB,search,SPONSORED_VIDEOS,Not stated,2023-12-20,92185,10613,46325,1806675.0,0.1151,4.36,1195.48,1467.56,69.2548,85.0164,64.266,Cardiology,Mid-Atlantic,272.08,22.7589,39.0,15603500565.0,336826.78,57349212.57,GILEAD,unspecified,none,British Virgin Islands,2023,4,12,849,0,0,0,0,17.26,1
GILEAD,BRAND ALERT,ZAF,search,EDITORIAL_VIDEOS,Not stated,2024-06-19,716,90,209,39.94,0.1257,2.32,646.35,678.64,59.797,62.784,23.0222,Nephrology,Southwest,32.29,4.9953,39.0,45.0,0.22,1.39,GILEAD,unspecified,none,South Africa,2024,2,6,667,0,1,1,0,10.81,1
GILEAD,BRAND ALERT,ZAF,reference and tools,EDITORIAL_VIDEOS,Not stated,2024-11-18,36243,4221,8232,321048.0,0.1165,1.95,533.57,679.0,29.7905,37.9104,19.8228,Rheumatology,Southeast,145.43,27.2569,39.0,2635702758.0,320177.69,18122971.96,GILEAD,unspecified,none,South Africa,2024,4,11,515,0,0,0,0,17.91,1
GILEAD,EMAIL ALERT,UNKNOWN,unknown,UNKNOWN,UNKNOWN,2024-10-10,54099,19647,51040,153120.0,0.3632,2.6,780.48,1017.18,31.2251,40.6952,43.3144,Oncology,Mid-Atlantic,236.7,30.3284,3.0,3018199997.0,59134.01,12750849.01,GILEAD,unspecified,none,Unknown,2024,4,10,554,0,0,0,1,25.0,0
GILEAD,EMAIL ALERT,USA,search,EDITORIAL_VIDEOS,General Practitioner,2022-11-09,23571,6168,13262,39786.0,0.2617,2.15,288.77,347.56,27.3483,32.9166,11.4308,Urology,Mountain,58.79,20.3604,3.0,1530737722.0,115422.84,26035522.38,GILEAD,unspecified,none,United States,2022,4,11,1255,0,0,0,0,10.56,0
GILEAD,EMAIL ALERT,VGB,search,SPONSORED_VIDEOS,Not stated,2023-12-20,118044,51405,166004,498012.0,0.4355,3.23,1161.67,1690.06,53.0808,77.2249,43.8974,Nephrology,Mountain,528.39,45.4856,3.0,14662396791.0,88325.56,27749184.72,GILEAD,unspecified,none,British Virgin Islands,2023,4,12,849,0,0,0,0,21.88,1
GILEAD,EMAIL ALERT,ZAF,search,EDITORIAL_VIDEOS,Not stated,2024-06-19,514,180,757,24.26,0.3502,4.21,834.96,967.32,72.4524,83.9374,30.0586,Nephrology,South Atlantic,132.36,15.8518,3.0,37.0,0.05,0.28,GILEAD,unspecified,none,South Africa,2024,2,6,667,0,1,1,0,11.52,1
GILEAD,EMAIL ALERT,ZAF,reference and tools,EDITORIAL_VIDEOS,Not stated,2024-11-18,272300,121640,201810,605430.0,0.4467,1.66,954.84,1457.56,44.8268,68.4282,45.7076,Oncology,Mid-Atlantic,502.72,52.6501,3.0,6037336232.0,29915.94,12009257.96,GILEAD,unspecified,none,South Africa,2024,4,11,515,0,0,0,0,21.3,1
GILEAD,TARGET LIST MEDIA,UNKNOWN,unknown,UNKNOWN,UNKNOWN,2023-06-02,64216,8602,13183,514137.0,0.134,1.53,370.48,439.68,18.0828,21.4604,26.2951,Endocrinology,Southeast,69.2,18.6784,39.0,2906923152.0,220505.44,42007948.88,GILEAD,unspecified,none,Unknown,2023,2,6,1050,1,0,0,1,20.49,0
GILEAD,TARGET LIST MEDIA,USA,search,EDITORIAL_VIDEOS,General Practitioner,2022-11-09,63984,11224,22951,895089.0,0.1754,2.04,609.48,752.36,46.4955,57.3956,40.3463,Nephrology,South Atlantic,142.88,23.4433,39.0,1202722496.0,52403.93,8417593.01,GILEAD,unspecified,none,United States,2022,4,11,1255,1,0,0,0,13.11,0
GILEAD,TARGET LIST MEDIA,VGB,search,SPONSORED_VIDEOS,Not stated,2023-12-20,120774,15421,55455,2162745.0,0.1277,3.6,622.69,813.68,45.9923,60.0989,39.1286,Nephrology,West,190.99,30.6718,39.0,15245881131.0,274923.47,79825588.33,GILEAD,unspecified,none,British Virgin Islands,2023,4,12,849,1,0,0,0,13.54,1
GILEAD,TARGET LIST MEDIA,ZAF,search,EDITORIAL_VIDEOS,Not stated,2024-06-19,1020,118,372,7.06,0.1157,3.15,1021.81,1126.7,47.5859,52.4709,46.7089,Hematology,Mid-Atlantic,104.89,10.2655,0.02,9.0,0.02,0.09,GILEAD,unspecified,none,South Africa,2024,2,6,667,1,1,1,0,21.47,1
GILEAD,TARGET LIST MEDIA,ZAF,reference and tools,EDITORIAL_VIDEOS,Not stated,2024-11-18,200151,29911,45982,1793298.0,0.1494,1.54,201.24,264.88,12.7007,16.7172,18.8845,Gastroenterology,Mountain,63.64,31.6248,39.0,8199964136.0,178329.87,128847959.11,GILEAD,unspecified,none,South Africa,2024,4,11,515,1,0,0,0,15.84,1
GSK,BRAND ALERT,USA,search,SPONSORED_VIDEOS,General Practitioner,2024-07-31,4027,796,3368,131352.0,0.1977,4.23,500.85,599.38,24.5229,29.3468,22.0438,Primary Care,Mountain,98.53,19.6709,39.0,98115863.0,29131.79,995873.88,GSK,unspecified,none,United States,2024,3,7,625,0,0,0,0,20.42,0
GSK,BRAND ALERT,USA,search,SPONSORED_VIDEOS,Psychologist,2023-11-16,4695,653,2486,96954.0,0.1391,3.81,1181.24,1328.28,112.3304,126.3134,68.3306,Oncology,Midwest,147.04,12.448,39.0,70923600.0,28529.2,482339.67,GSK,unspecified,none,United States,2023,4,11,883,0,0,0,0,10.52,0
GSK,BRAND ALERT,VGB,search,EDITORIAL_VIDEOS,General Practitioner,2024-03-04,1995,477,608,23712.0,0.2391,1.27,674.89,773.44,30.0036,34.385,42.4328,Hematology,South Atlantic,98.55,14.6026,39.0,8060488.0,13257.38,81790.12,GSK,unspecified,none,British Virgin Islands,2024,1,3,774,0,0,0,0,22.49,1
GSK,BRAND ALERT,ZAF,search,SPONSORED_VIDEOS,General Practitioner,2024-11-22,1586,137,458,17862.0,0.0864,3.34,582.53,621.58,29.003,30.9474,21.1137,Nephrology,Northeast,39.05,6.7043,39.0,27663942.0,60401.62,708348.73,GSK,unspecified,none,South Africa,2024,4,11,511,0,0,0,0,20.09,1
GSK,EMAIL ALERT,UNKNOWN,unknown,UNKNOWN,UNKNOWN,2023-11-16,7258,2724,10201,30603.0,0.3753,3.74,319.83,380.16,13.6574,16.2336,16.6577,Endocrinology,Northeast,60.33,18.8634,3.0,353815537.0,34684.4,5864600.07,GSK,unspecified,none,Unknown,2023,4,11,883,0,0,0,1,23.42,0
GSK,EMAIL ALERT,USA,search,EDITORIAL_VIDEOS,General Practitioner,2023-05-02,1092,589,1434,4302.0,0.5394,2.43,1174.16,1441.56,114.549,140.6354,98.6605,Primary Care,South Atlantic,267.4,22.7732,3.0,14058850.0,9803.94,52577.13,GSK,unspecified,none,United States,2023,2,5,1081,0,0,0,0,10.25,0
GSK,EMAIL ALERT,USA,search,SPONSORED_VIDEOS,General Practitioner,2024-07-31,2391,990,1413,4239.0,0.4141,1.43,220.03,266.7,12.1688,14.75,8.2919,Oncology,Pacific,46.67,21.2117,3.0,249562486.0,176618.89,5347223.11,GSK,unspecified,none,United States,2024,3,7,625,0,0,0,0,18.08,0
GSK,EMAIL ALERT,VGB,search,EDITORIAL_VIDEOS,General Practitioner,2024-03-04,918,346,503,1509.0,0.3769,1.45,937.18,1060.74,51.5358,58.3305,85.5652,Cardiology,South Atlantic,123.56,13.1845,3.0,5373659.0,10683.22,43489.27,GSK,unspecified,none,British Virgin Islands,2024,1,3,774,0,0,0,0,18.19,1
GSK,EMAIL ALERT,VIR,search,EDITORIAL_VIDEOS,General Practitioner,2024-04-10,788,331,511,1533.0,0.4201,1.54,968.6,1167.53,69.1421,83.3425,39.4783,Hematology,West,198.93,20.538,3.0,23730000.0,46438.36,119287.36,GSK,unspecified,none,U.S. Virgin Islands,2024,2,4,737,0,0,0,0,14.01,1
HORIZON,BRAND ALERT,USA,search,SPONSORED_VIDEOS,General Practitioner,2024-07-31,14666,2609,10366,404274.0,0.1779,3.97,443.66,518.66,28.0903,32.8391,17.4132,Primary Care,Mountain,75.0,16.9055,39.0,82607249.0,7969.06,1101397.32,HORIZON,unspecified,none,United States,2024,3,7,625,0,0,0,0,15.79,0
HORIZON,BRAND ALERT,USA,search,SPONSORED_VIDEOS,Psychologist,2023-11-16,730,149,626,24414.0,0.2041,4.2,871.56,982.76,100.8085,113.6709,51.1116,Oncology,Southeast,111.2,12.7593,39.0,3940200.0,6294.25,35431.95,HORIZON,unspecified,none,United States,2023,4,11,883,0,0,0,0,8.65,0
HORIZON,EMAIL ALERT,UNKNOWN,unknown,UNKNOWN,UNKNOWN,2023-11-16,8184,2359,3786,11358.0,0.2882,1.6,292.93,346.2,14.1651,16.7412,11.0557,Hematology,Pacific,53.27,18.186,3.0,175313608.0,46305.76,3290901.28,HORIZON,unspecified,none,Unknown,2023,4,11,883,0,0,0,1,20.68,0
HORIZON,EMAIL ALERT,USA,search,EDITORIAL_VIDEOS,General Practitioner,2024-08-19,1551,504,997,2991.0,0.325,1.98,457.05,534.26,26.3603,30.8135,22.5,Endocrinology,Mid-Atlantic,77.21,16.8936,3.0,5091950.0,5107.27,65948.05,HORIZON,unspecified,none,United States,2024,3,8,606,0,0,0,0,17.34,0
HORIZON,EMAIL ALERT,VGB,search,EDITORIAL_VIDEOS,General Practitioner,2024-03-04,634,268,467,1401.0,0.4227,1.74,987.9,1133.47,109.9918,126.1995,51.2773,Oncology,Pacific,145.57,14.7354,3.0,5373659.0,11506.76,36914.27,HORIZON,unspecified,none,British Virgin Islands,2024,1,3,774,0,0,0,0,8.98,1
HORIZON THERAPEUTICS,EMAIL ALERT,UNKNOWN,unknown,UNKNOWN,UNKNOWN,2025-03-31,23392,11933,21656,64968.0,0.5101,1.81,1064.69,1429.05,54.3961,73.0118,97.6054,Oncology,Southeast,364.36,34.2226,3.0,4724469096.0,218159.82,12966374.96,HORIZON,unspecified,none,Unknown,2025,1,3,382,0,0,0,1,19.57,0
INTRA-CELLULAR THERAPIES,EMAIL ALERT,UNKNOWN,unknown,UNKNOWN,UNKNOWN,2026-01-27,5104,2136,8466,25398.0,0.4185,3.96,190.38,252.24,11.9468,15.8291,12.0487,Anesthesiology,Southwest,61.86,32.496,3.0,79040000.0,9336.17,1277627.24,INTRA-CELLULAR THERAPIES,unspecified,none,Unknown,2026,1,1,80,0,0,0,1,15.94,0
J&J,EMAIL ALERT,UNKNOWN,unknown,UNKNOWN,UNKNOWN,2026-02-03,1571,505,1159,3477.0,0.3215,2.3,706.84,825.86,82.3261,96.1881,24.6972,Internal Medicine,Mountain,119.02,16.838,3.0,36816000.0,31765.31,309333.38,JANSSEN,unspecified,none,Unknown,2026,1,2,73,0,0,0,1,8.59,0
JANSSEN,BRANDSTORY,ZAF,search,SPONSORED_VIDEOS,Psychologist,2023-11-10,14790,5075,11305,440895.0,0.3431,2.23,359.3,441.73,14.6755,18.0419,20.1443,Pulmonology,Northeast,82.43,22.9394,39.0,117110832.0,10359.21,1420862.38,JANSSEN,unspecified,none,South Africa,2023,4,11,889,1,0,0,0,24.48,1
JANSSEN,EMAIL ALERT,UNKNOWN,unknown,UNKNOWN,UNKNOWN,2023-04-27,115222,54381,106065,318195.0,0.472,1.95,263.11,365.83,10.9016,15.1577,12.5685,Internal Medicine,South Atlantic,102.72,39.0408,3.0,8179435811.0,77117.2,79628565.43,JANSSEN,unspecified,none,Unknown,2023,2,4,1086,0,0,0,1,24.13,0
JANSSEN,EMAIL ALERT,USA,reference and tools,SPONSORED_VIDEOS,Psychologist,2023-11-22,26837,8627,27658,82974.0,0.3215,3.21,317.65,437.79,18.9989,26.1845,15.3896,Nephrology,South Atlantic,120.14,37.821,3.0,1009584000.0,36502.42,8403542.53,JANSSEN,unspecified,none,United States,2023,4,11,877,0,0,0,0,16.72,0
JANSSEN,TARGET LIST MEDIA,ZAF,search,SPONSORED_VIDEOS,Psychologist,2023-11-10,29039,3858,9458,368862.0,0.1329,2.45,427.36,532.42,44.5515,55.5038,19.5958,Cardiology,Northeast,105.06,24.5833,39.0,936886656.0,99057.59,8917748.5,JANSSEN,unspecified,none,South Africa,2023,4,11,889,1,0,0,0,9.59,1
JANSSEN BIOTECH,BRAND ALERT,USA,reference and tools,EDITORIAL_VIDEOS,General Practitioner,2025-11-10,1304,222,811,31629.0,0.1702,3.65,541.67,605.36,26.0063,29.064,48.2491,Nephrology,Pacific,63.69,11.7574,39.0,17056000.0,21030.83,267810.79,JANSSEN,unspecified,none,United States,2025,4,11,158,0,0,0,0,20.83,0
JANSSEN BIOTECH,BRAND ALERT,USA,reference and tools,EDITORIAL_VIDEOS,Not stated,2025-12-23,598,98,184,0.77,0.1639,1.88,580.91,647.84,35.5018,39.5919,33.6886,Endocrinology,Mountain,66.93,11.5209,39.0,1.0,0.01,0.01,JANSSEN,unspecified,none,United States,2025,4,12,115,0,1,1,0,16.36,0
JANSSEN BIOTECH,EMAIL ALERT,UNKNOWN,unknown,UNKNOWN,UNKNOWN,2025-11-05,34115,12516,47557,142671.0,0.3669,3.8,546.32,669.06,41.5719,50.9114,22.333,Internal Medicine,Southwest,122.74,22.4658,3.0,4527904000.0,95210.04,36891551.05,JANSSEN,unspecified,none,Unknown,2025,4,11,163,0,0,0,1,13.14,0
JANSSEN BIOTECH,EMAIL ALERT,USA,reference and tools,EDITORIAL_VIDEOS,General Practitioner,2025-11-10,1225,415,1324,3972.0,0.3388,3.19,439.06,492.86,26.8468,30.1367,31.336,Primary Care,West,53.8,12.2542,3.0,11808000.0,8918.43,219467.8,JANSSEN,unspecified,none,United States,2025,4,11,158,0,0,0,0,16.35,0
JANSSEN BIOTECH,EMAIL ALERT,USA,reference and tools,EDITORIAL_VIDEOS,Not stated,2025-12-23,1460,408,643,0.0,0.2795,1.58,709.72,812.56,42.0414,48.1328,50.4368,Dermatology,Southeast,102.84,14.4891,3.0,0.0,0.0,0.0,JANSSEN,unspecified,none,United States,2025,4,12,115,0,1,1,0,16.88,0
JANSSEN CNS,EMAIL ALERT,UNKNOWN,unknown,UNKNOWN,UNKNOWN,2025-11-11,47482,12632,32437,97311.0,0.266,2.57,1025.29,1250.04,58.3673,71.1619,100.5004,Pulmonology,Pacific,224.75,21.9209,3.0,552448000.0,17031.41,2458039.81,JANSSEN,unspecified,none,Unknown,2025,4,11,157,0,0,0,1,17.57,0
JANSSEN PHARMACEUTICALS,EMAIL ALERT,UNKNOWN,unknown,UNKNOWN,UNKNOWN,2025-11-10,62716,33713,136524,409572.0,0.5376,4.05,479.7,638.39,30.947,41.1843,25.5847,Rheumatology,Mid-Atlantic,158.69,33.0801,3.0,3442120000.0,25212.56,21691336.69,JANSSEN,unspecified,none,Unknown,2025,4,11,158,0,0,0,1,15.5,0
JANSSEN_DARZALEX,EMAIL ALERT,UNKNOWN,unknown,UNKNOWN,UNKNOWN,2024-11-12,23110,11650,49463,148389.0,0.5041,4.25,1142.39,1670.78,62.4329,91.3102,41.309,Dermatology,Midwest,528.39,46.2533,3.0,3331723200.0,67357.89,6305404.06,JANSSEN,DARZALEX,none,Unknown,2024,4,11,521,0,0,0,1,18.3,0
JANSSEN_DARZALEX_MDALERT,EMAIL ALERT,UNKNOWN,unknown,UNKNOWN,UNKNOWN,2025-04-29,12882,4592,12567,37701.0,0.3565,2.74,1073.34,1334.05,45.4448,56.4833,97.24,Pulmonology,South Atlantic,260.71,24.29,3.0,109257188.0,8693.98,419069.79,JANSSEN,DARZALEX,MDALERT,Unknown,2025,2,4,353,0,0,0,1,23.62,0
JANSSEN_ERLEADA,EMAIL ALERT,UNKNOWN,unknown,UNKNOWN,UNKNOWN,2024-11-12,264064,141813,395199,1185597.0,0.537,2.79,361.76,546.12,25.5509,38.5721,26.1724,Gastroenterology,Pacific,184.36,50.9615,3.0,5902291200.0,14934.99,32014943.09,JANSSEN,ERLEADA,none,Unknown,2024,4,11,521,0,0,0,1,14.16,0
JANSSEN_INVEGA,EMAIL ALERT,UNKNOWN,unknown,UNKNOWN,UNKNOWN,2024-11-12,32412,14683,62122,186366.0,0.453,4.23,986.28,1344.87,48.4962,66.1288,60.8749,Gastroenterology,Midwest,358.59,36.3587,3.0,1242608000.0,20002.7,3465192.28,JANSSEN,INVEGA,none,Unknown,2024,4,11,521,0,0,0,1,20.34,0
JANSSEN_RYBREVANT,EMAIL ALERT,UNKNOWN,unknown,UNKNOWN,UNKNOWN,2025-06-12,1741,687,2155,6465.0,0.3946,3.14,774.59,908.49,33.3792,39.1494,31.4432,Oncology,Southeast,133.9,17.2867,3.0,43335000.0,20109.05,323634.89,JANSSEN,RYBREVANT,none,Unknown,2025,2,6,309,0,0,0,1,23.21,0
JANSSEN_SPRAVATO,EMAIL ALERT,UNKNOWN,unknown,UNKNOWN,UNKNOWN,2024-11-13,48270,19207,25130,75390.0,0.3979,1.31,766.58,958.43,48.6664,60.8466,33.603,Nephrology,South Atlantic,191.85,25.028,3.0,3448599600.0,137230.39,17974710.16,JANSSEN,SPRAVATO,none,Unknown,2024,4,11,520,0,0,0,1,15.75,0
JANSSEN_TALVEY,EMAIL ALERT,UNKNOWN,unknown,UNKNOWN,UNKNOWN,2024-11-12,21910,6024,25373,76119.0,0.2749,4.21,591.04,743.36,38.0367,47.8391,32.2641,Pulmonology,South Atlantic,152.32,25.7708,3.0,1148431000.0,45261.93,7539780.1,JANSSEN,TALVEY,none,Unknown,2024,4,11,521,0,0,0,1,15.54,0
JANSSEN_TECVAYLI,EMAIL ALERT,UNKNOWN,unknown,UNKNOWN,UNKNOWN,2024-11-12,60453,16776,33873,101619.0,0.2775,2.02,701.15,874.09,38.4489,47.9322,27.8441,Rheumatology,Southwest,172.94,24.6649,3.0,1750049200.0,51665.02,10119491.34,JANSSEN,TECVAYLI,none,Unknown,2024,4,11,521,0,0,0,1,18.24,0
JANSSEN_TREMFYAPSA,EMAIL ALERT,UNKNOWN,unknown,UNKNOWN,UNKNOWN,2024-11-12,170982,73647,228761,686283.0,0.4307,3.11,597.18,828.2,33.0775,45.8734,26.9089,Pulmonology,Pacific,231.02,38.6846,3.0,6272550583.0,27419.67,27151973.14,JANSSEN,TREMFYA,PSA,Unknown,2024,4,11,521,0,0,0,1,18.05,0
JANSSEN_TREMFYAPSO,EMAIL ALERT,UNKNOWN,unknown,UNKNOWN,UNKNOWN,2024-11-12,201626,83898,146502,439506.0,0.4161,1.75,739.73,1089.74,34.0702,50.1908,26.4939,Cardiology,Mountain,350.01,47.3159,3.0,10911541191.0,74480.49,31174833.41,JANSSEN,TREMFYA,PSO,Unknown,2024,4,11,521,0,0,0,1,21.71,0
JAZZ PHARMACEUTICALS,BRAND ALERT,USA,reference and tools,EDITORIAL_VIDEOS,Unmapped code 19,2026-01-27,892,103,135,5265.0,0.1155,1.31,827.95,887.68,51.4248,55.1346,31.4087,Dermatology,Northeast,59.73,7.214,39.0,1500000.0,11111.11,25113.64,JAZZ PHARMACEUTICALS,unspecified,none,United States,2026,1,1,80,0,0,0,0,16.1,0
JAZZ PHARMACEUTICALS,EMAIL ALERT,USA,reference and tools,EDITORIAL_VIDEOS,General Practitioner,2025-02-13,706,376,837,2511.0,0.5326,2.23,874.3,1056.55,35.0646,42.3735,58.0691,Cardiology,Northeast,182.25,20.8442,3.0,15744000.0,18810.04,86390.86,JAZZ PHARMACEUTICALS,unspecified,none,United States,2025,1,2,428,0,0,0,0,24.93,0
JAZZ_ZEPZELCA_BA,BRAND ALERT,USA,reference and tools,EDITORIAL_VIDEOS,General Practitioner,2025-02-13,1538,327,1234,48126.0,0.2126,3.77,732.48,808.72,81.2873,89.7475,47.475,Rheumatology,West,76.24,10.4077,39.0,31488000.0,25517.02,413040.67,JAZZ PHARMACEUTICALS,ZEPZELCA,BA,United States,2025,1,2,428,0,0,0,0,9.01,0
JAZZ_ZEPZELCA_EA,EMAIL ALERT,USA,reference and tools,EDITORIAL_VIDEOS,General Practitioner,2025-02-13,7977,2265,4792,14376.0,0.2839,2.12,921.42,1062.08,114.4076,131.8719,73.6717,Pulmonology,Mid-Atlantic,140.66,15.265,3.0,74784000.0,15606.01,531683.01,JAZZ PHARMACEUTICALS,ZEPZELCA,EA,United States,2025,1,2,428,0,0,0,0,8.05,0
LILLY,BRAND ALERT,IND,news and perspectives,UNKNOWN,Unmapped code 15,2021-11-23,1391,331,637,24843.0,0.238,1.92,1252.09,1396.42,66.3065,73.9499,74.7994,Hematology,Midwest,144.33,11.5274,39.0,13005396.0,20416.63,90106.57,LILLY,unspecified,none,India,2021,4,11,1606,0,0,0,0,18.88,1
LILLY,BRAND ALERT,USA,news and perspectives,UNKNOWN,Other Medical,2021-11-16,1984,487,926,36114.0,0.2455,1.9,1478.34,1624.89,113.0804,124.2895,49.2931,Nephrology,Pacific,146.55,9.9125,39.0,30776076.0,33235.5,210016.75,LILLY,unspecified,none,United States,2021,4,11,1613,0,0,0,0,13.07,0
LILLY,BRAND ALERT,USA,reference and tools,UNKNOWN,Other,2021-12-07,1363,339,983,38337.0,0.2487,2.9,3419.95,3760.54,282.9563,311.1356,188.7909,Cardiology,Mid-Atlantic,340.59,9.9589,39.0,22773912.0,23167.76,66866.39,LILLY,unspecified,none,United States,2021,4,12,1592,0,0,0,0,12.09,0
LILLY,BRAND ALERT,USA,search,UNKNOWN,General Practitioner,2022-10-03,66942,5991,26475,1032525.0,0.0895,4.42,1832.09,2101.25,137.7274,157.9617,127.1422,Cardiology,Southwest,269.16,14.6915,39.0,4371138741.0,165104.39,16239803.2,LILLY,unspecified,none,United States,2022,4,10,1292,0,0,0,0,13.3,0
LILLY,BRAND ALERT,USA,search,EDITORIAL_VIDEOS,General Practitioner,2022-10-04,71560,14690,39878,1555242.0,0.2053,2.71,873.26,1079.26,70.6933,87.37,34.585,Urology,South Atlantic,206.0,23.5903,39.0,4582576811.0,114914.91,22245055.14,LILLY,unspecified,none,United States,2022,4,10,1291,0,0,0,0,12.35,0
LILLY,BRAND ALERT,VGB,search,EDITORIAL_VIDEOS,General Practitioner,2024-03-04,10755,1858,5646,220194.0,0.1728,3.04,1292.13,1560.91,151.5976,183.1316,61.9745,Pulmonology,Mountain,268.78,20.8011,39.0,333166500.0,59009.3,1239559.46,LILLY,unspecified,none,British Virgin Islands,2024,1,3,774,0,0,0,0,8.52,1
LILLY,BRAND ALERT,VGB,search,UNKNOWN,General Practitioner,2022-11-21,69268,13853,55967,2182713.0,0.2,4.04,1515.57,1847.08,61.8193,75.3418,116.6535,Nephrology,Pacific,331.51,21.8742,39.0,1922732944.0,34354.76,5799782.38,LILLY,unspecified,none,British Virgin Islands,2022,4,11,1243,0,0,0,0,24.52,1
LILLY,BRANDSPOT,USA,search,EDITORIAL_VIDEOS,General Practitioner,2022-10-04,8019,2231,4035,274380.0,0.2782,1.81,2633.73,3234.67,128.6096,157.9544,144.0033,Internal Medicine,Mid-Atlantic,600.94,22.817,68.0,394295280.0,97718.78,656133.52,LILLY,unspecified,none,United States,2022,4,10,1291,0,0,0,0,20.48,0
LILLY,BRANDSPOT,USA,search,UNKNOWN,General Practitioner,2022-12-19,3757,1174,2569,174692.0,0.3125,2.19,3784.74,4451.93,180.5339,212.3592,150.9271,Endocrinology,Mountain,667.19,17.6284,68.0,86483107.0,33664.11,129623.02,LILLY,unspecified,none,United States,2022,4,12,1215,0,0,0,0,20.96,0
LILLY,CONDITION MESSAGE,USA,news and perspectives,EDITORIAL_VIDEOS,Peer Support Worker,2023-08-14,984,268,595,0.0,0.2724,2.22,2640.52,3065.04,110.9586,128.7972,232.6029,Pulmonology,West,424.52,16.0769,11.0,0.0,0.0,0.0,LILLY,unspecified,none,United States,2023,3,8,977,0,1,1,0,23.8,0
LILLY,EMAIL ALERT,USA,news and perspectives,UNKNOWN,Other Medical,2021-11-16,1930,967,2428,7284.0,0.501,2.51,2333.93,2809.73,273.9571,319.30539999999996,151.7474,Gastroenterology,Midwest,475.8,20.386,3.0,13678256.0,5633.55,28748.15,LILLY,unspecified,none,United States,2021,4,11,1613,0,0,0,0,8.52,0
LILLY,EMAIL ALERT,USA,reference and tools,UNKNOWN,Other,2021-12-07,730,275,717,2151.0,0.3767,2.61,1803.93,2091.41,79.0336,91.6289,88.6368,Urology,Midwest,287.48,15.9365,3.0,9760248.0,13612.62,33950.61,LILLY,unspecified,none,United States,2021,4,12,1592,0,0,0,0,22.82,0
LILLY,EMAIL ALERT,USA,search,EDITORIAL_VIDEOS,General Practitioner,2022-10-04,267116,84615,324860,974580.0,0.3168,3.84,2740.39,3785.72,161.5523,223.1769,178.2141,Cardiology,Mid-Atlantic,1045.33,38.1453,3.0,7297585960.0,22463.79,6981141.93,LILLY,unspecified,none,United States,2022,4,10,1291,0,0,0,0,16.96,0
LILLY,EMAIL ALERT,USA,search,UNKNOWN,General Practitioner,2022-10-03,278286,102686,241617,724851.0,0.369,2.35,1245.43,1636.73,66.4116,87.2772,55.1842,Urology,Southeast,391.3,31.4186,3.0,6998130109.0,28963.73,17884393.67,LILLY,unspecified,none,United States,2022,4,10,1292,0,0,0,0,18.75,0
LILLY,EMAIL ALERT,VGB,search,UNKNOWN,General Practitioner,2022-11-21,67394,34881,95754,287262.0,0.5176,2.75,3674.44,5138.22,193.8404,271.0603,187.1147,Gastroenterology,Mid-Atlantic,1463.78,39.8369,3.0,2380210782.0,24857.56,1626070.31,LILLY,unspecified,none,British Virgin Islands,2022,4,11,1243,0,0,0,0,18.96,1
LILLY,EMAIL ALERT,VGB,search,EDITORIAL_VIDEOS,General Practitioner,2024-03-04,6636,1950,6361,19083.0,0.2939,3.26,3453.86,4123.81,157.4478,187.988,200.4075,Rheumatology,Mid-Atlantic,669.95,19.397,3.0,304195500.0,47821.96,454059.06,LILLY,unspecified,none,British Virgin Islands,2024,1,3,774,0,0,0,0,21.94,1
LILLY,POINT OF CONTACT,USA,search,EDITORIAL_VIDEOS,General Practitioner,2023-12-11,3059,1004,2456,95784.0,0.3282,2.45,1816.1,2327.42,132.8732,170.2832,62.6584,Rheumatology,Mountain,511.32,28.1547,39.0,109861128.0,44731.73,214858.79,LILLY,unspecified,none,United States,2023,4,12,858,1,0,0,0,13.67,0
LILLY,POINT OF CONTACT,USA,search,UNKNOWN,General Practitioner,2022-10-03,70820,18293,72452,2825628.0,0.2583,3.96,3848.95,4687.99,188.1036,229.1084,169.9828,Dermatology,South Atlantic,839.04,21.799,39.0,1170005105.0,16148.69,1394466.17,LILLY,unspecified,none,United States,2022,4,10,1292,1,0,0,0,20.46,0
LILLY,POINT OF CONTACT,VGB,search,UNKNOWN,General Practitioner,2022-11-21,11914,4114,12912,503568.0,0.3453,3.14,3440.64,4237.23,202.5596,249.4569,232.6029,Pulmonology,Mountain,796.59,23.1523,39.0,318245453.0,24647.26,399510.33,LILLY,unspecified,none,British Virgin Islands,2022,4,11,1243,1,0,0,0,16.99,1
LILLY_MOUNJARO_MDALERT,BRAND ALERT,USA,search,SPONSORED_VIDEOS,General Practitioner,2024-07-31,5157,1184,4210,164190.0,0.2296,3.56,1189.64,1340.7,47.8934,53.975,46.4437,Neurology,Mid-Atlantic,151.06,12.6982,39.0,104129431.0,24733.83,689312.15,LILLY,MOUNJARO,MDALERT,United States,2024,3,7,625,0,0,0,0,24.84,0
LILLY_MOUNJARO_MDALERT,BRAND ALERT,USA,search,SPONSORED_VIDEOS,Psychologist,2023-11-16,1077,129,379,14781.0,0.1198,2.94,2330.35,2500.02,204.2183,219.0871,96.4158,Dermatology,Midwest,169.67,7.2808,39.0,39402000.0,103963.06,232228.4,LILLY,MOUNJARO,MDALERT,United States,2023,4,11,883,0,0,0,0,11.41,0
LILLY_MOUNJARO_MDALERT,BRAND ALERT,VGB,search,EDITORIAL_VIDEOS,General Practitioner,2024-03-04,1181,276,817,31863.0,0.2337,2.96,2419.54,2748.32,97.1352,110.3344,180.0017,Neurology,Midwest,328.78,13.5885,39.0,8060488.0,9865.96,24516.43,LILLY,MOUNJARO,MDALERT,British Virgin Islands,2024,1,3,774,0,0,0,0,24.91,1
LILLY_MOUNJARO_MDALERT,EMAIL ALERT,UNKNOWN,unknown,UNKNOWN,UNKNOWN,2023-11-16,144044,61588,171682,515046.0,0.4276,2.79,1544.16,2289.43,162.0862,240.3143,52.4363,Pulmonology,Northeast,745.27,48.2632,3.0,13858991701.0,80724.78,18596107.45,LILLY,MOUNJARO,MDALERT,Unknown,2023,4,11,883,0,0,0,1,9.53,0
LILLY_MOUNJARO_MDALERT,EMAIL ALERT,USA,search,EDITORIAL_VIDEOS,General Practitioner,2023-05-02,1512,536,1522,4566.0,0.3545,2.84,1055.89,1205.66,131.3393,149.9687,55.6426,Oncology,West,149.77,14.1841,3.0,5410950.0,3555.16,36128.73,LILLY,MOUNJARO,MDALERT,United States,2023,2,5,1081,0,0,0,0,8.04,0
LILLY_MOUNJARO_MDALERT,EMAIL ALERT,USA,search,SPONSORED_VIDEOS,General Practitioner,2024-07-31,1145,529,1970,5910.0,0.462,3.72,3285.52,3987.9,375.4552,319.30539999999996,232.6029,Nephrology,Southwest,702.38,21.3781,3.0,7754307.0,3936.2,11040.04,LILLY,MOUNJARO,MDALERT,United States,2024,3,7,625,0,0,0,0,8.75,0
LILLY_MOUNJARO_MDALERT,EMAIL ALERT,USA,search,SPONSORED_VIDEOS,Psychologist,2023-11-16,5627,2219,3416,10248.0,0.3943,1.54,1190.51,1565.48,86.2047,113.3561,87.5125,Urology,Pacific,374.97,31.4965,3.0,126086400.0,36910.54,336257.38,LILLY,MOUNJARO,MDALERT,United States,2023,4,11,883,0,0,0,0,13.81,0
LILLY_MOUNJARO_MDALERT,EMAIL ALERT,VGB,search,EDITORIAL_VIDEOS,General Practitioner,2024-03-04,1863,677,1559,4677.0,0.3634,2.3,2701.73,3205.95,144.02,170.8984,225.8085,Urology,Pacific,504.22,18.6629,3.0,13434147.0,8617.16,26643.31,LILLY,MOUNJARO,MDALERT,British Virgin Islands,2024,1,3,774,0,0,0,0,18.76,1
LILLY_MOUNJARO_MEDSCAPE,BRAND ALERT,USA,search,SPONSORED_VIDEOS,General Practitioner,2024-07-31,63925,12776,18514,722046.0,0.1999,1.45,3796.64,4511.93,413.87,319.30539999999996,145.6304,Nephrology,West,715.29,18.8401,39.0,2477426114.0,133813.66,3463528.38,LILLY,MOUNJARO,MEDSCAPE,United States,2024,3,7,625,0,0,0,0,9.17,0
LILLY_MOUNJARO_MEDSCAPE,BRAND ALERT,USA,search,SPONSORED_VIDEOS,Psychologist,2023-11-16,1854,226,832,32448.0,0.1219,3.68,3603.54,3966.53,445.0833,319.30539999999996,232.6029,Nephrology,Southwest,362.99,10.0732,39.0,47282400.0,56829.81,130256.98,LILLY,MOUNJARO,MEDSCAPE,United States,2023,4,11,883,0,0,0,0,8.1,0
LILLY_MOUNJARO_MEDSCAPE,BRAND ALERT,VGB,search,EDITORIAL_VIDEOS,General Practitioner,2024-03-04,1871,254,533,20787.0,0.1358,2.1,1688.81,1814.7,70.5712,75.8318,135.0776,Rheumatology,South Atlantic,125.89,7.4542,39.0,32241952.0,60491.47,256118.18,LILLY,MOUNJARO,MEDSCAPE,British Virgin Islands,2024,1,3,774,0,0,0,0,23.93,1
LILLY_MOUNJARO_MEDSCAPE,BRAND ALERT,ZAF,search,SPONSORED_VIDEOS,General Practitioner,2024-11-22,36976,5689,23674,923286.0,0.1539,4.16,3524.64,4712.08,160.4094,214.4512,130.4965,Neurology,Mid-Atlantic,1187.44,33.69,39.0,1991803824.0,84134.66,1677381.2,LILLY,MOUNJARO,MEDSCAPE,South Africa,2024,4,11,511,0,0,0,0,21.97,1
LILLY_MOUNJARO_MEDSCAPE,BRAND ALERT,ZAF,search,EDITORIAL_VIDEOS,Not stated,2025-02-27,124262,15299,44944,1752816.0,0.1231,2.94,801.06,1035.88,36.8202,47.6135,47.4225,Nephrology,Southwest,234.82,29.3136,39.0,29350113111.0,653037.4,124989515.13,LILLY,MOUNJARO,MEDSCAPE,South Africa,2025,1,2,414,0,0,0,0,21.76,1
LILLY_MOUNJARO_MEDSCAPE,BRANDSPOT,USA,search,SPONSORED_VIDEOS,Psychologist,2023-11-16,12429,2649,10178,692104.0,0.2131,3.84,856.6,971.46,37.1866,42.173,80.6808,Internal Medicine,Southeast,114.86,13.4091,68.0,51222600.0,5032.68,445946.2,LILLY,MOUNJARO,MEDSCAPE,United States,2023,4,11,883,0,0,0,0,23.04,0
LILLY_MOUNJARO_MEDSCAPE,EMAIL ALERT,UNKNOWN,unknown,UNKNOWN,UNKNOWN,2023-11-16,9392,3958,17535,52605.0,0.4214,4.43,2728.17,3516.47,137.09,176.7018,232.6029,Primary Care,Northeast,788.3,28.8948,3.0,76424314.0,4358.39,96948.47,LILLY,MOUNJARO,MEDSCAPE,Unknown,2023,4,11,883,0,0,0,1,19.9,0
LILLY_MOUNJARO_MEDSCAPE,EMAIL ALERT,USA,search,EDITORIAL_VIDEOS,General Practitioner,2023-05-02,1908,901,3578,10734.0,0.4722,3.97,1967.35,2319.35,201.2665,237.2769,153.1801,Nephrology,Southwest,352.0,17.8919,3.0,7188925.0,2009.2,20423.26,LILLY,MOUNJARO,MEDSCAPE,United States,2023,2,5,1081,0,0,0,0,9.77,0
LILLY_MOUNJARO_MEDSCAPE,EMAIL ALERT,USA,search,SPONSORED_VIDEOS,General Practitioner,2024-07-31,77840,37375,151782,455346.0,0.4802,4.06,2036.67,2981.24,137.7555,201.6437,142.7456,Cardiology,Southwest,944.57,46.3779,3.0,3262194977.0,21492.63,3453639.65,LILLY,MOUNJARO,MEDSCAPE,United States,2024,3,7,625,0,0,0,0,14.78,0
LILLY_MOUNJARO_MEDSCAPE,EMAIL ALERT,USA,search,SPONSORED_VIDEOS,Psychologist,2023-11-16,3306,1642,4181,12543.0,0.4967,2.55,2606.21,3525.84,128.4257,173.742,111.8405,Cardiology,Northeast,919.63,35.286,3.0,63043200.0,15078.5,68552.89,LILLY,MOUNJARO,MEDSCAPE,United States,2023,4,11,883,0,0,0,0,20.29,0
LILLY_MOUNJARO_MEDSCAPE,EMAIL ALERT,VGB,search,EDITORIAL_VIDEOS,General Practitioner,2024-03-04,1132,535,1616,4848.0,0.4726,3.02,1413.7,1704.71,110.7425,133.5387,107.5344,Cardiology,Mid-Atlantic,291.01,20.5849,3.0,8060488.0,4987.93,27698.33,LILLY,MOUNJARO,MEDSCAPE,British Virgin Islands,2024,1,3,774,0,0,0,0,12.77,1
LILLY_MOUNJARO_MEDSCAPE,EMAIL ALERT,ZAF,search,SPONSORED_VIDEOS,General Practitioner,2024-11-22,42251,19195,39116,117348.0,0.4543,2.04,1477.62,1886.14,75.0596,95.8119,119.3794,Rheumatology,Southwest,408.52,27.6477,3.0,1701332433.0,43494.54,4164556.59,LILLY,MOUNJARO,MEDSCAPE,South Africa,2024,4,11,511,0,0,0,0,19.69,1
LILLY_MOUNJARO_MEDSCAPE,TARGET LIST MEDIA,USA,search,EDITORIAL_VIDEOS,General Practitioner,2023-05-02,1472,166,306,11934.0,0.1128,1.84,2350.73,2571.76,279.3005,305.5628,92.9347,Gastroenterology,Northeast,221.03,9.4029,39.0,3710000.0,12124.18,16784.6,LILLY,MOUNJARO,MEDSCAPE,United States,2023,2,5,1081,1,0,0,0,8.42,0
MERCK,BRAND ALERT,USA,reference and tools,EDITORIAL_VIDEOS,Unmapped code 15,2025-12-22,1782,263,754,29406.0,0.1476,2.87,3213.61,3411.75,243.3755,258.3812,137.2101,Internal Medicine,Northeast,198.14,6.1657,39.0,3704625.0,4913.3,18696.91,MERCK,unspecified,none,United States,2025,4,12,116,0,0,0,0,13.2,0
MERCK,BRAND ALERT,USA,search,EDITORIAL_VIDEOS,Unmapped code 19,2024-04-19,1882,303,958,37362.0,0.161,3.16,2782.39,2952.12,160.5052,170.2964,148.7395,Hematology,Northeast,169.73,6.1002,39.0,1619040.0,1690.02,9538.83,MERCK,unspecified,none,United States,2024,2,4,728,0,0,0,0,17.34,0
MERCK,BRAND ALERT,USA,reference and tools,EDITORIAL_VIDEOS,Unmapped code 19,2025-05-02,1209,113,262,10218.0,0.0935,2.32,1751.54,1922.74,93.4376,102.5704,83.4613,Neurology,Mountain,171.2,9.7743,39.0,44049800.0,168129.01,257299.83,MERCK,unspecified,none,United States,2025,2,5,350,0,0,0,0,18.75,0
MERCK,BRAND ALERT,USA,reference and tools,EDITORIAL_VIDEOS,Unmapped code 20,2025-12-23,7575,1286,3959,154401.0,0.1698,3.08,2177.08,2464.78,122.2413,138.3956,134.0592,Internal Medicine,Mountain,287.7,13.2151,39.0,88421625.0,22334.33,307335.56,MERCK,unspecified,none,United States,2025,4,12,115,0,0,0,0,17.81,0
MERCK,BRAND ALERT,USA,reference and tools,EDITORIAL_VIDEOS,General Practitioner,2023-12-18,1934,298,1230,47970.0,0.1541,4.13,1346.13,1459.84,67.7745,73.4997,68.5052,Dermatology,Southeast,113.71,8.4475,39.0,7555520.0,6142.7,66443.33,MERCK,unspecified,none,United States,2023,4,12,851,0,0,0,0,19.86,0
MERCK,BRAND ALERT,USA,search,SPONSORED_VIDEOS,General Practitioner,2022-12-15,14936,3231,9813,382707.0,0.2163,3.04,1038.82,1301.55,128.1933,160.6155,51.5965,Neurology,South Atlantic,262.73,25.2916,39.0,204122558.0,20801.24,776918.71,MERCK,unspecified,none,United States,2022,4,12,1219,0,0,0,0,8.1,0
MERCK,BRAND ALERT,USA,search,UNKNOWN,General Practitioner,2022-12-15,6413,1579,5650,220350.0,0.2462,3.58,3304.63,3881.58,340.1222,319.30539999999996,186.2313,Internal Medicine,Mountain,576.95,17.4591,39.0,53564012.0,9480.36,92838.8,MERCK,unspecified,none,United States,2022,4,12,1219,0,0,0,0,9.72,0
MERCK,BRAND ALERT,USA,search,EDITORIAL_VIDEOS,General Practitioner,2022-11-29,18748,3271,12618,492102.0,0.1745,3.86,1649.24,2001.77,72.4239,87.9048,58.6262,Primary Care,Mountain,352.53,21.3754,39.0,964346221.0,76426.23,2735486.29,MERCK,unspecified,none,United States,2022,4,11,1235,0,0,0,0,22.77,0
MERCK,BRAND ALERT,USA,reference and tools,EDITORIAL_VIDEOS,General Practitioner,2025-12-23,46968,6333,28262,1102218.0,0.1348,4.46,1368.85,1802.05,69.876,91.9895,132.6248,Internal Medicine,South Atlantic,433.2,31.6467,39.0,638576596.0,22594.88,1474104.39,MERCK,unspecified,none,United States,2025,4,12,115,0,0,0,0,19.59,0
MERCK,BRAND ALERT,USA,reference and tools,EDITORIAL_VIDEOS,Not stated,2025-12-22,1757,153,488,19032.0,0.0871,3.19,3013.18,3147.06,303.7527,317.2488,117.5029,Internal Medicine,West,133.88,4.4431,39.0,12258000.0,25118.85,91560.25,MERCK,unspecified,none,United States,2025,4,12,116,0,0,0,0,9.92,0
MERCK,BRAND ALERT,USA,reference and tools,EDITORIAL_VIDEOS,Not stated,2025-06-24,77123,18292,70654,2755506.0,0.2372,3.86,2777.77,3679.78,124.4783,164.8996,222.4409,Internal Medicine,Northeast,902.01,32.4726,39.0,4559206994.0,64528.65,5054478.87,MERCK,unspecified,none,United States,2025,2,6,297,0,0,0,0,22.32,0
MERCK,BRAND ALERT,USA,search,SPONSORED_VIDEOS,Physician Assistant,2023-12-18,2663,629,2752,107328.0,0.2362,4.38,2826.21,3566.59,233.2252,294.3234,108.9057,Urology,Pacific,740.38,26.1971,39.0,335168640.0,121790.93,452695.64,MERCK,unspecified,none,United States,2023,4,12,851,0,0,0,0,12.12,0
MERCK,BRAND ALERT,VGB,search,UNKNOWN,General Practitioner,2022-12-21,1897,233,1005,39195.0,0.1228,4.31,1532.46,1705.16,95.0045,105.7106,68.6641,Oncology,South Atlantic,172.7,11.269,39.0,6758620.0,6725.0,39136.41,MERCK,unspecified,none,British Virgin Islands,2022,4,12,1213,0,0,0,0,16.13,1
MERCK,BRAND ALERT,VGB,reference and tools,EDITORIAL_VIDEOS,Not stated,2025-12-15,76087,15081,25118,979602.0,0.1982,1.67,1544.47,1991.88,147.5368,190.2765,57.4887,Pulmonology,Southeast,447.41,28.9688,39.0,519042048.0,20664.15,1160094.91,MERCK,unspecified,none,British Virgin Islands,2025,4,12,123,0,0,0,0,10.47,1
MERCK,BRAND ALERT,VGB,search,EDITORIAL_VIDEOS,Not stated,2024-12-13,45303,4205,10685,416715.0,0.0928,2.54,1506.57,1790.91,75.0587,89.225,126.0696,Dermatology,Mid-Atlantic,284.34,18.8737,39.0,827390000.0,77434.72,2909807.46,MERCK,unspecified,none,British Virgin Islands,2024,4,12,490,0,0,0,0,20.07,1
MERCK,BRAND ALERT,VIR,search,EDITORIAL_VIDEOS,General Practitioner,2024-04-09,3495,378,857,33423.0,0.1082,2.27,1356.01,1516.34,70.1268,78.4183,64.0242,Dermatology,Southeast,160.33,11.8236,39.0,175192384.0,204425.19,1092701.44,MERCK,unspecified,none,U.S. Virgin Islands,2024,2,4,738,0,0,0,0,19.34,1
MERCK,BRAND ALERT,VIR,search,EDITORIAL_VIDEOS,Not stated,2024-12-13,18304,2138,3178,123942.0,0.1168,1.49,2898.32,3742.3,250.0939,319.30539999999996,144.7583,Urology,Northeast,843.98,29.1199,39.0,4597292968.0,1446599.42,5447122.08,MERCK,unspecified,none,U.S. Virgin Islands,2024,4,12,490,0,0,0,0,11.59,1
MERCK,BRAND ALERT,VIR,reference and tools,EDITORIAL_VIDEOS,Not stated,2025-12-15,198451,25811,84910,3311490.0,0.1301,3.29,3513.65,4840.77,154.9378,213.4582,145.6504,Nephrology,South Atlantic,1327.12,37.7702,39.0,6898689796.0,81247.08,5198262.71,MERCK,unspecified,none,U.S. Virgin Islands,2025,4,12,123,0,0,0,0,22.68,1
MERCK,BRAND ALERT,ZAF,search,EDITORIAL_VIDEOS,General Practitioner,2022-12-13,265456,66175,240115,9364485.0,0.2493,3.63,3117.82,4205.78,210.3477,283.7489,150.7224,Gastroenterology,Southeast,1087.96,34.8952,39.0,7727424140.0,32182.18,7102626.79,MERCK,unspecified,none,South Africa,2022,4,12,1221,0,0,0,0,14.82,1
MERCK,BRAND ALERT,ZAF,search,SPONSORED_VIDEOS,General Practitioner,2023-12-15,131005,26001,103973,4054947.0,0.1985,4.0,3334.7,4235.91,257.0541,319.30539999999996,160.2089,Pulmonology,Southeast,901.21,27.0252,39.0,39051857692.0,375596.14,43332667.13,MERCK,unspecified,none,South Africa,2023,4,12,854,0,0,0,0,12.97,1
MERCK,BRAND ALERT,ZAF,search,UNKNOWN,General Practitioner,2022-12-15,8585,1247,2001,78039.0,0.1453,1.6,2095.35,2328.14,197.8691,219.8517,112.7025,Neurology,West,232.79,11.1097,39.0,213985252.0,106939.16,919231.85,MERCK,unspecified,none,South Africa,2022,4,12,1219,0,0,0,0,10.59,1
MERCK,BRAND ALERT,ZAF,search,EDITORIAL_VIDEOS,Not stated,2023-12-18,273075,56064,229428,8947692.0,0.2053,4.09,2893.04,3585.47,230.9841,286.268,178.8402,Gastroenterology,West,692.43,23.9341,39.0,36212172611.0,157836.76,52297760.1,MERCK,unspecified,none,South Africa,2023,4,12,851,0,0,0,0,12.52,1
MERCK,BRAND ALERT,ZAF,search,SPONSORED_VIDEOS,Not stated,2024-10-22,1791,421,1398,299.59,0.2351,3.32,1933.56,2195.12,230.8873,262.1212,98.4234,Pulmonology,South Atlantic,261.56,13.5278,39.0,362.0,0.26,1.38,MERCK,unspecified,none,South Africa,2024,4,10,542,0,1,1,0,8.37,1
MERCK,BRAND ALERT,ZAF,search,SPONSORED_VIDEOS,Physician,2023-12-18,5581,1356,4777,186303.0,0.243,3.52,2481.61,2941.05,138.5187,164.1634,200.6181,Primary Care,Northeast,459.44,18.5135,39.0,90762000.0,18999.79,197551.79,MERCK,unspecified,none,South Africa,2023,4,12,851,0,0,0,0,17.92,1
MERCK,BRAND ALERT,ZAF,search,EDITORIAL_VIDEOS,Physician,2022-12-14,1909,171,719,28041.0,0.0896,4.2,2341.23,2580.75,104.9036,115.6357,80.0961,Primary Care,Mountain,239.52,10.2304,39.0,5012532.0,6971.53,20927.68,MERCK,unspecified,none,South Africa,2022,4,12,1220,0,0,0,0,22.32,1
MERCK,BRAND ALERT,ZAF,search,SPONSORED_VIDEOS,Physician Assistant,2023-12-18,9554,1405,4582,178698.0,0.1471,3.26,1366.04,1634.77,78.813,94.3176,56.2429,Endocrinology,Midwest,268.73,19.6726,39.0,293330792.0,64018.07,1091520.49,MERCK,unspecified,none,South Africa,2023,4,12,851,0,0,0,0,17.33,1
MERCK,BRAND ALERT,ZAF,search,EDITORIAL_VIDEOS,Physician Assistant,2023-12-18,38664,3794,8757,341523.0,0.0981,2.31,2038.65,2380.8,173.8328,203.0071,70.1789,Nephrology,Southwest,342.15,16.783,39.0,1172672124.0,133912.54,3427401.66,MERCK,unspecified,none,South Africa,2023,4,12,851,0,0,0,0,11.73,1
MERCK,BRAND ALERT,ZAF,search,EDITORIAL_VIDEOS,Psychologist,2023-12-15,3636,498,1953,76167.0,0.137,3.92,3884.23,4568.81,453.1102,319.30539999999996,232.6029,Hematology,Pacific,684.58,17.6247,39.0,238814895.0,122281.05,348847.55,MERCK,unspecified,none,South Africa,2023,4,12,854,0,0,0,0,8.57,1
MERCK,BRAND ALERT,ZAF,search,SPONSORED_VIDEOS,Psychologist,2023-12-18,35080,3818,9155,357045.0,0.1088,2.4,1595.46,1941.46,136.9646,166.6681,57.834,Primary Care,Southwest,346.0,21.687,39.0,3497241129.0,382003.4,10107447.31,MERCK,unspecified,none,South Africa,2023,4,12,851,0,0,0,0,11.65,1
MERCK,BRAND ALERT,ZAF,search,EDITORIAL_VIDEOS,Psychologist,2024-12-12,75343,14312,18790,732810.0,0.19,1.31,1228.17,1562.87,81.4758,103.6792,46.9201,Neurology,West,334.7,27.2515,39.0,4284562959.0,228023.57,12801402.69,MERCK,unspecified,none,South Africa,2024,4,12,491,0,0,0,0,15.07,1
MERCK,BRAND ALERT,ZMB,reference and tools,EDITORIAL_VIDEOS,Not stated,2025-12-15,42728,6238,24584,958776.0,0.146,3.94,2139.46,2753.17,102.3008,131.6462,90.8743,Oncology,South Atlantic,613.71,28.6853,39.0,543442500.0,22105.54,885502.4,MERCK,unspecified,none,Zambia,2025,4,12,123,0,0,0,0,20.91,1
MERCK,BRAND ALERT,ZMB,search,SPONSORED_VIDEOS,Not stated,2024-10-22,1198,142,332,98.49,0.1185,2.34,3329.08,3676.98,297.4165,319.30539999999996,147.9553,Cardiology,Southwest,347.9,10.4504,39.0,150.0,0.45,0.43,MERCK,unspecified,none,Zambia,2024,4,10,542,0,1,1,0,11.19,1
MERCK,BRAND ALERT,ZWE,search,EDITORIAL_VIDEOS,Not stated,2024-12-13,41736,5225,19612,764868.0,0.1252,3.75,2662.87,3458.8,131.588,170.9192,163.0565,Endocrinology,Northeast,795.93,29.8897,39.0,4927889232.0,251269.08,6191405.97,MERCK,unspecified,none,Zimbabwe,2024,4,12,490,0,0,0,0,20.24,1
MERCK,BRAND ALERT,ZWE,search,SPONSORED_VIDEOS,Psychologist,2023-12-18,14289,2018,4837,188643.0,0.1412,2.4,2979.12,3363.16,131.0202,147.9103,113.1531,Cardiology,Pacific,384.04,12.8912,39.0,213315180.0,44100.72,555442.63,MERCK,unspecified,none,Zimbabwe,2023,4,12,851,0,0,0,0,22.74,1
MERCK,BRAND INTERCEPT,UNKNOWN,unknown,UNKNOWN,UNKNOWN,2023-12-21,1141,109,440,17160.0,0.0955,4.04,1407.02,1465.34,89.5218,93.2324,70.2447,Dermatology,Southwest,58.32,4.1448,39.0,532245.0,1209.65,9126.52,MERCK,unspecified,none,Unknown,2023,4,12,848,1,0,0,1,15.72,0
MERCK,BRAND INTERCEPT,USA,other,EDITORIAL_VIDEOS,Not stated,2025-04-25,2854,352,677,26403.0,0.1233,1.92,2780.63,3304.94,126.5976,150.4684,232.6029,Nephrology,Pacific,524.31,18.8556,39.0,52519250.0,77576.44,100169.37,MERCK,unspecified,none,United States,2025,2,4,357,1,0,0,0,21.96,0
MERCK,BRAND INTERCEPT,USA,reference and tools,EDITORIAL_VIDEOS,Not stated,2024-12-02,1748,112,494,19266.0,0.0641,4.41,1835.2,1903.36,105.2948,109.2053,112.885,Internal Medicine,Mid-Atlantic,68.16,3.7139,39.0,33743745.0,68307.18,495084.55,MERCK,unspecified,none,United States,2024,4,12,501,1,0,0,0,17.43,0
MERCK,BRAND INTERCEPT,ZAF,reference and tools,EDITORIAL_VIDEOS,Unmapped code 19,2025-05-13,884,87,328,12792.0,0.0984,3.77,3469.77,3687.49,184.2629,195.825,120.8729,Hematology,Northeast,217.72,6.2748,39.0,6510350.0,19848.63,29902.35,MERCK,unspecified,none,South Africa,2025,2,5,339,1,0,0,0,18.83,1
MERCK,BRAND INTERCEPT,ZAF,reference and tools,EDITORIAL_VIDEOS,General Practitioner,2023-06-21,1926,226,356,13884.0,0.1173,1.58,2813.76,2942.91,166.0353,173.6563,104.1607,Dermatology,Midwest,129.15,4.59,39.0,8182320.0,22984.04,63354.46,MERCK,unspecified,none,South Africa,2023,2,6,1031,1,0,0,0,16.95,1
MERCK,BRAND INTERCEPT,ZAF,other,EDITORIAL_VIDEOS,General Practitioner,2023-12-21,1653,238,729,28431.0,0.144,3.06,1436.34,1585.05,90.4842,99.8524,48.4626,Pulmonology,Southeast,148.71,10.3534,39.0,10608000.0,14551.44,71333.58,MERCK,unspecified,none,South Africa,2023,4,12,848,1,0,0,0,15.87,1
MERCK,BRAND PLAY,USA,reference and tools,EDITORIAL_VIDEOS,Unmapped code 20,2025-12-23,1576,234,1041,40599.0,0.1485,4.45,1006.77,1074.53,83.974,89.6254,44.6267,Dermatology,Pacific,67.76,6.7299,39.0,25879500.0,24860.23,381955.52,MERCK,unspecified,none,United States,2025,4,12,115,1,0,0,0,11.99,0
MERCK,BRAND PLAY,USA,reference and tools,EDITORIAL_VIDEOS,General Practitioner,2025-12-23,1229,152,418,16302.0,0.1237,2.75,936.43,1025.52,71.1879,77.9606,62.6364,Rheumatology,Northeast,89.09,9.514,39.0,47686294.0,114082.04,535252.03,MERCK,unspecified,none,United States,2025,4,12,115,1,0,0,0,13.15,0
MERCK,BRAND PLAY,USA,news and perspectives,EDITORIAL_VIDEOS,General Practitioner,2025-12-23,1939,220,396,15444.0,0.1135,1.8,1988.51,2219.66,153.7963,171.6745,150.0047,Nephrology,Pacific,231.15,11.6246,39.0,9361800.0,23640.91,40499.82,MERCK,unspecified,none,United States,2025,4,12,115,1,0,0,0,12.93,0
MERCK,BRAND PLAY,USA,reference and tools,EDITORIAL_VIDEOS,Not stated,2025-12-22,746,200,559,21801.0,0.2681,2.8,1650.72,1811.0,93.9197,103.0387,120.155,Primary Care,Pacific,160.28,9.7095,39.0,48594195.0,86930.58,303190.25,MERCK,unspecified,none,United States,2025,4,12,116,1,0,0,0,17.58,0
MERCK,BRAND PLAY,USA,news and perspectives,EDITORIAL_VIDEOS,Not stated,2025-01-29,6931,1212,3504,136656.0,0.1749,2.89,2867.49,3199.17,285.6288,318.6674,232.6029,Oncology,Mountain,331.68,11.567,39.0,59500000.0,16980.59,179389.08,MERCK,unspecified,none,United States,2025,1,1,443,1,0,0,0,10.04,0
MERCK,BRAND PLAY,VIR,news and perspectives,EDITORIAL_VIDEOS,Physician Assistant,2024-12-18,1962,401,1462,57018.0,0.2044,3.65,2397.87,2631.15,101.6672,111.558,134.6085,Hematology,Mountain,233.28,9.7286,39.0,40261320.0,27538.52,172589.12,MERCK,unspecified,none,U.S. Virgin Islands,2024,4,12,485,1,0,0,0,23.59,1
MERCK,BRAND PLAY,ZAF,news and perspectives,EDITORIAL_VIDEOS,Physician Assistant,2024-12-19,2202,584,2047,79833.0,0.2652,3.51,1651.26,2072.69,81.5392,102.3494,119.4096,Cardiology,Northeast,421.43,25.5217,39.0,255583572.0,124857.63,606467.53,MERCK,unspecified,none,South Africa,2024,4,12,484,1,0,0,0,20.25,1
MERCK,BRAND PLAY,ZAF,search,EDITORIAL_VIDEOS,Psychologist,2023-12-15,13447,1544,3903,152217.0,0.1148,2.53,1277.56,1424.71,86.1786,96.1043,70.0682,Endocrinology,Mountain,147.15,11.5176,39.0,125920581.0,32262.51,855758.64,MERCK,unspecified,none,South Africa,2023,4,12,854,1,0,0,0,14.82,1
MERCK,BRAND PLAY,ZWE,search,EDITORIAL_VIDEOS,Not stated,2024-12-13,68370,17625,33830,1319370.0,0.2578,1.92,1207.04,1514.78,112.8432,141.6135,42.0573,Primary Care,Midwest,307.74,25.4959,39.0,4726750896.0,139720.69,15359309.99,MERCK,unspecified,none,Zimbabwe,2024,4,12,490,1,0,0,0,10.7,1
MERCK,BRANDSPOT,UNKNOWN,unknown,UNKNOWN,UNKNOWN,2023-01-27,14688,3625,12066,820488.0,0.2468,3.33,3566.91,4056.75,155.1246,176.4275,191.6582,Neurology,South Atlantic,489.84,13.7328,68.0,261525433.0,21674.58,533903.7,MERCK,unspecified,none,Unknown,2023,1,1,1176,0,0,0,1,22.99,0
MERCK,BRANDSPOT,USA,news and perspectives,EDITORIAL_VIDEOS,General Practitioner,2024-12-22,10958,1730,4483,304844.0,0.1579,2.59,1579.13,1900.72,71.7648,86.3799,57.2985,Primary Care,Northeast,321.59,20.3652,68.0,486102080.0,108432.32,1511542.16,MERCK,unspecified,none,United States,2024,4,12,481,0,0,0,0,22.0,0
MERCK,BRANDSPOT,USA,search,SPONSORED_VIDEOS,General Practitioner,2022-12-15,6389,1371,2243,152524.0,0.2146,1.64,2885.47,3387.81,142.3571,167.1404,130.5048,Endocrinology,Northeast,502.34,17.4092,68.0,95733366.0,42680.95,190575.23,MERCK,unspecified,none,United States,2022,4,12,1219,0,0,0,0,20.27,0
MERCK,BRANDSPOT,ZAF,search,UNKNOWN,General Practitioner,2022-12-15,4327,1293,5394,366792.0,0.2988,4.17,3394.19,4248.48,269.0325,319.30539999999996,227.1484,Endocrinology,West,854.29,25.1689,68.0,63617237.0,11794.07,74468.78,MERCK,unspecified,none,South Africa,2022,4,12,1219,0,0,0,0,12.62,1
MERCK,BRANDSPOT,ZAF,search,EDITORIAL_VIDEOS,General Practitioner,2024-12-13,10004,2305,8023,545564.0,0.2304,3.48,2765.06,3451.33,186.3048,232.5446,161.5379,Rheumatology,West,686.27,24.8194,68.0,181746023.0,22653.13,264830.83,MERCK,unspecified,none,South Africa,2024,4,12,490,0,0,0,0,14.84,1
MERCK,BRANDSPOT,ZAF,news and perspectives,SPONSORED_VIDEOS,Not stated,2024-12-18,4931,1709,5903,401404.0,0.3466,3.45,3550.61,4234.42,364.2875,319.30539999999996,232.6029,Primary Care,Mountain,683.81,19.259,68.0,315398304.0,53430.17,461236.35,MERCK,unspecified,none,South Africa,2024,4,12,485,0,0,0,0,9.75,1
MERCK,BRANDSPOT,ZAF,search,SPONSORED_VIDEOS,Psychologist,2023-12-18,55545,11478,44930,3055240.0,0.2066,3.91,2055.66,2718.68,183.3173,242.4436,123.3205,Dermatology,South Atlantic,663.02,32.2536,68.0,898373868.0,19994.97,1354965.41,MERCK,unspecified,none,South Africa,2023,4,12,851,0,0,0,0,11.21,1
MERCK,BRANDSTORY,USA,news and perspectives,EDITORIAL_VIDEOS,Not stated,2025-02-27,2197,790,2328,90792.0,0.3596,2.95,3859.91,4523.35,181.1205,212.2515,163.8971,Primary Care,Mountain,663.44,17.188,39.0,203109900.0,87246.52,306146.31,MERCK,unspecified,none,United States,2025,1,2,414,1,0,0,0,21.31,0
MERCK,BRANDSTORY,VIR,reference and tools,EDITORIAL_VIDEOS,Not stated,2025-12-23,1481,406,1579,61581.0,0.2741,3.89,1226.06,1423.72,60.8298,70.6365,107.1526,Nephrology,Mid-Atlantic,197.66,16.1215,39.0,20135412.0,12752.0,101868.68,MERCK,unspecified,none,U.S. Virgin Islands,2025,4,12,115,1,0,0,0,20.16,1
MERCK,BRANDSTORY,ZAF,search,EDITORIAL_VIDEOS,General Practitioner,2024-12-13,3930,1489,4234,165126.0,0.3789,2.84,1126.88,1423.93,62.2955,78.7168,79.875,Nephrology,Mid-Atlantic,297.05,26.3604,39.0,256582620.0,60600.52,863770.98,MERCK,unspecified,none,South Africa,2024,4,12,490,1,0,0,0,18.09,1
MERCK,BRANDSTORY,ZAF,news and perspectives,EDITORIAL_VIDEOS,Not stated,2024-12-17,13774,4360,6198,241722.0,0.3165,1.42,2907.81,3705.04,125.1892,159.5118,164.9466,Internal Medicine,Southeast,797.23,27.4166,39.0,102185700.0,16486.88,128177.01,MERCK,unspecified,none,South Africa,2024,4,12,486,1,0,0,0,23.23,1
MERCK,DIRECT MAIL,UNKNOWN,unknown,UNKNOWN,UNKNOWN,2024-06-13,1251,70,177,6903.0,0.056,2.53,3817.06,3920.46,213.0587,218.83,128.7764,Rheumatology,Mid-Atlantic,103.4,2.7088,39.0,8624000.0,48723.16,83407.63,MERCK,unspecified,none,Unknown,2024,2,6,673,1,0,0,1,17.92,0
MERCK,EMAIL ALERT,UNKNOWN,unknown,UNKNOWN,UNKNOWN,2021-12-23,37671,9833,27941,83823.0,0.261,2.84,3388.43,4130.37,212.5944,259.1448,131.8596,Gastroenterology,West,741.94,21.8963,3.0,2364019884.0,84607.56,3186261.61,MERCK,unspecified,none,Unknown,2021,4,12,1576,0,0,0,1,15.94,0
MERCK,EMAIL ALERT,IND,reference and tools,EDITORIAL_VIDEOS,Other,2025-12-15,1108,321,1148,3444.0,0.2897,3.58,1044.53,1177.79,75.7661,85.4319,42.3407,Gastroenterology,Midwest,133.26,12.7575,3.0,20638496.0,17977.78,154877.79,MERCK,unspecified,none,India,2025,4,12,123,0,0,0,0,13.79,1
MERCK,EMAIL ALERT,USA,reference and tools,EDITORIAL_VIDEOS,Unmapped code 20,2025-12-23,1724,438,679,2037.0,0.2541,1.55,1693.98,1889.77,70.6188,78.7811,137.4555,Internal Medicine,Mid-Atlantic,195.79,11.5583,3.0,12939750.0,19057.07,66088.25,MERCK,unspecified,none,United States,2025,4,12,115,0,0,0,0,23.99,0
MERCK,EMAIL ALERT,USA,reference and tools,EDITORIAL_VIDEOS,General Practitioner,2025-12-23,11339,3091,5137,15411.0,0.2726,1.66,3777.02,4410.64,401.5474,319.30539999999996,147.4252,Pulmonology,Mountain,633.62,16.7757,3.0,71813412.0,13979.64,113338.07,MERCK,unspecified,none,United States,2025,4,12,115,0,0,0,0,9.41,0
MERCK,EMAIL ALERT,USA,search,SPONSORED_VIDEOS,General Practitioner,2023-12-20,6282,2874,5949,17847.0,0.4575,2.07,1609.79,2013.1,67.5669,84.4948,62.6245,Gastroenterology,Pacific,403.31,25.0536,3.0,60657300.0,10196.22,150399.04,MERCK,unspecified,none,United States,2023,4,12,849,0,0,0,0,23.83,0
MERCK,EMAIL ALERT,USA,reference and tools,EDITORIAL_VIDEOS,Not stated,2025-12-15,13589,5575,11592,34776.0,0.4103,2.08,3299.75,3953.29,149.6202,179.2536,149.8382,Nephrology,Northeast,653.54,19.8058,3.0,265251852.0,22882.32,405869.0,MERCK,unspecified,none,United States,2025,4,12,123,0,0,0,0,22.05,0
MERCK,EMAIL ALERT,VIR,reference and tools,EDITORIAL_VIDEOS,Not stated,2025-12-16,66663,31663,114500,343500.0,0.475,3.62,3440.42,4615.76,337.0053,319.30539999999996,115.4224,Internal Medicine,Midwest,1175.34,34.1625,3.0,4233485952.0,36973.68,3601942.43,MERCK,unspecified,none,U.S. Virgin Islands,2025,4,12,122,0,0,0,0,10.21,1
MERCK,EMAIL ALERT,ZAF,search,UNKNOWN,General Practitioner,2022-12-15,11986,6280,12732,38196.0,0.5239,2.03,2385.45,3186.35,135.5003,180.9939,144.528,Urology,Midwest,800.9,33.5746,3.0,138801245.0,10901.76,173305.9,MERCK,unspecified,none,South Africa,2022,4,12,1219,0,0,0,0,17.6,1
MERCK,EMAIL ALERT,ZAF,search,EDITORIAL_VIDEOS,General Practitioner,2023-12-18,64811,27579,90713,272139.0,0.4255,3.29,2036.32,2723.92,89.582,119.8312,70.643,Dermatology,Mountain,687.6,33.7671,3.0,1278549282.0,14094.44,1859423.05,MERCK,unspecified,none,South Africa,2023,4,12,851,0,0,0,0,22.73,1
MERCK,EMAIL ALERT,ZAF,search,SPONSORED_VIDEOS,General Practitioner,2023-12-15,213883,100062,283285,849855.0,0.4678,2.83,2240.4,2947.26,126.4279,166.317,79.1811,Primary Care,Northeast,706.86,31.5509,3.0,25177945000.0,88878.5,35619154.34,MERCK,unspecified,none,South Africa,2023,4,12,854,0,0,0,0,17.72,1
MERCK,EMAIL ALERT,ZAF,search,EDITORIAL_VIDEOS,Not stated,2024-12-13,136250,65008,200996,602988.0,0.4771,3.09,1526.29,2153.53,65.1636,91.9433,149.2028,Dermatology,West,627.24,41.0962,3.0,20316500000.0,101079.13,32390037.62,MERCK,unspecified,none,South Africa,2024,4,12,490,0,0,0,0,23.42,1
MERCK,EMAIL ALERT,ZAF,search,SPONSORED_VIDEOS,Physician Assistant,2023-12-18,8546,3105,12313,36939.0,0.3633,3.97,3646.05,4259.95,151.7246,177.2711,191.8739,Internal Medicine,Midwest,613.9,16.8375,3.0,93325200.0,7579.4,152019.5,MERCK,unspecified,none,South Africa,2023,4,12,851,0,0,0,0,24.03,1
MERCK,EMAIL ALERT,ZAF,news and perspectives,EDITORIAL_VIDEOS,Physician Assistant,2024-12-20,11561,3726,9443,28329.0,0.3223,2.53,2241.98,2890.57,147.688,190.4127,75.8912,Oncology,Southeast,648.59,28.9291,3.0,174001784.0,18426.54,268279.33,MERCK,unspecified,none,South Africa,2024,4,12,483,0,0,0,0,15.18,1
MERCK,EMAIL ALERT,ZAF,search,SPONSORED_VIDEOS,Psychologist,2023-12-18,49754,15499,58028,174084.0,0.3115,3.74,3623.87,4449.7,251.4074,308.6995,232.6029,Primary Care,Mountain,825.83,22.7885,3.0,3850173720.0,66350.27,4662207.25,MERCK,unspecified,none,South Africa,2023,4,12,851,0,0,0,0,14.41,1
MERCK,EMAIL ALERT,ZAF,search,EDITORIAL_VIDEOS,Psychologist,2024-12-12,222483,72403,187720,563160.0,0.3254,2.59,1138.22,1613.57,47.5895,67.4643,54.3155,Urology,Midwest,475.35,41.763,3.0,7194228849.0,38324.25,15134441.99,MERCK,unspecified,none,South Africa,2024,4,12,491,0,0,0,0,23.92,1
MERCK,EMAIL ALERT,ZMB,reference and tools,EDITORIAL_VIDEOS,Not stated,2025-12-15,4911,1632,3864,11592.0,0.3323,2.37,3962.48,5126.6,203.4401,263.2077,133.962,Urology,South Atlantic,1164.12,29.3785,3.0,483060000.0,125015.53,414958.84,MERCK,unspecified,none,Zambia,2025,4,12,123,0,0,0,0,19.48,1
MERCK,INFOSITE,USA,reference and tools,EDITORIAL_VIDEOS,Unmapped code 15,2025-12-22,988,365,660,25740.0,0.3694,1.81,953.06,1121.13,109.3088,128.5858,69.0807,Cardiology,Mid-Atlantic,168.07,17.6354,39.0,5927400.0,8980.91,35266.16,MERCK,unspecified,none,United States,2025,4,12,116,1,0,0,0,8.72,0
MERCK,INFOSITE,USA,search,SPONSORED_VIDEOS,General Practitioner,2022-12-15,1428,484,725,28275.0,0.3389,1.5,921.67,1085.3,52.3715,61.6693,42.5838,Primary Care,Midwest,163.63,17.7535,39.0,29004593.0,40006.34,177258.15,MERCK,unspecified,none,United States,2022,4,12,1219,1,0,0,0,17.6,0
MERCK,INFOSITE,USA,search,EDITORIAL_VIDEOS,General Practitioner,2022-12-15,1050,169,632,24648.0,0.161,3.74,3187.86,3605.67,133.8712,151.4168,226.2691,Hematology,Mountain,417.81,13.1063,39.0,4569618.0,7230.41,10937.07,MERCK,unspecified,none,United States,2022,4,12,1219,1,0,0,0,23.81,0
MERCK,INFOSITE,USA,news and perspectives,EDITORIAL_VIDEOS,General Practitioner,2024-12-22,50153,10891,15522,605358.0,0.2172,1.43,2908.91,3754.81,130.1398,167.9836,142.6352,Urology,Mid-Atlantic,845.9,29.0794,39.0,503937800.0,32466.04,595745.25,MERCK,unspecified,none,United States,2024,4,12,481,1,0,0,0,22.35,0
MERCK,INFOSITE,USA,reference and tools,EDITORIAL_VIDEOS,General Practitioner,2025-12-23,13111,2039,8079,315081.0,0.1555,3.96,3366.82,3956.29,172.7511,202.997,232.6029,Oncology,Southeast,589.47,17.5083,39.0,220259746.0,27263.24,373655.09,MERCK,unspecified,none,United States,2025,4,12,115,1,0,0,0,19.49,0
MERCK,INFOSITE,USA,reference and tools,EDITORIAL_VIDEOS,Not stated,2025-12-22,52504,14414,38092,1485588.0,0.2745,2.64,1137.18,1493.11,109.7134,144.0532,51.4335,Rheumatology,Mid-Atlantic,355.93,31.2995,39.0,1969419055.0,51701.64,5533152.56,MERCK,unspecified,none,United States,2025,4,12,116,1,0,0,0,10.37,0
MERCK,INFOSITE,USA,news and perspectives,EDITORIAL_VIDEOS,Not stated,2024-12-18,16802,4520,19079,744081.0,0.269,4.22,913.83,1181.04,74.1626,95.8484,44.9369,Pulmonology,South Atlantic,267.21,29.2408,39.0,586359945.0,30733.26,2194375.06,MERCK,unspecified,none,United States,2024,4,12,485,1,0,0,0,12.32,0
MERCK,INFOSITE,USA,news and perspectives,EDITORIAL_VIDEOS,Physician Assistant,2024-12-18,972,347,1242,48438.0,0.357,3.58,2427.45,2834.43,106.0779,123.8624,97.8685,Cardiology,West,406.98,16.7655,39.0,32662440.0,26298.26,80256.61,MERCK,unspecified,none,United States,2024,4,12,485,1,0,0,0,22.88,0
MERCK,INFOSITE,USA,search,SPONSORED_VIDEOS,Physician Assistant,2023-12-18,7534,1709,5493,214227.0,0.2268,3.21,2040.3,2415.62,183.6834,217.4717,90.223,Rheumatology,Midwest,375.32,18.3948,39.0,186204800.0,33898.56,496134.89,MERCK,unspecified,none,United States,2023,4,12,851,1,0,0,0,11.11,0
MERCK,INFOSITE,VIR,reference and tools,EDITORIAL_VIDEOS,Not stated,2025-12-23,6061,2146,9298,362622.0,0.3541,4.33,2278.23,2717.83,178.9167,213.4395,108.5278,Cardiology,Southwest,439.6,19.2955,39.0,285251670.0,30678.82,648896.41,MERCK,unspecified,none,U.S. Virgin Islands,2025,4,12,115,1,0,0,0,12.73,1
MERCK,INFOSITE,VIR,news and perspectives,EDITORIAL_VIDEOS,Physician Assistant,2024-12-18,13561,5315,13335,520065.0,0.3919,2.51,3973.08,4731.74,389.3953,319.30539999999996,166.9673,Nephrology,Southwest,758.66,19.0948,39.0,143964720.0,10796.0,189763.41,MERCK,unspecified,none,U.S. Virgin Islands,2024,4,12,485,1,0,0,0,10.2,1
MERCK,INFOSITE,VNM,news and perspectives,EDITORIAL_VIDEOS,Not stated,2024-10-11,45306,7797,33905,1322295.0,0.1721,4.35,3906.4,4569.43,200.3915,234.404,232.6029,Oncology,Mid-Atlantic,663.03,16.973,39.0,550159524.0,16226.5,829760.74,MERCK,unspecified,none,Vietnam,2024,4,10,553,1,0,0,0,19.49,1
MERCK,INFOSITE,ZAF,search,EDITORIAL_VIDEOS,General Practitioner,2022-12-13,2262,787,1295,50505.0,0.3479,1.65,3815.41,4568.61,158.6601,189.9811,174.1624,Nephrology,Northeast,753.2,19.741,39.0,129297979.0,99844.0,171664.92,MERCK,unspecified,none,South Africa,2022,4,12,1221,1,0,0,0,24.05,1
MERCK,INFOSITE,ZAF,news and perspectives,SPONSORED_VIDEOS,General Practitioner,2024-06-21,643,191,534,20826.0,0.297,2.8,3308.3,3651.22,263.1384,290.4143,232.6029,Dermatology,Southwest,342.92,10.3656,39.0,22158786.0,41495.85,64617.07,MERCK,unspecified,none,South Africa,2024,2,6,665,1,0,0,0,12.57,1
MERCK,INFOSITE,ZAF,search,SPONSORED_VIDEOS,General Practitioner,2023-12-20,10815,2920,6104,238056.0,0.27,2.09,1935.49,2351.16,120.3521,146.1988,67.8871,Endocrinology,Southwest,415.67,21.4758,39.0,235134900.0,38521.44,565686.1,MERCK,unspecified,none,South Africa,2023,4,12,849,1,0,0,0,16.08,1
MERCK,INFOSITE,ZAF,news and perspectives,EDITORIAL_VIDEOS,Not stated,2024-12-17,56976,14536,43338,1690182.0,0.2551,2.98,2118.82,2625.63,112.8005,139.7816,186.4061,Primary Care,Northeast,506.81,23.9194,39.0,807652047.0,18636.12,1593605.13,MERCK,unspecified,none,South Africa,2024,4,12,486,1,0,0,0,18.78,1
MERCK,INFOSITE,ZAF,news and perspectives,SPONSORED_VIDEOS,Not stated,2024-12-18,31371,10859,18836,734604.0,0.3461,1.73,2558.77,3526.15,102.388,141.0973,137.5129,Nephrology,Pacific,967.38,37.8064,39.0,2217804729.0,117742.87,2292587.88,MERCK,unspecified,none,South Africa,2024,4,12,485,1,0,0,0,24.99,1
MERCK,INFOSITE,ZAF,search,EDITORIAL_VIDEOS,Not stated,2023-12-18,26835,8314,33065,1289535.0,0.3098,3.98,3457.71,4207.52,353.4863,319.30539999999996,144.5776,Internal Medicine,Southwest,749.81,21.6853,39.0,570748500.0,17261.41,761186.55,MERCK,unspecified,none,South Africa,2023,4,12,851,1,0,0,0,9.78,1
MERCK,INFOSITE,ZAF,search,SPONSORED_VIDEOS,Physician,2023-12-18,4049,1422,5678,221442.0,0.3512,3.99,1019.88,1216.9,61.9021,73.86,53.2285,Neurology,South Atlantic,197.02,19.3174,39.0,116694000.0,20551.95,592312.35,MERCK,unspecified,none,South Africa,2023,4,12,851,1,0,0,0,16.48,1
MERCK,INFOSITE,ZAF,news and perspectives,EDITORIAL_VIDEOS,Physician,2024-12-11,7423,2789,12138,473382.0,0.3757,4.35,2157.75,2748.99,148.3291,188.9724,182.2131,Hematology,Midwest,591.24,27.4007,39.0,273771680.0,22554.93,463046.97,MERCK,unspecified,none,South Africa,2024,4,12,492,1,0,0,0,14.55,1
MERCK,INFOSITE,ZAF,search,SPONSORED_VIDEOS,Physician Assistant,2023-12-18,62357,18976,32456,1265784.0,0.3043,1.71,1064.38,1402.9,46.8497,61.7503,50.522,Rheumatology,Midwest,338.52,31.805,39.0,820078615.0,25267.4,2422505.64,MERCK,unspecified,none,South Africa,2023,4,12,851,1,0,0,0,22.72,1
MERCK,INFOSITE,ZAF,news and perspectives,EDITORIAL_VIDEOS,Physician Assistant,2024-12-18,13915,5498,17906,698334.0,0.3951,3.26,2446.9,2896.74,152.0624,180.0174,107.167,Primary Care,Mountain,449.84,18.3839,39.0,203209820.0,11348.7,451741.37,MERCK,unspecified,none,South Africa,2024,4,12,485,1,0,0,0,16.09,1
MERCK,INFOSITE,ZAF,search,EDITORIAL_VIDEOS,Physician Assistant,2023-12-18,35932,10852,30005,1170195.0,0.302,2.76,3676.48,5043.68,371.8645,319.30539999999996,152.7042,Hematology,Mountain,1367.2,37.1877,39.0,1495070983.0,49827.39,1093526.96,MERCK,unspecified,none,South Africa,2023,4,12,851,1,0,0,0,9.89,1
MERCK,INFOSITE,ZAF,news and perspectives,EDITORIAL_VIDEOS,Physician Assistant,2023-12-18,67260,20794,48584,1894776.0,0.3092,2.34,3303.95,4541.53,175.8805,241.7611,189.1735,Endocrinology,Northeast,1237.58,37.4576,39.0,1808134352.0,37216.66,1461023.41,MERCK,unspecified,none,South Africa,2023,4,12,851,1,0,0,0,18.79,1
MERCK,INFOSITE,ZAF,news and perspectives,SPONSORED_VIDEOS,Physician Assistant,2023-12-18,14282,4123,9730,379470.0,0.2887,2.36,1529.1,1815.98,72.4578,86.0519,71.879,Neurology,Southeast,286.88,18.7615,39.0,265894695.0,27327.31,926845.78,MERCK,unspecified,none,South Africa,2023,4,12,851,1,0,0,0,21.1,1
MERCK,INFOSITE,ZAF,news and perspectives,SPONSORED_VIDEOS,Psychologist,2023-12-19,22158,3827,9805,382395.0,0.1727,2.56,3923.17,4791.98,487.4121,319.30539999999996,206.3336,Hematology,Mountain,868.81,22.1456,39.0,1050139636.0,107102.46,1208709.63,MERCK,unspecified,none,South Africa,2023,4,12,850,1,0,0,0,8.05,1
MERCK,INFOSITE,ZWE,search,SPONSORED_VIDEOS,Psychologist,2023-12-18,12248,4061,14320,558480.0,0.3316,3.53,2935.52,3803.9,129.8773,168.2974,125.2296,Hematology,Northeast,868.38,29.5818,39.0,134552652.0,9396.13,154946.77,MERCK,unspecified,none,Zimbabwe,2023,4,12,851,1,0,0,0,22.6,1
MERCK,POINT OF CONTACT,USA,search,UNKNOWN,Psychosocial Support Worker,2020-12-17,1756,591,1876,73164.0,0.3366,3.17,833.37,966.98,74.6586,86.6287,38.4552,Rheumatology,Mountain,133.61,16.0331,39.0,14831905.0,7906.13,111004.92,MERCK,unspecified,none,United States,2020,4,12,1947,1,0,0,0,11.16,0
MERCK,POINT OF CONTACT,ZAF,search,EDITORIAL_VIDEOS,General Practitioner,2023-12-15,5170,1616,4390,171210.0,0.3126,2.72,1617.32,1979.7,93.0288,113.8729,78.8356,Gastroenterology,Mountain,362.38,22.406,39.0,391337620.0,89142.97,1079914.89,MERCK,unspecified,none,South Africa,2023,4,12,854,1,0,0,0,17.39,1
NEUROCRINE,BRAND ALERT,USA,search,SPONSORED_VIDEOS,General Practitioner,2024-07-31,11874,2787,4042,157638.0,0.2347,1.45,460.71,571.56,30.5745,37.9304,30.7337,Neurology,Southeast,110.85,24.059,39.0,55071499.0,13624.81,496842.32,NEUROCRINE,unspecified,none,United States,2024,3,7,625,0,0,0,0,15.07,0
NEUROCRINE,BRAND ALERT,USA,search,EDITORIAL_VIDEOS,General Practitioner,2024-08-19,4255,555,808,31512.0,0.1304,1.46,269.25,304.18,13.3069,15.0328,26.8172,Primary Care,Southwest,34.93,12.9697,39.0,50519700.0,62524.38,1446663.87,NEUROCRINE,unspecified,none,United States,2024,3,8,606,0,0,0,0,20.23,0
NEUROCRINE,BRAND ALERT,USA,reference and tools,EDITORIAL_VIDEOS,Not stated,2025-07-01,3154,533,643,25077.0,0.169,1.21,1159.83,1347.56,81.0515,94.1706,86.0301,Endocrinology,Mid-Atlantic,187.73,16.1862,39.0,438750000.0,682348.37,2337116.15,NEUROCRINE,unspecified,none,United States,2025,3,7,290,0,0,0,0,14.31,0
NEUROCRINE,BRAND ALERT,VGB,search,EDITORIAL_VIDEOS,General Practitioner,2024-03-04,903,179,786,30654.0,0.1982,4.39,678.26,739.32,29.7664,32.4464,54.9581,Neurology,Pacific,61.06,9.0037,39.0,5373659.0,6836.72,87994.88,NEUROCRINE,unspecified,none,British Virgin Islands,2024,1,3,774,0,0,0,0,22.79,1
NEUROCRINE,BRAND ALERT,ZAF,search,SPONSORED_VIDEOS,General Practitioner,2024-11-22,651,140,170,6630.0,0.2151,1.21,1095.81,1242.74,53.6679,60.8635,57.7301,Dermatology,Mountain,146.93,13.4077,39.0,27663942.0,162729.07,188287.72,NEUROCRINE,unspecified,none,South Africa,2024,4,11,511,0,0,0,0,20.42,1
NEUROCRINE,BRANDSPOT,USA,search,SPONSORED_VIDEOS,Psychologist,2023-11-16,553,124,190,12920.0,0.2242,1.53,522.22,585.52,27.4689,30.7988,23.4755,Oncology,Mountain,63.3,12.1223,68.0,11820600.0,62213.68,186725.62,NEUROCRINE,unspecified,none,United States,2023,4,11,883,0,0,0,0,19.01,0
NEUROCRINE,EMAIL ALERT,UNKNOWN,unknown,UNKNOWN,UNKNOWN,2023-11-16,1643,825,1846,5538.0,0.5021,2.24,325.23,395.28,15.1018,18.3542,22.8047,Dermatology,South Atlantic,70.05,21.5368,3.0,38764779.0,20999.34,553427.86,NEUROCRINE,unspecified,none,Unknown,2023,4,11,883,0,0,0,1,21.54,0
NEUROCRINE,EMAIL ALERT,USA,search,SPONSORED_VIDEOS,General Practitioner,2024-07-31,11888,5714,22081,66243.0,0.4807,3.86,674.34,835.46,32.3914,40.131,23.4298,Gastroenterology,Pacific,161.12,23.8943,3.0,165214498.0,7482.2,1025364.61,NEUROCRINE,unspecified,none,United States,2024,3,7,625,0,0,0,0,20.82,0
NEUROCRINE,EMAIL ALERT,USA,search,EDITORIAL_VIDEOS,General Practitioner,2023-05-02,14183,3827,16742,50226.0,0.2698,4.37,313.96,366.06,36.4601,42.5109,30.9816,Oncology,Southeast,52.1,16.5956,3.0,290053550.0,17324.9,5566912.29,NEUROCRINE,unspecified,none,United States,2023,2,5,1081,0,0,0,0,8.61,0
NEUROCRINE,EMAIL ALERT,USA,search,SPONSORED_VIDEOS,Psychologist,2023-11-16,1127,297,1130,3390.0,0.2635,3.8,686.02,773.01,46.6345,52.5482,26.9596,Endocrinology,Midwest,86.99,12.681,3.0,47282400.0,41842.83,543515.32,NEUROCRINE,unspecified,none,United States,2023,4,11,883,0,0,0,0,14.71,0
NOVARTIS,BRAND ALERT,USA,search,UNKNOWN,General Practitioner,2022-12-07,14874,2759,9598,374322.0,0.1855,3.48,1120.3,1355.18,47.0244,56.8838,49.7819,Rheumatology,Mountain,234.88,20.9665,39.0,229042936.0,23863.61,975120.74,NOVARTIS,unspecified,none,United States,2022,4,12,1227,0,0,0,0,23.82,0
NOVARTIS,BRAND ALERT,USA,reference and tools,UNKNOWN,General Practitioner,2023-06-15,1943,270,788,30732.0,0.139,2.92,720.77,785.95,71.1005,77.5306,41.2549,Rheumatology,Mid-Atlantic,65.18,9.0436,39.0,13458080.0,17078.78,206465.13,NOVARTIS,unspecified,none,United States,2023,2,6,1037,0,0,0,0,10.14,0
NOVARTIS,BRAND ALERT,VIR,search,UNKNOWN,General Practitioner,2022-06-27,11637,1344,1997,77883.0,0.1155,1.49,816.5,890.63,39.7698,43.3805,74.1613,Nephrology,Pacific,74.13,9.079,39.0,222554605.0,111444.47,3002219.72,NOVARTIS,unspecified,none,U.S. Virgin Islands,2022,2,6,1390,0,0,0,0,20.53,1
NOVARTIS,BRAND ALERT,ZAF,search,EDITORIAL_VIDEOS,Psychologist,2023-12-15,6199,1106,4824,188136.0,0.1784,4.36,356.64,436.95,14.5163,17.7854,15.8156,Endocrinology,Southwest,80.31,22.52,39.0,86133256.0,17855.15,1072444.5,NOVARTIS,unspecified,none,South Africa,2023,4,12,854,0,0,0,0,24.57,1
NOVARTIS,EMAIL ALERT,UNKNOWN,unknown,UNKNOWN,UNKNOWN,2022-11-08,14115,4975,18420,55260.0,0.3525,3.7,243.74,285.25,27.4249,32.0961,13.7608,Cardiology,Mountain,41.51,17.0326,3.0,435414258.0,23638.12,10488227.86,NOVARTIS,unspecified,none,Unknown,2022,4,11,1256,0,0,0,1,8.89,0
NOVARTIS,EMAIL ALERT,USA,search,UNKNOWN,General Practitioner,2022-11-07,10445,4294,14206,42618.0,0.4111,3.31,310.81,409.99,15.8597,20.9207,10.82,Endocrinology,Midwest,99.18,31.9106,3.0,272306613.0,19168.42,2745559.53,NOVARTIS,unspecified,none,United States,2022,4,11,1257,0,0,0,0,19.6,0
NOVARTIS,EMAIL ALERT,USA,reference and tools,UNKNOWN,General Practitioner,2023-06-15,1750,679,2515,7545.0,0.388,3.7,798.53,901.97,50.0376,56.5195,38.3176,Dermatology,Midwest,103.44,12.954,3.0,34486330.0,13712.26,333389.71,NOVARTIS,unspecified,none,United States,2023,2,6,1037,0,0,0,0,15.96,0
NOVARTIS,EMAIL ALERT,USA,reference and tools,EDITORIAL_VIDEOS,Not stated,2024-11-04,75527,32131,115335,346005.0,0.4254,3.59,295.01,407.51,16.531,22.835,10.2459,Gastroenterology,Mountain,112.5,38.1347,3.0,838464314.0,7269.82,7452901.32,NOVARTIS,unspecified,none,United States,2024,4,11,529,0,0,0,0,17.85,0
NOVARTIS,EMAIL ALERT,VIR,search,UNKNOWN,General Practitioner,2022-06-27,4557,1686,5568,16704.0,0.37,3.3,575.99,678.78,60.9465,71.8225,39.9727,Urology,West,102.79,17.8452,3.0,380496582.0,68336.31,3701796.83,NOVARTIS,unspecified,none,U.S. Virgin Islands,2022,2,6,1390,0,0,0,0,9.45,1
NOVARTIS,EMAIL ALERT,ZAF,search,EDITORIAL_VIDEOS,Psychologist,2023-12-15,7592,3487,15467,46401.0,0.4593,4.44,750.09,997.16,85.9102,114.2073,30.5979,Rheumatology,Midwest,247.07,32.938,3.0,86133256.0,5568.84,348625.25,NOVARTIS,unspecified,none,South Africa,2023,4,12,854,0,0,0,0,8.73,1
NOVARTIS,EMAIL ALERT,ZWE,reference and tools,EDITORIAL_VIDEOS,Psychologist,2023-11-16,31482,9571,40017,120051.0,0.304,4.18,588.65,760.27,30.4422,39.3176,26.3438,Pulmonology,Northeast,171.62,29.1549,3.0,2254867677.0,56347.74,13138623.51,NOVARTIS,unspecified,none,Zimbabwe,2023,4,11,883,0,0,0,0,19.34,1
NOVO NORDISK,TARGET LIST MEDIA,IND,news and perspectives,EDITORIAL_VIDEOS,Other,2025-12-05,17200,3053,10178,396942.0,0.1775,3.33,1323.79,1568.23,60.1824,71.2952,53.404,Gastroenterology,Midwest,244.44,18.4651,39.0,677275200.0,66543.05,2770736.83,NOVO NORDISK,unspecified,none,India,2025,4,12,133,1,0,0,0,22.0,1
NOVONORDISK_OZEMPIC,EMAIL ALERT,UNKNOWN,unknown,UNKNOWN,UNKNOWN,2025-04-29,4961,1852,6458,19374.0,0.3733,3.49,1676.13,2039.72,78.7129,95.7875,117.2665,Internal Medicine,Pacific,363.59,21.6922,3.0,369600000.0,57231.34,1016527.44,NOVO NORDISK,OZEMPIC,none,Unknown,2025,2,4,353,0,0,0,1,21.29,0
NOVONORDISK_WEGOVY,BRAND ALERT,USA,search,EDITORIAL_VIDEOS,General Practitioner,2024-11-20,1377,314,430,16770.0,0.228,1.37,3770.62,4116.02,218.6537,238.6835,161.8298,Gastroenterology,West,345.4,9.1605,39.0,6807904.0,15832.33,19709.74,NOVO NORDISK,WEGOVY,none,United States,2024,4,11,513,0,0,0,0,17.24,0
NOVONORDISK_WEGOVY,EMAIL ALERT,USA,search,EDITORIAL_VIDEOS,General Practitioner,2024-11-20,837,338,1152,3456.0,0.4038,3.41,2963.14,3395.69,305.55,319.30539999999996,148.4481,Gastroenterology,Southeast,432.55,14.5975,3.0,6807904.0,5909.64,15739.19,NOVO NORDISK,WEGOVY,none,United States,2024,4,11,513,0,0,0,0,9.7,0
OTSUKA PHARMACEUTICAL,BRAND ALERT,USA,reference and tools,EDITORIAL_VIDEOS,Not stated,2026-02-17,1321,324,436,17004.0,0.2453,1.35,696.05,804.37,35.3382,40.8375,28.0026,Nephrology,South Atlantic,108.32,15.5619,39.0,44554400.0,102188.99,411328.45,OTSUKA,unspecified,none,United States,2026,1,2,59,0,0,0,0,19.7,0
PFIZER,BRAND ALERT,USA,reference and tools,EDITORIAL_VIDEOS,Not stated,2025-11-17,1686,307,964,37596.0,0.1821,3.14,840.69,923.17,69.4088,76.2191,50.8248,Hematology,Southeast,82.48,9.8118,39.0,34635588.0,35929.03,419894.73,PFIZER,unspecified,none,United States,2025,4,11,151,0,0,0,0,12.11,0
PFIZER,BRAND ALERT,ZAF,search,EDITORIAL_VIDEOS,General Practitioner,2024-02-13,13983,1650,7421,289419.0,0.118,4.5,3975.73,4744.49,169.2652,201.9948,143.006,Gastroenterology,Southwest,768.76,19.3363,39.0,358164517.0,48263.65,465899.28,PFIZER,unspecified,none,South Africa,2024,1,2,794,0,0,0,0,23.49,1
PFIZER,TARGET LIST MEDIA,ZAF,search,EDITORIAL_VIDEOS,General Practitioner,2024-02-13,65108,12699,38530,1502670.0,0.195,3.03,2948.66,3792.66,132.5208,170.4526,232.6029,Nephrology,South Atlantic,844.0,28.6233,39.0,716329033.0,18591.46,848729.88,PFIZER,unspecified,none,South Africa,2024,1,2,794,1,0,0,0,22.25,1
PFIZER_ELREXFIO,TARGET LIST MEDIA,USA,reference and tools,EDITORIAL_VIDEOS,Not stated,2024-12-19,14259,1829,5050,196950.0,0.1283,2.76,516.92,610.87,25.7694,30.4527,19.7723,Rheumatology,Southwest,93.95,18.1739,39.0,311232721.0,61630.24,3312934.64,PFIZER,ELREXFIO,none,United States,2024,4,12,484,1,0,0,0,20.06,0
PFIZER_PAXLOVID,BRAND ALERT,USA,reference and tools,EDITORIAL_VIDEOS,Not stated,2025-03-12,10352,1439,3212,125268.0,0.139,2.23,1079.27,1199.77,44.7265,49.7202,39.6405,Urology,South Atlantic,120.5,11.165,39.0,67017794.0,20864.82,556164.88,PFIZER,PAXLOVID,none,United States,2025,1,3,401,0,0,0,0,24.13,0
PROACT,EMAIL ALERT,UNKNOWN,unknown,UNKNOWN,UNKNOWN,2023-12-08,7699,1998,3192,9576.0,0.2595,1.6,458.43,533.88,53.7172,62.5574,17.4011,Urology,South Atlantic,75.45,16.457,3.0,70200000.0,21992.48,930490.57,PROACT,unspecified,none,Unknown,2023,4,12,861,0,0,0,1,8.53,0
RIGEL,EMAIL ALERT,UNKNOWN,unknown,UNKNOWN,UNKNOWN,2023-07-20,38328,15891,57404,172212.0,0.4146,3.61,172.32,240.57,8.3998,11.7265,8.508,Gastroenterology,Northeast,68.25,39.6053,3.0,4366825592.0,76071.8,63983150.08,RIGEL,unspecified,none,Unknown,2023,3,7,1002,0,0,0,1,20.51,0
RIGEL PHARMACEUTICALS,EMAIL ALERT,UNKNOWN,unknown,UNKNOWN,UNKNOWN,2023-07-20,68645,28166,51700,155100.0,0.4103,1.84,198.1,283.61,14.551,20.8321,10.5554,Internal Medicine,Mid-Atlantic,85.51,43.1656,3.0,785010032.0,15183.95,9180230.94,RIGEL,unspecified,none,Unknown,2023,3,7,1002,0,0,0,1,13.61,0
SEAGEN,BRAND ALERT,USA,search,SPONSORED_VIDEOS,Psychologist,2023-11-16,1800,252,398,15522.0,0.14,1.58,81.9,87.77,3.4994,3.7505,2.7367,Oncology,Pacific,5.87,7.174,39.0,27581400.0,69300.0,4694461.28,SEAGEN,unspecified,none,United States,2023,4,11,883,0,0,0,0,23.4,0
SEAGEN,BRAND ALERT,ZAF,reference and tools,EDITORIAL_VIDEOS,General Practitioner,2024-12-03,6911,1603,4154,162006.0,0.2319,2.59,293.95,341.23,23.4533,27.2257,20.1565,Rheumatology,Southeast,47.28,16.0847,39.0,291870000.0,70262.4,6173085.03,SEAGEN,unspecified,none,South Africa,2024,4,12,500,0,0,0,0,12.53,1
SEAGEN,BRANDSPOT,USA,search,SPONSORED_VIDEOS,Psychologist,2023-11-16,1915,286,1093,74324.0,0.1493,3.82,229.49,250.13,11.2926,12.308,10.9609,Nephrology,Midwest,20.64,8.9921,68.0,27581400.0,25234.58,1336546.61,SEAGEN,unspecified,none,United States,2023,4,11,883,0,0,0,0,20.32,0
SEAGEN,EMAIL ALERT,UNKNOWN,unknown,UNKNOWN,UNKNOWN,2023-11-16,3218,1123,4108,12324.0,0.349,3.66,176.19,229.26,7.6871,10.0027,7.525,Rheumatology,West,53.07,30.1236,3.0,301960724.0,73505.53,5689422.97,SEAGEN,unspecified,none,Unknown,2023,4,11,883,0,0,0,1,22.92,0
SEAGEN,EMAIL ALERT,USA,search,SPONSORED_VIDEOS,Psychologist,2023-11-16,900,311,429,1287.0,0.3456,1.38,70.57,80.15,8.1035,9.2037,2.9381,Internal Medicine,Pacific,9.58,13.5766,3.0,43342200.0,101030.77,4523989.93,SEAGEN,unspecified,none,United States,2023,4,11,883,0,0,0,0,8.71,0
SEAGEN,EMAIL ALERT,ZAF,reference and tools,EDITORIAL_VIDEOS,General Practitioner,2024-12-03,6735,1870,5052,15156.0,0.2777,2.7,35.08,41.91,2.3767,2.8397,2.4914,Neurology,Southwest,6.83,19.4785,3.0,464830000.0,92009.11,68025986.25,SEAGEN,unspecified,none,South Africa,2024,4,12,500,0,0,0,0,14.76,1
SEAGEN_ADCETRIS_MDALERT,BRAND ALERT,USA,search,EDITORIAL_VIDEOS,General Practitioner,2024-11-22,1556,251,733,28587.0,0.1613,2.92,109.62,123.26,5.23,5.8809,4.7495,Dermatology,Northeast,13.64,12.4456,39.0,1536000.0,2095.5,112589.31,SEAGEN,ADCETRIS,MDALERT,United States,2024,4,11,511,0,0,0,0,20.96,0
SEAGEN_ADCETRIS_MDALERT,BRAND ALERT,USA,search,SPONSORED_VIDEOS,General Practitioner,2024-07-31,1187,233,775,30225.0,0.1963,3.33,230.89,247.03,14.6751,15.7007,8.7567,Internal Medicine,Southwest,16.14,6.9884,39.0,41303624.0,53295.0,2559755.79,SEAGEN,ADCETRIS,MDALERT,United States,2024,3,7,625,0,0,0,0,15.73,0
SEAGEN_ADCETRIS_MDALERT,BRAND ALERT,USA,search,SPONSORED_VIDEOS,Psychologist,2023-11-16,959,160,535,20865.0,0.1668,3.34,95.41,101.47,7.6067,8.0898,8.6736,Nephrology,Mid-Atlantic,6.06,6.3519,39.0,3940200.0,7364.86,650146.85,SEAGEN,ADCETRIS,MDALERT,United States,2023,4,11,883,0,0,0,0,12.54,0
SEAGEN_ADCETRIS_MDALERT,EMAIL ALERT,UNKNOWN,unknown,UNKNOWN,UNKNOWN,2023-11-16,11146,3311,7957,23871.0,0.2971,2.4,171.08,210.27,14.5761,17.9157,6.06,Internal Medicine,West,39.19,22.9113,3.0,61404880.0,7717.09,1566624.7,SEAGEN,ADCETRIS,MDALERT,Unknown,2023,4,11,883,0,0,0,1,11.74,0
SEAGEN_ADCETRIS_MDALERT,EMAIL ALERT,USA,search,EDITORIAL_VIDEOS,General Practitioner,2024-08-19,969,351,1070,3210.0,0.3622,3.05,223.83,266.46,21.8669,26.0321,21.1354,Nephrology,Northeast,42.63,19.0482,3.0,10183900.0,9517.66,238863.76,SEAGEN,ADCETRIS,MDALERT,United States,2024,3,8,606,0,0,0,0,10.24,0
SEAGEN_ADCETRIS_MDALERT,EMAIL ALERT,USA,search,SPONSORED_VIDEOS,General Practitioner,2024-07-31,1898,475,1324,3972.0,0.2503,2.79,50.22,55.45,2.2251,2.4565,2.9338,Primary Care,Southwest,5.23,10.4142,3.0,13767875.0,10398.7,2632480.88,SEAGEN,ADCETRIS,MDALERT,United States,2024,3,7,625,0,0,0,0,22.57,0
SEAGEN_ADCETRIS_MDALERT,EMAIL ALERT,USA,search,SPONSORED_VIDEOS,Psychologist,2023-11-16,1545,788,3246,9738.0,0.51,4.12,211.88,254.81,11.9163,14.3303,20.5388,Cardiology,Mid-Atlantic,42.93,20.2588,3.0,15760800.0,4855.45,367169.92,SEAGEN,ADCETRIS,MDALERT,United States,2023,4,11,883,0,0,0,0,17.78,0
SEAGEN_ADCETRIS_MDALERT,EMAIL ALERT,ZAF,search,SPONSORED_VIDEOS,General Practitioner,2024-11-22,1249,343,1011,3033.0,0.2746,2.95,45.72,51.56,4.9173,5.5446,3.9612,Nephrology,Southwest,5.84,12.7734,3.0,13831971.0,13681.47,2368488.18,SEAGEN,ADCETRIS,MDALERT,South Africa,2024,4,11,511,0,0,0,0,9.3,1
SEAGEN_ADCETRIS_MEDSCAPE,BRAND ALERT,USA,search,EDITORIAL_VIDEOS,General Practitioner,2024-08-19,537,97,257,10023.0,0.1806,2.65,290.24,319.24,20.011,22.0104,10.2835,Internal Medicine,Pacific,29.0,9.9917,39.0,5333925.0,20754.57,183931.55,SEAGEN,ADCETRIS,MEDSCAPE,United States,2024,3,8,606,0,0,0,0,14.5,0
SEAGEN_ADCETRIS_MEDSCAPE,BRAND ALERT,USA,search,SPONSORED_VIDEOS,Psychologist,2023-11-16,729,180,456,17784.0,0.2469,2.53,156.75,177.42,10.9989,12.4492,9.1682,Cardiology,West,20.67,13.1856,39.0,3940200.0,8640.79,190637.92,SEAGEN,ADCETRIS,MEDSCAPE,United States,2023,4,11,883,0,0,0,0,14.25,0
SEAGEN_ADCETRIS_MEDSCAPE,BRAND ALERT,VGB,search,EDITORIAL_VIDEOS,General Practitioner,2024-03-04,1888,323,997,38883.0,0.1711,3.09,62.19,68.19,5.6079,6.1488,3.3624,Nephrology,Mountain,6.0,9.6451,39.0,48362929.0,48508.45,8062889.33,SEAGEN,ADCETRIS,MEDSCAPE,British Virgin Islands,2024,1,3,774,0,0,0,0,11.09,1
SEAGEN_ADCETRIS_MEDSCAPE,BRANDSPOT,USA,search,SPONSORED_VIDEOS,Psychologist,2023-11-16,1062,353,1360,92480.0,0.3324,3.85,115.87,132.69,7.5221,8.6143,8.0987,Nephrology,Pacific,16.82,14.5204,68.0,7880400.0,5794.41,468390.91,SEAGEN,ADCETRIS,MEDSCAPE,United States,2023,4,11,883,0,0,0,0,15.4,0
SEAGEN_ADCETRIS_MEDSCAPE,EMAIL ALERT,UNKNOWN,unknown,UNKNOWN,UNKNOWN,2023-11-16,937,300,893,2679.0,0.3202,2.98,135.76,155.25,9.9487,11.3774,6.1871,Oncology,West,19.49,14.3609,3.0,32191994.0,36049.27,1651224.43,SEAGEN,ADCETRIS,MEDSCAPE,Unknown,2023,4,11,883,0,0,0,1,13.65,0
SEAGEN_ADCETRIS_MEDSCAPE,EMAIL ALERT,USA,search,SPONSORED_VIDEOS,General Practitioner,2024-07-31,1806,863,2919,8757.0,0.4779,3.38,232.29,279.24,16.8197,20.2194,10.6088,Cardiology,Mid-Atlantic,46.95,20.2122,3.0,41303624.0,14149.92,879713.96,SEAGEN,ADCETRIS,MEDSCAPE,United States,2024,3,7,625,0,0,0,0,13.81,0
SEAGEN_ADCETRIS_MEDSCAPE,EMAIL ALERT,USA,search,EDITORIAL_VIDEOS,General Practitioner,2024-08-19,526,215,781,2343.0,0.4087,3.63,228.16,268.37,11.0953,13.0509,13.0795,Neurology,Northeast,40.21,17.6249,3.0,18589825.0,23802.59,462286.42,SEAGEN,ADCETRIS,MEDSCAPE,United States,2024,3,8,606,0,0,0,0,20.56,0
SEAGEN_ADCETRIS_MEDSCAPE,EMAIL ALERT,USA,search,SPONSORED_VIDEOS,Psychologist,2023-11-16,725,337,982,2946.0,0.4648,2.91,191.34,233.32,16.2218,19.7807,11.4847,Internal Medicine,South Atlantic,41.98,21.9396,3.0,7880400.0,8024.85,187718.31,SEAGEN,ADCETRIS,MEDSCAPE,United States,2023,4,11,883,0,0,0,0,11.8,0
SEAGEN_ADCETRIS_MEDSCAPE,EMAIL ALERT,VGB,search,EDITORIAL_VIDEOS,General Practitioner,2024-03-04,6893,1852,4830,14490.0,0.2687,2.61,49.66,56.69,2.6259,2.9977,1.7928,Internal Medicine,Southwest,7.03,14.1595,3.0,77918052.0,16132.1,11081016.48,SEAGEN,ADCETRIS,MEDSCAPE,British Virgin Islands,2024,1,3,774,0,0,0,0,18.91,1
SEAGEN_TIVDAK,BRAND ALERT,USA,reference and tools,EDITORIAL_VIDEOS,Not stated,2025-04-01,783,82,335,13065.0,0.1047,4.09,62.44,68.81,3.5274,3.8873,3.5345,Endocrinology,Southeast,6.37,10.2022,39.0,6946200.0,20734.93,1090424.85,SEAGEN,TIVDAK,none,United States,2025,2,4,381,0,0,0,0,17.7,0
SEAGEN_TIVDAK,EMAIL ALERT,USA,reference and tools,EDITORIAL_VIDEOS,Not stated,2025-04-01,1378,399,1028,3084.0,0.2896,2.58,46.25,53.75,2.6194,3.0439,2.3277,Cardiology,West,7.5,16.2063,3.0,9261600.0,9009.34,1235580.76,SEAGEN,TIVDAK,none,United States,2025,2,4,381,0,0,0,0,17.66,0
SEAGEN_TIVDAK_MDALERT,EMAIL ALERT,UNKNOWN,unknown,UNKNOWN,UNKNOWN,2025-03-26,1459,665,1811,5433.0,0.4558,2.72,181.61,212.64,9.4239,11.0343,11.5924,Rheumatology,Midwest,31.03,17.0886,3.0,15323400.0,8461.29,493756.21,SEAGEN,TIVDAK,MDALERT,Unknown,2025,1,3,387,0,0,0,1,19.27,0
SERONO,BRAND ALERT,USA,search,EDITORIAL_VIDEOS,Unmapped code 20,2024-01-22,7600,1699,7591,296049.0,0.2236,4.47,1077.14,1276.01,62.1815,73.6618,41.8544,Internal Medicine,Mid-Atlantic,198.87,18.4626,39.0,344781606.0,45419.79,1733723.04,EMD SERONO,unspecified,none,United States,2024,1,1,816,0,0,0,0,17.32,0
SERONO,BRAND ALERT,USA,search,EDITORIAL_VIDEOS,General Practitioner,2024-03-15,952,197,236,9204.0,0.2069,1.2,633.8,700.64,27.6198,30.5326,35.3113,Dermatology,Mountain,66.84,10.5461,39.0,750000.0,3177.97,11220.64,EMD SERONO,unspecified,none,United States,2024,1,3,763,0,0,0,0,22.95,0
SERONO,BRAND ALERT,USA,reference and tools,EDITORIAL_VIDEOS,Not stated,2025-02-21,13259,1129,2045,79755.0,0.0851,1.81,360.85,399.09,18.5194,20.4818,17.8001,Endocrinology,South Atlantic,38.24,10.5964,39.0,95046575.0,46477.54,2485729.04,EMD SERONO,unspecified,none,United States,2025,1,2,420,0,0,0,0,19.48,0
SERONO,EMAIL ALERT,USA,search,EDITORIAL_VIDEOS,Unmapped code 20,2024-01-22,9996,5099,12579,37737.0,0.5101,2.47,758.04,962.85,43.8216,55.6613,50.311,Cardiology,Midwest,204.81,27.018,3.0,290003220.0,23054.55,1415975.64,EMD SERONO,unspecified,none,United States,2024,1,1,816,0,0,0,0,17.3,0
SERONO,EMAIL ALERT,USA,reference and tools,EDITORIAL_VIDEOS,Not stated,2025-02-21,11007,3921,16772,50316.0,0.3562,4.28,1011.75,1182.34,45.7683,53.485,34.0048,Rheumatology,Mountain,170.59,16.8604,3.0,122059521.0,7277.58,715533.04,EMD SERONO,unspecified,none,United States,2025,1,2,420,0,0,0,0,22.11,0
SERONO_TEPMETKO,EMAIL ALERT,USA,reference and tools,EDITORIAL_VIDEOS,Not stated,2025-02-21,14946,5517,7895,23685.0,0.3691,1.43,941.71,1136.08,51.447,62.0656,59.4894,Rheumatology,Southeast,194.37,20.6399,3.0,75284000.0,9535.66,387327.02,EMD SERONO,TEPMETKO,none,United States,2025,1,2,420,0,0,0,0,18.3,0
SERVIER,BRAND ALERT,USA,search,EDITORIAL_VIDEOS,General Practitioner,2023-05-02,9683,947,1166,45474.0,0.0978,1.23,1081.45,1287.03,83.5132,99.3891,42.5519,Gastroenterology,Pacific,205.58,19.01,39.0,53795000.0,46136.36,261669.05,SERVIER,unspecified,none,United States,2023,2,5,1081,0,0,0,0,12.95,0
SERVIER,BRAND ALERT,USA,search,SPONSORED_VIDEOS,Psychologist,2023-11-16,1046,214,294,11466.0,0.2046,1.37,477.9,522.52,41.4823,45.3556,25.763,Urology,Southwest,44.62,9.337,39.0,7880400.0,26804.08,176604.04,SERVIER,unspecified,none,United States,2023,4,11,883,0,0,0,0,11.52,0
SERVIER,BRAND ALERT,VGB,search,EDITORIAL_VIDEOS,General Practitioner,2024-03-04,1715,190,283,11037.0,0.1108,1.49,393.95,434.46,37.2021,41.0268,27.8918,Oncology,Northeast,40.51,10.2811,39.0,10747317.0,37976.39,265347.7,SERVIER,unspecified,none,British Virgin Islands,2024,1,3,774,0,0,0,0,10.59,1
SERVIER,BRANDSPOT,USA,search,SPONSORED_VIDEOS,Psychologist,2023-11-16,1572,392,519,35292.0,0.2494,1.32,1079.82,1215.51,46.3625,52.1885,41.5404,Neurology,Mountain,135.69,12.5662,68.0,7880400.0,15183.82,58075.51,SERVIER,unspecified,none,United States,2023,4,11,883,0,0,0,0,23.29,0
SERVIER,EMAIL ALERT,UNKNOWN,unknown,UNKNOWN,UNKNOWN,2023-11-27,516,259,720,2160.0,0.5019,2.78,857.56,1057.41,42.7236,52.6799,51.4367,Hematology,South Atlantic,199.85,23.304,3.0,4883634.0,6782.82,24436.97,SERVIER,unspecified,none,Unknown,2023,4,11,872,0,0,0,1,20.07,0
SERVIER,EMAIL ALERT,USA,search,EDITORIAL_VIDEOS,General Practitioner,2023-05-02,1695,469,1461,4383.0,0.2767,3.12,510.93,581.15,21.3461,24.2798,18.7127,Internal Medicine,West,70.22,13.7434,3.0,37100000.0,25393.57,528347.54,SERVIER,unspecified,none,United States,2023,2,5,1081,0,0,0,0,23.94,0
SERVIER,TARGET LIST MEDIA,USA,search,EDITORIAL_VIDEOS,General Practitioner,2023-05-02,11435,1771,3713,144807.0,0.1549,2.1,942.35,1039.26,51.6187,56.9273,33.2925,Primary Care,West,96.91,10.2844,39.0,246715000.0,66446.27,2545677.34,SERVIER,unspecified,none,United States,2023,2,5,1081,1,0,0,0,18.26,0
STEMLINE,TARGET LIST MEDIA,UNKNOWN,unknown,UNKNOWN,UNKNOWN,2024-11-18,4205,473,1189,46371.0,0.1125,2.51,248.23,291.99,15.4683,18.1947,9.1274,Cardiology,South Atlantic,43.76,17.6257,39.0,173567844.0,145978.0,3967012.1,STEMLINE,unspecified,none,Unknown,2024,4,11,515,1,0,0,1,16.05,0
SUMITOMO PHARMA,BRAND ALERT,USA,reference and tools,EDITORIAL_VIDEOS,Not stated,2025-03-13,976,134,201,7839.0,0.1373,1.5,814.98,859.94,90.4007,95.3884,76.1651,Cardiology,West,44.96,5.5174,39.0,9067680.0,45112.84,201657.46,SUMITOMO PHARMA,unspecified,none,United States,2025,1,3,400,0,0,0,0,9.02,0
SUMITOMO_GEMTESA,BRAND ALERT,USA,reference and tools,EDITORIAL_VIDEOS,Not stated,2025-03-13,3069,492,1136,44304.0,0.1603,2.31,887.88,1031.7,45.725,53.1315,34.4843,Endocrinology,Mountain,143.82,16.1981,39.0,179842320.0,158311.9,1250468.61,SUMITOMO PHARMA,GEMTESA,none,United States,2025,1,3,400,0,0,0,0,19.42,0
TAKEDA,BRAND ALERT,USA,reference and tools,EDITORIAL_VIDEOS,Unmapped code 19,2024-12-26,1896,266,777,30303.0,0.1403,2.92,575.26,644.48,32.1418,36.0095,31.5612,Endocrinology,Mid-Atlantic,69.22,12.0331,39.0,15308865.0,19702.53,221157.37,TAKEDA,unspecified,none,United States,2024,4,12,477,0,0,0,0,17.9,0
TAKEDA,BRAND ALERT,USA,search,EDITORIAL_VIDEOS,General Practitioner,2024-04-05,12757,2427,8777,342303.0,0.1902,3.62,738.7,836.68,29.7459,33.6916,26.8866,Nephrology,West,97.98,13.2647,39.0,66000000.0,7519.65,673566.88,TAKEDA,unspecified,none,United States,2024,2,4,742,0,0,0,0,24.83,0
TAKEDA,BRAND ALERT,VIR,reference and tools,EDITORIAL_VIDEOS,Not stated,2026-03-24,3060,494,598,23322.0,0.1614,1.21,724.16,835.69,60.018,69.262,31.8185,Primary Care,Pacific,111.53,15.4021,39.0,193256784.0,323171.88,1732688.74,TAKEDA,unspecified,none,U.S. Virgin Islands,2026,1,3,24,0,0,0,0,12.07,1
TAKEDA,BRAND ALERT,ZAF,search,EDITORIAL_VIDEOS,Not stated,2025-03-07,4327,775,2125,82875.0,0.1791,2.74,1048.05,1264.44,61.5683,74.2802,39.2927,Cardiology,Southeast,216.39,20.647,39.0,200625000.0,94411.76,927144.44,TAKEDA,unspecified,none,South Africa,2025,1,3,406,0,0,0,0,17.02,1
TAKEDA,EMAIL ALERT,USA,reference and tools,EDITORIAL_VIDEOS,Unmapped code 19,2024-12-26,5420,2553,5565,16695.0,0.471,2.18,1039.96,1382.4,54.5447,72.5052,52.0278,Pulmonology,Northeast,342.44,32.9281,3.0,131891760.0,23700.23,385152.3,TAKEDA,unspecified,none,United States,2024,4,12,477,0,0,0,0,19.07,0
TAKEDA,EMAIL ALERT,USA,search,EDITORIAL_VIDEOS,General Practitioner,2024-04-05,2301,960,3853,11559.0,0.4172,4.01,1032.68,1321.42,54.4719,69.7022,49.8867,Neurology,Mountain,288.74,27.9599,3.0,255600000.0,66337.92,885235.71,TAKEDA,unspecified,none,United States,2024,2,4,742,0,0,0,0,18.96,0
TAKEDA,EMAIL ALERT,VIR,reference and tools,EDITORIAL_VIDEOS,Not stated,2026-03-24,14468,6162,21944,65832.0,0.4259,3.56,211.03,257.89,12.0301,14.7011,16.3746,Nephrology,Midwest,46.86,22.2029,3.0,193256784.0,8806.82,4124558.75,TAKEDA,unspecified,none,U.S. Virgin Islands,2026,1,3,24,0,0,0,0,17.54,1
TAKEDA,EMAIL ALERT,ZAF,search,EDITORIAL_VIDEOS,Not stated,2025-03-07,2606,1092,3433,10299.0,0.419,3.14,949.55,1216.2,44.7735,57.3469,36.9764,Nephrology,South Atlantic,266.65,28.0823,3.0,80250000.0,23376.06,300951.56,TAKEDA,unspecified,none,South Africa,2025,1,3,406,0,0,0,0,21.21,1
TAKEDA_ZS,BRAND ALERT,USA,search,SPONSORED_VIDEOS,General Practitioner,2024-07-31,1622,234,494,19266.0,0.1443,2.11,958.68,1030.98,83.4744,89.7701,52.1366,Cardiology,Mountain,72.3,7.5421,39.0,13767875.0,27870.19,190414.99,TAKEDA,unspecified,ZS,United States,2024,3,7,625,0,0,0,0,11.48,0
TAKEDA_ZS,BRAND ALERT,USA,search,EDITORIAL_VIDEOS,General Practitioner,2023-05-02,1199,164,689,26871.0,0.1368,4.2,878.38,969.72,43.194,47.6855,43.9154,Internal Medicine,Mid-Atlantic,91.34,10.3984,39.0,3632975.0,5272.82,39775.21,TAKEDA,unspecified,ZS,United States,2023,2,5,1081,0,0,0,0,20.34,0
TAKEDA_ZS,BRAND ALERT,VIR,search,EDITORIAL_VIDEOS,General Practitioner,2024-04-10,7088,1651,2226,86814.0,0.2329,1.35,956.26,1201.13,51.591,64.8018,37.2059,Urology,Pacific,244.87,25.6067,39.0,284760000.0,127924.53,1162910.87,TAKEDA,unspecified,ZS,U.S. Virgin Islands,2024,2,4,737,0,0,0,0,18.54,1
TAKEDA_ZS,BRAND ALERT,ZAF,search,EDITORIAL_VIDEOS,Not stated,2025-03-07,73483,13468,21026,820014.0,0.1833,1.56,1041.97,1351.93,44.8482,58.1894,47.4121,Primary Care,South Atlantic,309.96,29.7475,39.0,762375000.0,36258.68,2459594.14,TAKEDA,unspecified,ZS,South Africa,2025,1,3,406,0,0,0,0,23.23,1
TAKEDA_ZS,EMAIL ALERT,UNKNOWN,unknown,UNKNOWN,UNKNOWN,2023-11-27,690,223,555,1665.0,0.3232,2.49,670.32,787.1,29.9219,35.1349,47.8049,Nephrology,West,116.78,17.4222,3.0,9410421.0,16955.71,80579.58,TAKEDA,unspecified,ZS,Unknown,2023,4,11,872,0,0,0,1,22.4,0
TAKEDA_ZS,EMAIL ALERT,USA,search,SPONSORED_VIDEOS,General Practitioner,2024-07-31,752,300,483,1449.0,0.3989,1.61,702.05,794.16,52.5585,59.4545,32.1973,Internal Medicine,Mountain,92.11,13.1206,3.0,13767875.0,28504.92,149467.32,TAKEDA,unspecified,ZS,United States,2024,3,7,625,0,0,0,0,13.36,0
TAKEDA_ZS,EMAIL ALERT,USA,search,EDITORIAL_VIDEOS,General Practitioner,2024-08-19,1480,516,2247,6741.0,0.3486,4.35,324.71,380.33,25.576,29.9564,17.888,Pulmonology,Southeast,55.62,17.1269,3.0,3555950.0,1582.53,63940.32,TAKEDA,unspecified,ZS,United States,2024,3,8,606,0,0,0,0,12.7,0
TAKEDA_ZS,EMAIL ALERT,VIR,search,EDITORIAL_VIDEOS,General Practitioner,2024-04-10,4975,2637,10108,30324.0,0.5301,3.83,585.38,785.56,23.7108,31.8195,30.1888,Neurology,South Atlantic,200.18,34.1981,3.0,261030000.0,25824.1,1303926.83,TAKEDA,unspecified,ZS,U.S. Virgin Islands,2024,2,4,737,0,0,0,0,24.69,1
TAKEDA_ZS,EMAIL ALERT,ZAF,search,EDITORIAL_VIDEOS,Not stated,2025-03-07,21102,5323,10936,32808.0,0.2523,2.05,843.37,1004.53,49.7164,59.2172,79.8171,Cardiology,Southwest,161.16,19.1099,3.0,842625000.0,77050.57,5228297.98,TAKEDA,unspecified,ZS,South Africa,2025,1,3,406,0,0,0,0,16.96,1
TEVA,TARGET LIST MEDIA,UNKNOWN,unknown,UNKNOWN,UNKNOWN,2025-03-17,65336,7288,22900,893100.0,0.1115,3.14,980.4,1273.49,41.881,54.4013,69.0394,Hematology,Pacific,293.09,29.8948,39.0,2417443058.0,105565.2,8248164.74,TEVA,unspecified,none,Unknown,2025,1,3,396,1,0,0,1,23.41,0
VIIV,BRAND ALERT,USA,search,SPONSORED_VIDEOS,General Practitioner,2024-07-31,5327,757,3362,131118.0,0.1421,4.44,417.21,471.26,38.6807,43.6921,26.7086,Gastroenterology,Northeast,54.05,12.9558,39.0,261589621.0,77807.74,4839530.31,VIIV HEALTHCARE,unspecified,none,United States,2024,3,7,625,0,0,0,0,10.79,0
VIIV,BRAND ALERT,USA,search,EDITORIAL_VIDEOS,General Practitioner,2024-08-19,1846,300,1235,48165.0,0.1625,4.12,337.82,374.38,17.8479,19.7792,13.9256,Internal Medicine,South Atlantic,36.56,10.8214,39.0,12445825.0,10077.59,340448.87,VIIV HEALTHCARE,unspecified,none,United States,2024,3,8,606,0,0,0,0,18.93,0
VIIV,BRAND ALERT,USA,search,SPONSORED_VIDEOS,Psychologist,2023-11-16,10319,2318,7377,287703.0,0.2246,3.18,863.04,1063.11,39.648,48.8391,84.3651,Urology,Mid-Atlantic,200.07,23.1819,39.0,141847200.0,19228.3,708988.72,VIIV HEALTHCARE,unspecified,none,United States,2023,4,11,883,0,0,0,0,21.77,0
VIIV,BRAND ALERT,VGB,search,EDITORIAL_VIDEOS,General Practitioner,2024-03-04,517,49,204,7956.0,0.0948,4.16,201.88,219.34,8.3748,9.099,11.1072,Hematology,Mountain,17.46,8.6475,39.0,16120976.0,79024.39,923440.07,VIIV HEALTHCARE,unspecified,none,British Virgin Islands,2024,1,3,774,0,0,0,0,24.11,1
VIIV,BRAND ALERT,ZAF,search,SPONSORED_VIDEOS,General Practitioner,2024-11-22,3816,828,3696,144144.0,0.217,4.46,378.37,427.99,27.5485,31.161,13.2853,Dermatology,West,49.62,13.1132,39.0,82991826.0,22454.5,1672656.25,VIIV HEALTHCARE,unspecified,none,South Africa,2024,4,11,511,0,0,0,0,13.73,1
VIIV,BRANDSPOT,USA,search,SPONSORED_VIDEOS,Psychologist,2023-11-16,7854,1043,3810,259080.0,0.1328,3.65,229.07,268.57,11.2706,13.2141,18.7186,Endocrinology,Northeast,39.5,17.2442,68.0,102445200.0,26888.5,2593443.57,VIIV HEALTHCARE,unspecified,none,United States,2023,4,11,883,0,0,0,0,20.32,0
VIIV,EMAIL ALERT,UNKNOWN,unknown,UNKNOWN,UNKNOWN,2023-11-16,38093,19149,27085,81255.0,0.5027,1.41,366.89,506.2,21.3805,29.4993,18.0478,Internal Medicine,Northeast,139.31,37.9733,3.0,1152618490.0,42555.6,8273271.98,VIIV HEALTHCARE,unspecified,none,Unknown,2023,4,11,883,0,0,0,1,17.16,0
VIIV,EMAIL ALERT,USA,search,EDITORIAL_VIDEOS,General Practitioner,2023-05-02,2569,682,1722,5166.0,0.2655,2.52,381.32,480.46,42.2248,53.203,14.8198,Endocrinology,Pacific,99.14,25.9993,3.0,57434375.0,33353.3,579323.13,VIIV HEALTHCARE,unspecified,none,United States,2023,2,5,1081,0,0,0,0,9.03,0
VIIV,EMAIL ALERT,USA,search,SPONSORED_VIDEOS,General Practitioner,2024-07-31,53210,13593,53893,161679.0,0.2555,3.96,587.67,742.02,29.7858,37.6089,20.3695,Cardiology,Mid-Atlantic,154.35,26.2646,3.0,729697364.0,13539.74,4727549.06,VIIV HEALTHCARE,unspecified,none,United States,2024,3,7,625,0,0,0,0,19.73,0
VIIV,EMAIL ALERT,VGB,search,EDITORIAL_VIDEOS,General Practitioner,2024-03-04,1185,544,1066,3198.0,0.4591,1.96,602.33,707.54,30.526,35.8581,24.1554,Endocrinology,West,105.21,17.4675,3.0,2686829.0,2520.48,25537.41,VIIV HEALTHCARE,unspecified,none,British Virgin Islands,2024,1,3,774,0,0,0,0,19.73,1
VIIV HEALTHCARE,EMAIL ALERT,UNKNOWN,unknown,UNKNOWN,UNKNOWN,2025-11-12,5863,3219,12686,38058.0,0.549,3.94,1074.26,1435.79,45.0986,60.2757,44.0068,Dermatology,Northeast,361.53,33.6531,3.0,195525000.0,15412.66,540836.77,VIIV HEALTHCARE,unspecified,none,Unknown,2025,4,11,156,0,0,0,1,23.82,0
