unique_reach,unique_engaged_hcps,total_engagements,total_budget_spent,engagement_rate,engagement_frequency,pre_NRx,post_NRx,pre_avg_NRx,post_avg_NRx,pre_NRx_avg,NRx_lift,NRx_lift_pct,cpe,total_spend,actual_spend_per_engagement,spend_per_NRx_lift,start_year,start_quarter,start_month,campaign_age_days,cpe_imputed,spend_near_zero,budget_anomaly,targeting_info_missing,n_periods,region_country_mismatch,log_unique_reach,log_unique_engaged_hcps,log_total_engagements,log_total_budget_spent,log_total_spend,has_named_product,company_ABBVIE,company_ADC_THERAPEUTICS,company_ASTRAZENECA,company_BOEHRINGER_INGELHEIM,company_BRISTOL_MYERS_SQUIBB,company_DAY_ONE_BIOPHARMACEUTICALS,company_EISAI,company_EMD_SERONO,company_GILEAD,company_GSK,company_HORIZON,company_JANSSEN,company_LILLY,company_MERCK,company_NEUROCRINE,company_NOVARTIS,company_OTHER,company_PFIZER,company_SEAGEN,company_SERVIER,company_TAKEDA,company_VIIV_HEALTHCARE,channel_tag_MDALERT,channel_tag_MEDSCAPE,channel_tag_OTHER,channel_tag_ZS,channel_tag_none,sub_product_name_BRAND_ALERT,sub_product_name_BRAND_INTERCEPT,sub_product_name_BRAND_PLAY,sub_product_name_BRANDSPOT,sub_product_name_BRANDSTORY,sub_product_name_EMAIL_ALERT,sub_product_name_INFOSITE,sub_product_name_OTHER,sub_product_name_POINT_OF_CONTACT,sub_product_name_TARGET_LIST_MEDIA,country_OTHER,country_UNKNOWN,country_USA,country_VGB,country_VIR,country_ZAF,country_ZWE,pillar_OTHER,pillar_news_and_perspectives,pillar_reference_and_tools,pillar_search,pillar_unknown,media_type_EDITORIAL_VIDEOS,media_type_SPONSORED_VIDEOS,media_type_UNKNOWN,profession_General_Practitioner,profession_Not_stated,profession_OTHER,profession_Physician_Assistant,profession_Psychologist,profession_UNKNOWN,profession_Unmapped_code_19,profession_Unmapped_code_20,npi_specialty_Cardiology,npi_specialty_Dermatology,npi_specialty_Endocrinology,npi_specialty_Gastroenterology,npi_specialty_Hematology,npi_specialty_Internal_Medicine,npi_specialty_Nephrology,npi_specialty_Neurology,npi_specialty_OTHER,npi_specialty_Oncology,npi_specialty_Primary_Care,npi_specialty_Pulmonology,npi_specialty_Rheumatology,npi_specialty_Urology,region_Mid_Atlantic,region_Midwest,region_Mountain,region_Northeast,region_Pacific,region_South_Atlantic,region_Southeast,region_Southwest,region_West
9270,1070,4449,173511.0,0.1154,4.16,946.88,1093.64,63.06,72.8343,47.4714,146.76,15.5,39.0,134355308.0,30198.99,915440.73,2024,3,7,625,0,0,0,0,15.02,0,9.134646527606982,6.976348070447749,8.400659375160286,12.064002040242443,18.71599840843409,0,1,0,0,0,0,0,0,0,0,0,0,0,0,0,0,0,0,0,0,0,0,0,0,0,0,0,1,1,0,0,0,0,0,0,0,0,0,0,0,1,0,0,0,0,0,0,0,1,0,0,1,0,1,0,0,0,0,0,0,0,0,0,0,0,0,0,0,1,0,0,0,0,0,0,0,0,0,0,0,0,1,0,0
1959,380,1178,45942.0,0.194,3.1,915.49,1027.54,48.2253,54.1279,62.6833,112.05,12.2398,39.0,10667850.0,9055.9,95202.91,2024,3,8,606,0,0,0,0,18.98,0,7.580699752224563,5.942799375126701,7.072421900537371,10.735156776679537,16.182745197182378,0,1,0,0,0,0,0,0,0,0,0,0,0,0,0,0,0,0,0,0,0,0,0,0,0,0,0,1,1,0,0,0,0,0,0,0,0,0,0,0,1,0,0,0,0,0,0,0,1,0,1,0,0,1,0,0,0,0,0,0,0,1,0,0,0,0,0,0,0,0,0,0,0,0,0,0,0,0,0,0,0,0,1,0
2860,403,1703,66417.0,0.1409,4.23,721.23,799.5,37.9804,42.1019,66.2213,78.27,10.8516,39.0,59103000.0,34705.23,755161.42,2023,4,11,883,0,0,0,0,18.99,0,7.95892649305011,6.0014148779611505,7.440733707389261,11.103723383065155,17.894792259428943,0,1,0,0,0,0,0,0,0,0,0,0,0,0,0,0,0,0,0,0,0,0,0,0,0,0,0,1,1,0,0,0,0,0,0,0,0,0,0,0,1,0,0,0,0,0,0,0,1,0,0,1,0,0,0,0,0,1,0,0,0,1,0,0,0,0,0,0,0,0,0,0,0,0,0,1,0,0,0,0,0,0,0,0
7390,910,1107,43173.0,0.1231,1.22,1022.39,1144.26,44.2658,49.5424,55.8293,121.87,11.9201,39.0,124487739.0,112455.05,1021479.17,2024,4,11,511,0,0,0,0,23.1,1,8.908018322784887,6.814542897259958,7.010311867307229,10.672993741194823,18.639717795124582,0,1,0,0,0,0,0,0,0,0,0,0,0,0,0,0,0,0,0,0,0,0,0,0,0,0,0,1,1,0,0,0,0,0,0,0,0,0,0,0,0,0,0,1,0,0,0,0,1,0,0,1,0,1,0,0,0,0,0,0,0,0,0,0,0,0,0,0,1,0,0,0,0,0,0,0,0,0,1,0,0,0,0,0
77570,26264,116027,348081.0,0.3386,4.42,630.86,852.37,34.7051,46.8907,39.3346,221.51,35.1116,3.0,892409925.0,7691.4,4028833.69,2023,4,11,883,0,0,0,1,18.18,0,11.258948924983619,10.175992533388062,11.661586820271548,12.760193363183616,20.609436143275676,0,1,0,0,0,0,0,0,0,0,0,0,0,0,0,0,0,0,0,0,0,0,0,0,0,0,0,1,0,0,0,0,0,1,0,0,0,0,0,1,0,0,0,0,0,0,0,0,0,1,0,0,1,0,0,0,0,0,1,0,0,0,0,1,0,0,0,0,0,0,0,0,0,0,0,0,0,0,0,0,0,0,1,0
7191,2493,7028,21084.0,0.3467,2.82,1096.71,1279.66,66.3204,77.3833,43.4829,182.95,16.681,3.0,216962557.0,30871.17,1185960.03,2024,3,7,625,0,0,0,0,16.54,0,8.880724576151456,7.821643126239982,8.857799727175905,9.95631716618066,19.19523535283854,0,1,0,0,0,0,0,0,0,0,0,0,0,0,0,0,0,0,0,0,0,0,0,0,0,0,0,1,0,0,0,0,0,1,0,0,0,0,0,0,1,0,0,0,0,0,0,0,1,0,0,1,0,1,0,0,0,0,0,0,0,0,0,0,0,0,0,0,0,0,1,0,0,0,0,1,0,0,0,0,0,0,0,0
1544,779,2793,8379.0,0.5045,3.59,271.28,326.11,26.1833,31.4753,15.8779,54.83,20.2112,3.0,48698550.0,17435.93,888188.75,2023,2,5,1081,0,0,0,0,10.36,0,7.3427791893318455,6.659293919683638,7.935229539816907,9.033603193476129,17.701159834016742,0,1,0,0,0,0,0,0,0,0,0,0,0,0,0,0,0,0,0,0,0,0,0,0,0,0,0,1,0,0,0,0,0,1,0,0,0,0,0,0,1,0,0,0,0,0,0,0,1,0,1,0,0,1,0,0,0,0,0,0,0,0,0,0,0,0,0,0,1,0,0,0,0,0,0,0,0,0,0,1,0,0,0,0
69886,6927,27076,1055964.0,0.0991,3.91,1154.66,1436.17,115.842,144.0851,39.8414,281.51,24.3807,39.0,1614190464.0,59617.02,5733965.66,2024,4,11,519,1,0,0,1,9.97,0,11.154634930954094,8.843326450242271,10.206439938023752,13.869965598759677,21.202099407886287,0,1,0,0,0,0,0,0,0,0,0,0,0,0,0,0,0,0,0,0,0,0,0,0,0,0,0,1,0,0,0,0,0,0,0,0,0,1,0,1,0,0,0,0,0,0,0,0,0,1,0,0,1,0,0,0,0,0,1,0,0,0,1,0,0,0,0,0,0,0,0,0,0,0,0,0,0,0,0,0,0,1,0,0
621,124,442,17238.0,0.1997,3.56,203.31,226.78,19.1382,21.3476,6.9518,23.47,11.5442,39.0,20614176.0,46638.41,878285.6,2025,4,11,142,0,0,0,0,10.62,0,6.432940092739179,4.8283137373023015,6.093569770045136,9.754929537894979,16.841489600939607,0,0,1,0,0,0,0,0,0,0,0,0,0,0,0,0,0,0,0,0,0,0,0,0,0,0,0,1,1,0,0,0,0,0,0,0,0,0,0,0,1,0,0,0,0,0,0,1,0,0,1,0,0,0,1,0,0,0,0,0,0,0,1,0,0,0,0,0,0,0,0,0,0,0,0,0,0,0,0,0,1,0,0,0
2466,1025,3039,9117.0,0.4157,2.96,126.42,149.73,11.5755,13.7094,5.6392,23.31,18.4345,3.0,52680672.0,17334.87,2260486.69,2025,4,11,142,0,0,0,0,10.92,0,7.810758116529357,6.933423025730715,8.019612794400267,9.118005760773388,17.779759210004524,0,0,1,0,0,0,0,0,0,0,0,0,0,0,0,0,0,0,0,0,0,0,0,0,0,0,0,1,0,0,0,0,0,1,0,0,0,0,0,0,1,0,0,0,0,0,0,1,0,0,1,0,0,0,1,0,0,0,0,0,0,0,0,0,0,0,1,0,0,0,0,0,0,0,0,1,0,0,0,0,0,0,0,0
6426,780,2162,84318.0,0.1214,2.77,75.2,85.11,3.9908,4.5163,2.6319,9.91,13.1782,39.0,91618560.0,42376.76,9252068.22,2025,4,11,142,1,0,0,0,18.84,0,8.768263145371286,6.660575149839686,7.679251425953058,11.34236250412232,18.333144440121835,0,0,1,0,0,0,0,0,0,0,0,0,0,0,0,0,0,0,0,0,0,0,0,0,0,0,0,1,0,0,0,0,0,0,0,0,0,1,0,0,1,0,0,0,0,0,0,1,0,0,1,0,0,0,1,0,0,0,0,0,0,0,0,0,1,0,0,0,0,0,0,0,0,0,0,0,0,0,0,0,0,1,0,0
7578,1147,4550,177450.0,0.1514,3.97,154.17,182.57,7.4852,8.8639,6.1138,28.4,18.418,39.0,229783885.0,50501.95,8092314.14,2025,1,3,402,0,0,0,0,20.6,0,8.93313654381203,7.045776576879511,8.423102268016642,12.086449793449015,19.252649799075193,1,0,1,0,0,0,0,0,0,0,0,0,0,0,0,0,0,0,0,0,0,0,0,0,0,0,0,1,1,0,0,0,0,0,0,0,0,0,0,0,1,0,0,0,0,0,0,1,0,0,1,0,0,0,1,0,0,0,0,0,0,0,0,0,0,0,0,0,0,0,0,1,0,0,0,0,0,1,0,0,0,0,0,0
62191,20327,38148,114444.0,0.3268,1.88,74.48,92.15,4.3784,5.4175,3.5571,17.67,23.7314,3.0,1217365686.0,31911.65,68877718.54,2025,1,3,402,0,0,0,0,17.01,0,11.037981653092004,9.919754525,10.549254824049264,11.647849637226749,20.919955088149635,1,0,1,0,0,0,0,0,0,0,0,0,0,0,0,0,0,0,0,0,0,0,0,0,0,0,0,1,0,0,0,0,0,1,0,0,0,0,0,0,1,0,0,0,0,0,0,1,0,0,1,0,0,0,1,0,0,0,0,0,0,0,0,0,0,1,0,0,0,0,0,0,0,0,0,0,0,0,0,0,1,0,0,0
75788,12551,55153,2150967.0,0.1656,4.39,66.57,85.62,3.0133,3.8752,4.8928,19.05,28.6165,39.0,1808936963.0,32798.52,94992776.45,2025,1,3,402,1,0,0,0,22.09,0,11.235708442366212,9.437635294412868,10.91788455151661,14.58142853133772,21.316005196981298,1,0,1,0,0,0,0,0,0,0,0,0,0,0,0,0,0,0,0,0,0,0,0,0,0,0,0,1,0,0,0,0,0,0,0,0,0,1,0,0,1,0,0,0,0,0,0,1,0,0,1,0,0,0,1,0,0,0,0,0,0,0,0,0,0,0,0,0,0,0,0,0,1,0,0,0,0,0,0,0,0,0,0,1
13363,1254,4446,173394.0,0.0938,3.55,817.35,963.88,32.8895,38.7856,42.6327,146.53,17.927,39.0,423393147.0,95230.13,2889522.65,2023,4,12,841,0,0,0,0,24.85,1,9.500319803476646,7.134890851565884,8.399984990510696,12.063327507849403,19.863811733255865,0,0,0,0,0,0,0,0,0,0,0,0,0,0,0,0,0,1,0,0,0,0,0,0,0,0,0,1,1,0,0,0,0,0,0,0,0,0,0,0,0,0,0,1,0,0,0,0,1,0,0,1,0,0,0,0,0,1,0,0,0,0,0,1,0,0,0,0,0,0,0,0,0,0,0,0,0,0,0,0,0,0,0,1
271335,68255,126843,380529.0,0.2516,1.86,723.08,1047.03,32.957,47.7219,34.0797,323.95,44.8002,3.0,7130259576.0,56213.27,22010835.91,2025,1,3,382,0,0,0,1,21.94,0,12.5111131842781,11.131020621271077,11.750713263948166,12.84932029680269,22.687613477021284,0,0,0,0,0,0,0,0,0,0,0,0,0,0,0,0,0,1,0,0,0,0,0,0,0,0,0,1,0,0,0,0,0,1,0,0,0,0,0,1,0,0,0,0,0,0,0,0,0,1,0,0,1,0,0,0,0,0,1,0,0,0,0,0,0,0,0,1,0,0,0,0,0,0,0,0,0,0,0,0,1,0,0,0
31023,13599,49359,148077.0,0.4384,3.63,870.1,1120.16,43.9154,56.5367,31.8959,250.06,28.74,3.0,1717609656.0,34798.31,6868625.23,2025,2,4,368,0,0,0,1,19.81,0,10.342516377482433,9.517825071724143,10.80689565857927,11.905494440943311,21.264199426893104,1,0,0,0,0,0,0,0,0,0,0,0,0,0,0,0,0,1,0,0,0,0,0,0,0,0,0,1,0,0,0,0,0,1,0,0,0,0,0,1,0,0,0,0,0,0,0,0,0,1,0,0,1,0,0,0,0,0,1,0,0,0,0,0,0,0,0,0,0,0,0,1,0,0,0,0,0,0,0,1,0,0,0,0
56090,17291,50982,152946.0,0.3083,2.95,1129.61,1540.77,66.2433,90.3554,57.5546,411.16,36.3993,3.0,578430000.0,11345.77,1406795.88,2024,4,10,536,0,0,0,1,17.05,0,10.934730650833384,9.757999245787522,10.839247522805225,11.937846735133663,20.175828096412506,0,0,0,0,0,0,0,0,0,0,0,0,0,0,0,0,0,1,0,0,0,0,0,0,0,0,0,1,0,0,0,0,0,1,0,0,0,0,0,1,0,0,0,0,0,0,0,0,0,1,0,0,1,0,0,0,0,0,1,0,0,0,0,0,0,0,0,0,1,0,0,0,0,0,0,0,0,0,0,1,0,0,0,0
16685,1500,5300,206700.0,0.0899,3.53,732.26,897.65,46.8482,57.4292,26.1957,165.39,22.5858,39.0,1076891924.0,203187.16,6511364.64,2024,4,10,536,1,0,0,1,15.63,0,9.72232532346202,7.313886831633462,8.575650760987806,12.239028583587523,20.79734488189603,0,0,0,0,0,0,0,0,0,0,0,0,0,0,0,0,0,1,0,0,0,0,0,0,0,0,0,1,0,0,0,0,0,0,0,0,0,1,0,1,0,0,0,0,0,0,0,0,0,1,0,0,1,0,0,0,0,0,1,0,0,0,0,0,1,0,0,0,0,0,0,0,0,0,0,0,0,0,0,1,0,0,0,0
2769,375,1400,54600.0,0.1354,3.73,780.93,892.78,82.7726,94.6275,33.2496,111.85,14.3223,39.0,300399210.0,214570.86,2685802.1,2025,2,5,323,1,0,0,1,9.43,0,7.926602599181384,5.929589143389895,7.244941546337007,10.907807476583594,19.5206228513528,1,0,0,0,0,0,0,0,0,0,0,0,0,0,0,0,0,1,0,0,0,0,0,0,0,0,0,1,0,0,0,0,0,0,0,0,0,1,0,1,0,0,0,0,0,0,0,0,0,1,0,0,1,0,0,0,0,0,1,0,0,0,0,0,0,0,0,0,0,0,0,0,1,0,0,1,0,0,0,0,0,0,0,0
12583,1115,1659,64701.0,0.0886,1.49,45.1,49.35,3.0492,3.3366,3.5397,4.25,9.4251,39.0,93843034.0,56566.02,22079321.79,2024,3,7,625,0,0,0,0,14.79,0,9.440181444738114,7.017506142941256,7.414572881350589,11.077547391912312,18.357134104071235,1,0,0,1,0,0,0,0,0,0,0,0,0,0,0,0,0,0,0,0,0,0,0,0,0,0,0,1,1,0,0,0,0,0,0,0,0,0,0,0,1,0,0,0,0,0,0,0,1,0,0,1,0,1,0,0,0,0,0,0,0,0,0,0,0,0,0,1,0,0,0,0,0,0,0,1,0,0,0,0,0,0,0,0
1937,446,1280,49920.0,0.2303,2.87,220.94,250.76,9.4127,10.683,7.3893,29.82,13.4959,39.0,13739850.0,10734.26,460797.96,2024,3,8,606,0,0,0,0,23.47,0,7.569411792450712,6.102558594613569,7.155396301896734,10.818197034893952,16.435811000449313,1,0,0,1,0,0,0,0,0,0,0,0,0,0,0,0,0,0,0,0,0,0,0,0,0,0,0,1,1,0,0,0,0,0,0,0,0,0,0,0,1,0,0,0,0,0,0,0,1,0,1,0,0,1,0,0,0,0,0,0,0,0,0,0,0,1,0,0,0,0,0,0,0,0,0,0,1,0,0,0,0,0,0,0
1305,110,470,18330.0,0.0843,4.27,131.97,138.91,6.0715,6.3909,6.4237,6.94,5.2592,39.0,35461800.0,75450.64,5109212.27,2023,4,11,883,0,0,0,0,21.74,0,7.174724309836376,4.709530201312334,6.154858094016418,9.816348894719365,17.383966646942696,1,0,0,1,0,0,0,0,0,0,0,0,0,0,0,0,0,0,0,0,0,0,0,0,0,0,0,1,1,0,0,0,0,0,0,0,0,0,0,0,1,0,0,0,0,0,0,0,1,0,0,1,0,0,0,0,0,1,0,0,0,0,0,0,0,1,0,0,0,0,0,0,0,0,0,0,0,0,1,0,0,0,0,0
885,157,354,13806.0,0.1774,2.25,293.48,320.32,25.1423,27.4415,16.4535,26.84,9.1448,39.0,18807806.0,53129.4,700775.45,2024,1,3,774,0,0,0,0,11.67,1,6.786716950605081,5.062595033026967,5.872117789475416,9.532930988916153,16.74978260755858,1,0,0,1,0,0,0,0,0,0,0,0,0,0,0,0,0,0,0,0,0,0,0,0,0,0,0,1,1,0,0,0,0,0,0,0,0,0,0,0,0,1,0,0,0,0,0,0,1,0,1,0,0,1,0,0,0,0,0,0,0,0,0,1,0,0,0,0,0,0,0,0,0,0,0,0,0,0,0,0,1,0,0,0
1715,265,837,32643.0,0.1545,3.16,250.49,265.87,15.722,16.6875,10.8052,15.38,6.1407,39.0,41495913.0,49576.96,2697746.73,2024,4,11,511,0,0,0,0,15.93,1,7.447751280047908,5.583496308781699,6.731018100482083,10.393416350589133,17.54110552252231,1,0,0,1,0,0,0,0,0,0,0,0,0,0,0,0,0,0,0,0,0,0,0,0,0,0,0,1,1,0,0,0,0,0,0,0,0,0,0,0,0,0,0,1,0,0,0,0,1,0,0,1,0,1,0,0,0,0,0,0,0,0,0,0,0,0,0,0,1,0,0,0,0,0,0,0,0,0,0,0,0,0,1,0
1455,399,964,65552.0,0.2742,2.42,166.29,191.89,7.5988,8.7683,13.6555,25.6,15.391,68.0,35461800.0,36786.1,1385530.8,2023,4,11,883,0,0,0,0,21.88,0,7.283448228756631,5.991464547107982,6.872128101338986,11.090614254734977,17.383966646942696,1,0,0,1,0,0,0,0,0,0,0,0,0,0,0,0,0,0,0,0,0,0,0,0,0,0,0,1,0,0,0,1,0,0,0,0,0,0,0,0,1,0,0,0,0,0,0,0,1,0,0,1,0,0,0,0,0,1,0,0,0,0,0,0,0,0,0,0,0,0,0,1,0,0,0,0,0,0,1,0,0,0,0,0
8420,2933,7916,23748.0,0.3483,2.7,54.5,69.21,5.9594,7.5675,2.3977,14.71,26.9834,3.0,224333710.0,28339.28,15253940.4,2023,4,11,883,0,0,0,1,9.15,0,9.038483865029992,7.984121958702927,8.976767625171433,10.075295703313177,19.228645282446163,1,0,0,1,0,0,0,0,0,0,0,0,0,0,0,0,0,0,0,0,0,0,0,0,0,0,0,1,0,0,0,0,0,1,0,0,0,0,0,1,0,0,0,0,0,0,0,0,0,1,0,0,1,0,0,0,0,0,1,0,0,0,0,0,0,0,0,0,0,0,1,0,0,0,0,0,0,1,0,0,0,0,0,0
3184,944,2841,8523.0,0.2965,3.01,260.64,325.08,17.8693,22.2876,13.0548,64.44,24.7255,3.0,190218158.0,66954.65,2951696.89,2024,3,7,625,0,0,0,0,14.59,0,8.066207568006265,6.851184927493743,7.952263308657046,9.050640993218508,19.063682176704408,1,0,0,1,0,0,0,0,0,0,0,0,0,0,0,0,0,0,0,0,0,0,0,0,0,0,0,1,0,0,0,0,0,1,0,0,0,0,0,0,1,0,0,0,0,0,0,0,1,0,0,1,0,1,0,0,0,0,0,0,0,0,0,0,0,0,0,0,0,0,0,1,0,0,0,1,0,0,0,0,0,0,0,0
959,522,1571,4713.0,0.5443,3.01,243.94,292.58,10.8507,13.0142,13.4524,48.64,19.9385,3.0,39518600.0,25155.06,812510.55,2023,2,5,1081,0,0,0,0,22.48,0,6.866933284461882,6.259581464064923,7.360103972989152,8.458292083496076,17.492282030419783,1,0,0,1,0,0,0,0,0,0,0,0,0,0,0,0,0,0,0,0,0,0,0,0,0,0,0,1,0,0,0,0,0,1,0,0,0,0,0,0,1,0,0,0,0,0,0,0,1,0,1,0,0,1,0,0,0,0,0,0,0,0,0,0,0,0,0,0,0,0,0,1,0,0,0,1,0,0,0,0,0,0,0,0
1837,921,1718,5154.0,0.5014,1.87,71.68,84.3,4.8219,5.6705,2.4667,12.62,17.598,3.0,5373659.0,3127.86,425975.63,2024,1,3,774,0,0,0,0,14.87,1,7.516433302915632,6.826545223556594,7.449498005382849,8.54772239645106,15.49701979857143,1,0,0,1,0,0,0,0,0,0,0,0,0,0,0,0,0,0,0,0,0,0,0,0,0,0,0,1,0,0,0,0,0,1,0,0,0,0,0,0,0,1,0,0,0,0,0,0,1,0,1,0,0,1,0,0,0,0,0,0,0,0,0,0,0,1,0,0,0,0,0,0,0,0,0,0,0,0,0,0,0,1,0,0
14309,3237,11197,436683.0,0.2262,3.46,495.28,599.18,53.1446,64.2934,24.218,103.9,20.9783,39.0,270310437.0,24141.33,2601620.32,2024,1,1,836,0,0,0,0,9.32,0,9.568713872550497,8.08271113423758,9.323490469908839,12.986965100377901,19.415081626853286,0,0,0,0,0,1,0,0,0,0,0,0,0,0,0,0,0,0,0,0,0,0,0,0,0,0,0,1,1,0,0,0,0,0,0,0,0,0,0,0,1,0,0,0,0,0,0,0,1,0,1,0,0,0,0,1,0,0,0,0,0,0,0,0,0,0,0,0,0,0,1,0,0,0,0,0,0,0,1,0,0,0,0,0
21396,2621,3905,152295.0,0.1225,1.49,993.41,1224.9,57.6788,71.1199,69.0713,231.49,23.3032,39.0,2363005952.0,605123.16,10207544.88,2023,4,12,843,0,0,0,0,17.22,0,9.97100600426695,7.871692664323645,8.270269111436624,11.933581274585624,21.583200354403193,0,0,0,0,0,1,0,0,0,0,0,0,0,0,0,0,0,0,0,0,0,0,0,0,0,0,0,1,1,0,0,0,0,0,0,0,0,0,0,0,1,0,0,0,0,0,0,0,1,0,0,1,0,1,0,0,0,0,0,0,0,0,0,0,0,0,0,0,0,0,1,0,0,0,0,0,0,0,0,0,0,1,0,0
77187,6684,11082,432198.0,0.0866,1.66,385.23,447.44,17.0082,19.7549,20.0857,62.21,16.1498,39.0,2899058399.0,261600.65,46598544.46,2023,3,7,1010,0,0,0,0,22.65,0,11.253999283516247,8.807621489536043,9.313167681775653,12.976641409308609,21.787651831560567,0,0,0,0,0,1,0,0,0,0,0,0,0,0,0,0,0,0,0,0,0,0,0,0,0,0,0,1,1,0,0,0,0,0,0,0,0,0,0,0,1,0,0,0,0,0,0,0,1,0,1,0,0,1,0,0,0,0,0,0,0,0,0,1,0,0,0,0,0,0,0,0,0,0,0,0,0,0,0,0,0,0,1,0
42480,5588,6755,263445.0,0.1315,1.21,1117.75,1421.5,61.9774,78.8197,39.3745,303.75,27.175,39.0,1598528816.0,236643.79,5262661.0,2025,1,2,427,0,0,0,0,18.03,0,10.65681219612839,8.628555659269699,8.81818627792769,12.48160369237546,21.192349553827484,0,0,0,0,0,1,0,0,0,0,0,0,0,0,0,0,0,0,0,0,0,0,0,0,0,0,0,1,1,0,0,0,0,0,0,0,0,0,0,0,1,0,0,0,0,0,0,1,0,0,1,0,0,0,1,0,0,0,0,0,0,0,0,0,0,0,0,1,0,0,0,0,0,0,0,0,0,0,0,0,0,1,0,0
56434,9667,15323,597597.0,0.1713,1.59,624.53,839.43,52.7172,70.8573,46.1863,214.9,34.4101,39.0,4390725746.0,286544.79,20431409.99,2025,1,2,437,0,0,0,0,11.85,0,10.940844812389727,9.176576741823373,9.63717550582054,13.30067356607493,22.202760368593175,0,0,0,0,0,1,0,0,0,0,0,0,0,0,0,0,0,0,0,0,0,0,0,0,0,0,0,1,1,0,0,0,0,0,0,0,0,0,0,0,1,0,0,0,0,0,0,0,1,0,1,0,0,0,1,0,0,0,0,0,0,0,0,0,0,0,0,0,0,0,0,0,1,0,0,0,0,0,1,0,0,0,0,0
40658,5510,15215,593385.0,0.1355,2.76,287.04,368.76,19.7521,25.3754,20.102,81.72,28.4693,39.0,793502720.0,52152.66,9710247.81,2025,1,3,393,0,0,0,0,14.53,1,10.612975492684125,8.614501373883236,9.630102784785171,13.293600393705807,20.49196752703639,0,0,0,0,0,1,0,0,0,0,0,0,0,0,0,0,0,0,0,0,0,0,0,0,0,0,0,1,1,0,0,0,0,0,0,0,0,0,0,0,0,1,0,0,0,0,0,1,0,0,1,0,0,0,1,0,0,0,0,0,0,0,0,0,0,0,0,0,0,0,0,0,0,1,0,0,0,0,0,0,1,0,0,0
4558,1006,3219,125541.0,0.2207,3.2,1015.75,1241.35,64.8954,79.3087,98.9951,225.6,22.2101,39.0,120960000.0,37576.89,536173.12,2025,4,11,151,0,0,0,0,15.65,1,8.424858580213442,6.914730892718563,8.077136638538454,11.740395642921937,18.610970478662693,0,0,0,0,0,1,0,0,0,0,0,0,0,0,0,0,0,0,0,0,0,0,0,0,0,0,0,1,1,0,0,0,0,0,0,0,0,0,0,0,0,0,1,0,0,0,0,1,0,0,1,0,0,0,1,0,0,0,0,0,0,1,0,0,0,0,0,0,0,0,0,0,0,0,0,0,0,1,0,0,0,0,0,0
9849,1242,4745,185055.0,0.1261,3.82,573.51,698.51,32.1338,39.1377,55.7683,125.0,21.7958,39.0,282888848.0,59618.3,2263096.07,2025,1,2,414,0,0,0,0,17.85,1,9.195226734166134,7.1252830915107115,8.465057436995709,12.128413760957946,19.460564618739898,0,0,0,0,0,1,0,0,0,0,0,0,0,0,0,0,0,0,0,0,0,0,0,0,0,0,0,1,1,0,0,0,0,0,0,0,0,0,0,0,0,0,0,1,0,0,0,0,1,0,1,0,0,0,1,0,0,0,0,0,0,0,0,0,0,0,0,1,0,0,0,0,0,0,0,1,0,0,0,0,0,0,0,0
4047,987,1531,59709.0,0.2439,1.55,726.5,839.25,34.7458,40.1385,27.3245,112.75,15.5203,39.0,409387456.0,267398.73,3630778.29,2025,1,2,421,0,0,0,0,20.91,1,8.305978210967302,6.895682697747868,7.3343293503005365,10.997254789541039,19.830172593203805,0,0,0,0,0,1,0,0,0,0,0,0,0,0,0,0,0,0,0,0,0,0,0,0,0,0,0,1,1,0,0,0,0,0,0,0,0,0,0,0,0,0,0,1,0,0,0,1,0,0,1,0,0,0,1,0,0,0,0,0,0,1,0,0,0,0,0,0,0,0,0,0,0,0,0,0,0,0,0,0,0,0,1,0
79987,12616,50557,1971723.0,0.1577,4.01,312.3,393.09,32.26,40.6047,12.6734,80.79,25.8669,39.0,2503251138.0,49513.44,30987206.81,2023,4,12,843,0,0,0,0,9.68,1,11.289631902404894,9.442800389927742,10.830876471076316,14.494418844917433,21.640856179560572,0,0,0,0,0,1,0,0,0,0,0,0,0,0,0,0,0,0,0,0,0,0,0,0,0,0,0,1,1,0,0,0,0,0,0,0,0,0,0,0,0,0,0,1,0,0,0,0,1,0,1,0,0,0,0,0,0,1,0,0,0,0,0,0,0,1,0,0,0,0,0,0,0,0,0,1,0,0,0,0,0,0,0,0
4747,1194,4372,170508.0,0.2515,3.66,202.58,256.51,8.7607,11.0929,11.8464,53.93,26.6208,39.0,126123118.0,28847.92,2338666.33,2025,1,2,414,1,0,0,0,23.12,0,8.465478755729558,7.085901464365611,8.38320455141292,12.046543360236335,18.65276912275082,0,0,0,0,0,1,0,0,0,0,0,0,0,0,0,0,0,0,0,0,0,0,0,0,0,0,0,1,0,0,1,0,0,0,0,0,0,0,0,0,1,0,0,0,0,0,0,0,1,0,1,0,0,0,1,0,0,0,0,0,0,0,0,0,0,0,0,0,0,0,0,0,0,1,0,0,1,0,0,0,0,0,0,0
73319,9897,25218,983502.0,0.135,2.55,837.99,985.05,102.078,119.9931,34.9653,147.06,17.5504,39.0,500650228.0,19852.89,3404168.4,2023,4,12,843,1,0,0,0,8.21,1,11.20258870195364,9.200087995511831,10.135352957662207,13.79887596713705,20.031418269523353,0,0,0,0,0,1,0,0,0,0,0,0,0,0,0,0,0,0,0,0,0,0,0,0,0,0,0,1,0,0,1,0,0,0,0,0,0,0,0,0,0,0,0,1,0,0,0,0,1,0,1,0,0,0,0,0,0,1,0,0,0,0,0,0,0,0,0,0,0,0,0,0,1,0,0,0,0,1,0,0,0,0,0,0
74150,15913,68086,4629848.0,0.2146,4.28,715.18,933.29,50.0441,65.3067,39.9447,218.11,30.4982,68.0,1292268880.0,18979.95,5924691.73,2023,4,12,843,0,0,0,0,14.29,0,11.213858833651809,9.67495450393748,11.128541578173136,15.34803481213966,20.979665332883577,0,0,0,0,0,1,0,0,0,0,0,0,0,0,0,0,0,0,0,0,0,0,0,0,0,0,0,1,0,0,0,1,0,0,0,0,0,0,0,0,1,0,0,0,0,0,0,0,1,0,0,1,0,1,0,0,0,0,0,0,0,0,0,0,0,0,0,0,0,0,0,0,0,1,0,0,0,0,0,0,0,1,0,0
15189,4266,19069,1296692.0,0.2809,4.47,793.54,1037.17,93.7308,122.5084,27.3088,243.63,30.7024,68.0,1604802734.0,84157.68,6586896.1,2023,3,7,1010,0,0,0,0,8.47,0,9.628392595589819,8.358666283188,9.855871698594465,14.075327735203595,21.196266679432707,0,0,0,0,0,1,0,0,0,0,0,0,0,0,0,0,0,0,0,0,0,0,0,0,0,0,0,1,0,0,0,1,0,0,0,0,0,0,0,0,1,0,0,0,0,0,0,0,1,0,1,0,0,1,0,0,0,0,0,0,0,0,0,1,0,0,0,0,0,0,0,0,0,0,0,0,0,0,0,0,0,0,0,1
4734,718,1347,91596.0,0.1517,1.88,993.74,1170.17,67.6911,79.7089,33.8687,176.43,17.7539,68.0,332112312.0,246557.02,1882426.04,2025,1,2,416,0,0,0,0,14.68,0,8.462737005620179,6.577861357721047,7.206377291472252,11.42515379903419,19.620983761841543,0,0,0,0,0,1,0,0,0,0,0,0,0,0,0,0,0,0,0,0,0,0,0,0,0,0,0,1,0,0,0,1,0,0,0,0,0,0,0,0,1,0,0,0,0,0,0,0,1,0,1,0,0,0,1,0,0,0,0,0,0,0,0,0,0,0,0,0,0,0,0,1,0,0,0,0,0,0,1,0,0,0,0,0
50773,7642,18734,1273912.0,0.1505,2.45,846.61,1084.44,49.9802,64.021,47.4133,237.83,28.0927,68.0,1660050755.0,88611.66,6979851.93,2023,4,12,843,0,0,0,0,16.94,1,10.835139691522983,8.941545475242885,9.838148711227788,14.057603823928453,21.230114014751045,0,0,0,0,0,1,0,0,0,0,0,0,0,0,0,0,0,0,0,0,0,0,0,0,0,0,0,1,0,0,0,1,0,0,0,0,0,0,0,0,0,0,0,1,0,0,0,0,1,0,1,0,0,0,0,0,0,1,0,0,0,0,0,0,0,1,0,0,0,0,0,0,0,0,0,1,0,0,0,0,0,0,0,0
68810,37216,158439,475317.0,0.5409,4.26,374.77,552.03,22.4434,33.0584,13.8372,177.26,47.2966,3.0,698276411.0,4407.23,3939386.52,2023,4,12,843,0,0,0,0,16.7,0,11.139118894862325,10.524520925120765,11.973131251735852,13.07173933270345,20.36412558806773,0,0,0,0,0,1,0,0,0,0,0,0,0,0,0,0,0,0,0,0,0,0,0,0,0,0,0,1,0,0,0,0,0,1,0,0,0,0,0,0,1,0,0,0,0,0,0,0,1,0,1,0,0,1,0,0,0,0,0,0,0,0,0,0,0,0,0,0,0,0,1,0,0,0,0,0,0,0,0,0,0,1,0,0
3899,1476,5285,206115.0,0.3786,3.58,560.77,719.23,51.8481,66.4986,22.0241,158.46,28.2567,39.0,179154233.0,33898.62,1130627.29,2023,4,12,842,1,0,0,0,10.82,0,8.268731832117737,7.29776828253138,8.572817095164234,12.236194396082697,19.003757635262364,0,0,0,0,0,1,0,0,0,0,0,0,0,0,0,0,0,0,0,0,0,0,0,0,0,0,0,1,0,0,0,0,0,0,0,0,1,0,0,0,1,0,0,0,0,0,0,0,1,0,1,0,0,1,0,0,0,0,0,0,0,0,1,0,0,0,0,0,0,0,0,0,0,0,0,0,0,0,0,0,0,0,1,0
9734,834,1133,44187.0,0.0857,1.36,1105.89,1199.34,58.2735,63.1974,68.2649,93.45,8.4497,39.0,258023599.0,227734.86,2761266.53,2024,1,1,836,1,0,0,0,18.98,0,9.1834829178063,6.727431724850855,7.033506484287697,10.696208537992165,19.368561611570723,0,0,0,0,0,1,0,0,0,0,0,0,0,0,0,0,0,0,0,0,0,0,0,0,0,0,0,1,0,0,0,0,0,0,0,0,0,1,0,0,1,0,0,0,0,0,0,0,1,0,1,0,0,0,0,1,0,0,0,0,0,0,0,0,0,1,0,0,0,0,0,0,0,0,0,1,0,0,0,0,0,0,0,0
16267,2209,8347,325533.0,0.1358,3.78,969.94,1265.36,110.7087,144.4274,66.2494,295.42,30.4571,39.0,2616296615.0,313441.55,8856270.68,2023,3,7,1010,1,0,0,0,8.76,0,9.696955267027116,7.700747794511798,9.029777268197092,12.69322218986085,21.685025649434834,0,0,0,0,0,1,0,0,0,0,0,0,0,0,0,0,0,0,0,0,0,0,0,0,0,0,0,1,0,0,0,0,0,0,0,0,0,1,0,0,1,0,0,0,0,0,0,0,1,0,1,0,0,1,0,0,0,0,0,0,0,1,0,0,0,0,0,0,0,0,0,0,0,0,0,0,0,1,0,0,0,0,0,0
46551,6549,25752,1004328.0,0.1407,3.93,756.64,899.44,36.1122,42.928,39.4808,142.8,18.874,39.0,1199963960.0,46596.92,8402673.67,2023,4,12,843,1,0,0,0,20.95,0,10.748325246336506,8.787220328629298,10.156306404160087,13.819830214798445,20.90555736078938,0,0,0,0,0,1,0,0,0,0,0,0,0,0,0,0,0,0,0,0,0,0,0,0,0,0,0,1,0,0,0,0,0,0,0,0,0,1,0,0,1,0,0,0,0,0,0,0,1,0,0,1,0,1,0,0,0,0,0,0,0,0,0,0,0,0,0,0,0,0,0,0,1,0,0,0,0,1,0,0,0,0,0,0
3528,649,2386,93054.0,0.184,3.68,455.64,528.42,18.912,21.9325,17.7799,72.78,15.9718,39.0,269819424.0,113084.42,3707591.96,2025,1,2,427,1,0,0,0,24.09,0,8.16876982367527,6.476972362889683,7.77779262633883,11.440945995178064,19.413263496922344,0,0,0,0,0,1,0,0,0,0,0,0,0,0,0,0,0,0,0,0,0,0,0,0,0,0,0,1,0,0,0,0,0,0,0,0,0,1,0,0,1,0,0,0,0,0,0,1,0,0,1,0,0,0,1,0,0,0,0,0,0,0,0,0,0,0,0,0,0,0,0,0,0,1,0,1,0,0,0,0,0,0,0,0
26394,3038,11661,454779.0,0.1151,3.84,502.06,614.51,36.4444,44.6069,17.1919,112.45,22.3972,39.0,969824286.0,83168.19,8624684.52,2025,1,2,416,1,0,0,0,13.78,0,10.180929877257716,8.019283792916793,9.364090971782101,13.027569064517783,20.692625465629845,0,0,0,0,0,1,0,0,0,0,0,0,0,0,0,0,0,0,0,0,0,0,0,0,0,0,0,1,0,0,0,0,0,0,0,0,0,1,0,0,1,0,0,0,0,0,0,0,1,0,1,0,0,0,1,0,0,0,0,0,0,0,0,0,0,0,0,0,0,0,0,0,1,0,0,0,0,0,0,0,0,0,1,0
18556,1963,7700,300300.0,0.1058,3.92,931.96,1140.93,55.4966,67.9404,36.8777,208.97,22.4227,39.0,1487817600.0,193223.06,7119761.53,2025,1,3,393,1,0,0,0,16.79,1,9.828602355344339,7.582738488914411,8.94910546953925,12.612540583969206,21.120576185870654,0,0,0,0,0,1,0,0,0,0,0,0,0,0,0,0,0,0,0,0,0,0,0,0,0,0,0,1,0,0,0,0,0,0,0,0,0,1,0,0,0,1,0,0,0,0,0,1,0,0,1,0,0,0,1,0,0,0,0,0,0,0,0,0,0,0,0,1,0,0,0,0,0,0,0,0,0,1,0,0,0,0,0,0
5890,537,974,37986.0,0.0912,1.81,1051.17,1195.07,72.7886,82.7526,38.7828,143.9,13.689,39.0,282463104.0,290003.19,1962979.15,2025,1,2,421,1,0,0,0,14.44,1,8.681181041521688,6.2878585601617845,6.882437470997847,10.54499927491401,19.459058498251704,0,0,0,0,0,1,0,0,0,0,0,0,0,0,0,0,0,0,0,0,0,0,0,0,0,0,0,1,0,0,0,0,0,0,0,0,0,1,0,0,0,0,0,1,0,0,0,1,0,0,1,0,0,0,1,0,0,0,0,0,0,0,0,1,0,0,0,0,0,0,0,0,0,0,0,0,0,1,0,0,0,0,0,0
10838,1516,2998,116922.0,0.1399,1.98,871.42,1064.06,107.3967,131.1379,39.5002,192.64,22.1061,39.0,172493200.0,57536.09,895425.68,2025,1,2,414,1,0,0,0,8.11,1,9.29090601981575,7.324489979348532,8.00603417874901,11.66927087746597,18.965868379166164,0,0,0,0,0,1,0,0,0,0,0,0,0,0,0,0,0,0,0,0,0,0,0,0,0,0,0,1,0,0,0,0,0,0,0,0,0,1,0,0,0,0,0,1,0,0,0,0,1,0,1,0,0,0,1,0,0,0,0,0,0,0,0,0,0,1,0,0,0,0,0,0,0,0,0,0,0,0,1,0,0,0,0,0
45740,8068,26555,1035645.0,0.1764,3.29,1009.53,1304.33,69.3365,89.5839,37.7986,294.8,29.2017,39.0,1054000479.0,39691.22,3575308.07,2023,4,12,843,1,0,0,0,14.56,1,10.730750330040017,8.995784837848506,10.18701098983905,13.850535944567515,20.77585874247345,0,0,0,0,0,1,0,0,0,0,0,0,0,0,0,0,0,0,0,0,0,0,0,0,0,0,0,1,0,0,0,0,0,0,0,0,0,1,0,0,0,0,0,1,0,0,0,0,1,0,1,0,0,0,0,0,0,1,0,0,0,0,0,0,0,0,0,1,0,0,0,0,0,0,0,0,0,0,0,0,0,0,1,0
75232,6762,28373,1106547.0,0.0899,4.2,3253.3,4054.71,151.6036,188.9496,126.6446,801.41,24.6339,39.0,582618400.0,20534.25,726986.89,2025,4,12,135,0,0,0,0,21.46,0,11.228345243467533,8.81922185757494,10.253228511871932,13.916755817559467,20.183042986268212,0,0,0,0,1,0,0,0,0,0,0,0,0,0,0,0,0,0,0,0,0,0,0,0,0,0,0,1,1,0,0,0,0,0,0,0,0,0,0,0,1,0,0,0,0,0,0,1,0,0,1,0,0,0,1,0,0,0,0,0,0,0,0,0,0,0,0,0,1,0,0,0,0,0,0,0,0,0,0,0,0,0,1,0
291110,68581,153857,6000423.0,0.2356,2.24,1279.05,1588.52,70.5419,87.6096,72.9232,309.47,24.195,39.0,7588737111.0,49323.31,24521952.95,2023,4,11,883,0,0,0,0,18.13,1,12.581459916721599,11.135785388612968,11.943785378098335,15.607340691362225,22.749931026104065,0,0,0,0,1,0,0,0,0,0,0,0,0,0,0,0,0,0,0,0,0,0,0,0,0,0,0,1,1,0,0,0,0,0,0,0,0,0,0,0,0,1,0,0,0,0,0,0,1,0,0,1,0,1,0,0,0,0,0,0,0,0,0,0,0,1,0,0,0,0,0,0,0,0,0,0,0,0,0,0,1,0,0,0
36777,5707,17928,699192.0,0.1552,3.14,2156.62,2849.97,221.8425,293.1639,102.5021,693.35,32.1496,39.0,924892032.0,51589.25,1333955.45,2023,4,12,868,0,0,0,0,9.72,1,10.512655119300799,8.649623978596727,9.794174792595427,13.4576820918317,20.645187567583182,0,0,0,0,1,0,0,0,0,0,0,0,0,0,0,0,0,0,0,0,0,0,0,0,0,0,0,1,1,0,0,0,0,0,0,0,0,0,1,0,0,0,0,0,0,0,0,0,1,0,0,1,0,1,0,0,0,0,0,0,0,0,0,0,0,0,0,1,0,0,0,0,0,0,0,0,0,0,0,0,1,0,0,0
25627,3094,10686,416754.0,0.1207,3.45,1289.55,1688.63,57.5656,75.3806,49.4173,399.08,30.9473,39.0,3850587170.0,360339.43,9648662.12,2024,2,4,736,0,0,0,0,22.4,1,10.151440782758913,8.037543185118697,9.276783328524896,12.94025379814155,22.071491485565392,0,0,0,0,1,0,0,0,0,0,0,0,0,0,0,0,0,0,0,0,0,0,0,0,0,0,0,1,1,0,0,0,0,0,0,0,0,0,0,0,0,0,0,1,0,0,0,0,1,0,1,0,0,1,0,0,0,0,0,0,0,0,0,0,0,0,0,0,0,0,1,0,0,0,0,0,0,1,0,0,0,0,0,0
88792,8520,22930,894270.0,0.096,2.69,1552.75,2086.34,91.1859,122.521,142.1788,533.59,34.364,39.0,14610717612.0,637187.86,27381974.16,2024,4,10,533,0,0,0,0,17.03,1,11.394063097044278,9.050288983827956,10.040244985890988,13.703764140211483,23.405021179435696,0,0,0,0,1,0,0,0,0,0,0,0,0,0,0,0,0,0,0,0,0,0,0,0,0,0,0,1,1,0,0,0,0,0,0,0,0,0,0,0,0,0,0,1,0,0,0,0,1,0,1,0,0,0,1,0,0,0,0,0,0,0,0,0,0,1,0,0,0,0,0,0,0,0,0,0,0,0,0,0,0,0,0,1
815,132,469,31892.0,0.162,3.55,3581.63,3795.17,160.5443,170.1159,136.9042,213.54,5.962,68.0,22408400.0,47779.1,104939.46,2025,4,12,135,0,0,0,0,22.31,0,6.704414354964107,4.890349128221754,6.152732694704104,10.370141828956715,16.92494649115646,0,0,0,0,1,0,0,0,0,0,0,0,0,0,0,0,0,0,0,0,0,0,0,0,0,0,0,1,0,0,0,1,0,0,0,0,0,0,0,0,1,0,0,0,0,0,0,1,0,0,1,0,0,0,1,0,0,0,0,0,0,0,0,0,1,0,0,0,0,0,0,0,0,0,0,0,0,0,0,0,1,0,0,0
58021,19434,81018,5509224.0,0.3349,4.17,2313.25,2826.53,129.4942,158.2269,170.6221,513.28,22.1884,68.0,1782470810.0,22000.92,3472750.62,2023,4,11,883,0,0,0,0,17.86,1,10.968577527953402,9.874830843286324,11.302438974049062,15.521934517878954,21.30126633480308,0,0,0,0,1,0,0,0,0,0,0,0,0,0,0,0,0,0,0,0,0,0,0,0,0,0,0,1,0,0,0,1,0,0,0,0,0,0,0,0,0,1,0,0,0,0,0,0,1,0,0,1,0,1,0,0,0,0,0,0,0,0,0,1,0,0,0,0,0,0,0,0,0,0,0,0,0,1,0,0,0,0,0,0
10433,2783,9071,616828.0,0.2667,3.26,2513.15,2929.49,143.4878,167.2587,123.8389,416.34,16.5665,68.0,190326420.0,20981.86,457140.62,2024,4,10,533,0,0,0,0,17.51,1,9.252824983582338,7.931644021454311,9.112948025967533,13.332347116987219,19.064251161304956,0,0,0,0,1,0,0,0,0,0,0,0,0,0,0,0,0,0,0,0,0,0,0,0,0,0,0,1,0,0,0,1,0,0,0,0,0,0,0,0,0,0,0,1,0,0,0,0,1,0,1,0,0,1,0,0,0,0,0,0,0,0,0,0,0,0,0,0,0,0,0,0,0,0,1,0,0,0,0,1,0,0,0,0
58001,13852,41296,2808128.0,0.2388,2.98,1371.03,1650.93,140.0521,168.6443,52.3983,279.9,20.4154,68.0,2081324989.0,50400.16,7435934.26,2024,4,10,533,0,0,0,0,9.79,1,10.96823277169266,9.536257094657879,10.628545137085586,14.848028983243562,21.45627054227515,0,0,0,0,1,0,0,0,0,0,0,0,0,0,0,0,0,0,0,0,0,0,0,0,0,0,0,1,0,0,0,1,0,0,0,0,0,0,0,0,0,0,0,1,0,0,0,0,1,0,1,0,0,0,1,0,0,0,0,0,0,0,0,1,0,0,0,0,0,0,0,0,0,0,0,0,1,0,0,0,0,0,0,0
26016,11632,30799,92397.0,0.4471,2.65,1799.27,2391.18,165.906,220.4848,119.3433,591.91,32.8974,3.0,515393200.0,16734.09,870723.37,2025,4,12,135,0,0,0,0,10.85,0,10.166505449493199,9.361601165816767,10.335269968961667,11.433860612373874,20.060440664399756,0,0,0,0,1,0,0,0,0,0,0,0,0,0,0,0,0,0,0,0,0,0,0,0,0,0,0,1,0,0,0,0,0,1,0,0,0,0,0,0,1,0,0,0,0,0,0,1,0,0,1,0,0,0,1,0,0,0,0,0,0,0,0,0,0,0,0,0,0,0,0,0,0,1,0,0,1,0,0,0,0,0,0,0
234969,89453,277814,833442.0,0.3807,3.11,1536.79,2285.11,62.6635,93.177,103.0285,748.32,48.6941,3.0,7200476143.0,25918.33,9622116.58,2023,4,11,883,0,0,0,0,24.52,1,12.367213125402651,11.401479805656454,12.534710703525011,13.633320592511799,22.697412991892968,0,0,0,0,1,0,0,0,0,0,0,0,0,0,0,0,0,0,0,0,0,0,0,0,0,0,0,1,0,0,0,0,0,1,0,0,0,0,0,0,0,1,0,0,0,0,0,0,1,0,0,1,0,1,0,0,0,0,0,0,0,0,1,0,0,0,0,0,0,0,0,0,0,0,0,0,0,0,0,0,0,0,1,0
17612,8260,19598,58794.0,0.469,2.37,1459.8,1973.21,122.8342,166.0351,80.8514,513.41,35.17,3.0,1089454680.0,55590.09,2121993.88,2024,4,10,533,0,0,0,0,11.88,1,9.776392544732296,9.019300924562506,9.88323382350886,10.981812096257515,20.808943115338785,0,0,0,0,1,0,0,0,0,0,0,0,0,0,0,0,0,0,0,0,0,0,0,0,0,0,0,1,0,0,0,0,0,1,0,0,0,0,0,0,0,0,0,1,0,0,0,0,1,0,1,0,0,1,0,0,0,0,0,0,0,0,0,0,0,0,0,0,0,0,0,0,0,0,1,0,0,0,0,0,0,0,0,1
204243,53984,134522,403566.0,0.2643,2.49,2841.47,3535.03,115.4288,143.6029,101.8711,693.56,24.4082,3.0,10130664953.0,75308.61,14606930.82,2024,4,10,533,0,0,0,0,24.62,1,12.227070636525779,10.896461509181242,11.809490467122034,12.90809779999583,23.038832795105964,0,0,0,0,1,0,0,0,0,0,0,0,0,0,0,0,0,0,0,0,0,0,0,0,0,0,0,1,0,0,0,0,0,1,0,0,0,0,0,0,0,0,0,1,0,0,0,0,1,0,1,0,0,0,1,0,0,0,0,0,0,0,0,0,0,0,0,0,0,0,0,0,0,1,0,0,0,0,1,0,0,0,0,0
70387,24037,71032,2770248.0,0.3415,2.96,1622.03,2058.04,95.1754,120.7592,162.0593,436.01,26.8807,39.0,1200079357.0,16894.91,2752400.89,2023,4,11,883,1,0,0,0,17.04,1,11.161778073071652,10.087391190512735,11.170899836775021,14.834447765820256,20.90565352322043,0,0,0,0,1,0,0,0,0,0,0,0,0,0,0,0,0,0,0,0,0,0,0,0,0,0,0,1,0,0,0,0,0,0,0,0,1,0,0,0,0,1,0,0,0,0,0,0,1,0,0,1,0,1,0,0,0,0,0,0,0,0,0,0,0,0,0,0,0,0,0,0,0,1,0,0,0,0,0,0,1,0,0,0
69638,16689,23695,924105.0,0.2397,1.42,2822.45,3352.2,273.8006,319.30539999999996,100.7023,529.75,18.7693,39.0,649121472.0,27394.87,1225329.11,2023,4,12,868,1,0,0,0,10.31,1,11.151080034215557,9.722565016655881,10.07306153650758,13.736582062658863,20.291130426645864,0,0,0,0,1,0,0,0,0,0,0,0,0,0,0,0,0,0,0,0,0,0,0,0,0,0,0,1,0,0,0,0,0,0,0,0,1,0,1,0,0,0,0,0,0,0,0,0,1,0,0,1,0,1,0,0,0,0,0,0,0,0,0,0,0,0,0,0,0,0,1,0,0,0,0,0,0,0,0,1,0,0,0,0
38483,8852,17312,675168.0,0.23,1.96,987.05,1167.58,101.8828,120.5168,75.4852,180.53,18.2896,39.0,806191230.0,46568.35,4465728.41,2024,2,4,736,1,0,0,0,9.69,1,10.557997849481156,9.08851166361105,9.759212943379076,13.422718308887607,20.507831531634576,0,0,0,0,1,0,0,0,0,0,0,0,0,0,0,0,0,0,0,0,0,0,0,0,0,0,0,1,0,0,0,0,0,0,0,0,1,0,0,0,0,0,0,1,0,0,0,0,1,0,1,0,0,1,0,0,0,0,0,0,0,0,0,0,0,0,0,0,0,0,1,0,0,0,0,0,0,1,0,0,0,0,0,0
73822,21073,63037,2458443.0,0.2855,2.99,1253.68,1564.7,108.5371,135.4635,42.0673,311.02,24.8085,39.0,2969313151.0,47104.29,9547057.12,2024,4,10,533,1,0,0,0,11.55,1,11.20942561515135,9.955795332159473,11.051492998140159,14.715039187457968,21.81159650106299,0,0,0,0,1,0,0,0,0,0,0,0,0,0,0,0,0,0,0,0,0,0,0,0,0,0,0,1,0,0,0,0,0,0,0,0,1,0,0,0,0,0,0,1,0,0,0,0,1,0,1,0,0,0,1,0,0,0,0,0,0,0,0,0,0,0,1,0,0,0,0,0,0,0,0,0,0,0,0,0,0,0,0,1
63555,6076,15943,621777.0,0.0956,2.62,1678.53,1985.0,70.7171,83.6288,57.6875,306.47,18.2583,39.0,2714215600.0,170244.97,8856356.06,2025,4,12,135,0,0,0,0,23.74,0,11.059676686008258,8.712266432135355,9.676837861892631,13.340338394829367,21.72176883551338,0,0,0,0,1,0,0,0,0,0,0,0,0,0,0,0,0,0,0,0,0,0,0,0,0,0,0,1,1,0,0,0,0,0,0,0,0,0,0,0,1,0,0,0,0,0,0,1,0,0,1,0,0,0,1,0,0,0,0,0,0,0,0,0,0,0,0,0,0,0,0,1,0,0,0,0,0,0,0,0,0,0,1,0
12748,1223,2810,109590.0,0.0959,2.3,2710.55,3213.4,180.2161,213.649,136.253,502.85,18.5516,39.0,137877915.0,49066.87,274193.04,2024,4,12,500,0,0,0,0,15.04,1,9.453208116138121,7.1098794630722715,7.941295570906532,11.604510533335963,18.741879184906313,0,0,0,0,1,0,0,0,0,0,0,0,0,0,0,0,0,0,0,0,0,0,0,0,0,0,0,1,1,0,0,0,0,0,0,0,0,0,0,0,0,0,0,1,0,0,0,0,1,0,1,0,0,0,1,0,0,0,0,0,0,1,0,0,0,0,0,0,0,0,0,0,0,0,0,0,0,0,0,0,1,0,0,0
32159,6162,22249,1512932.0,0.1916,3.61,2962.69,3996.06,201.2373,271.4276,146.274,1033.37,34.8794,68.0,1120420000.0,50358.22,1084240.25,2025,4,12,135,0,0,0,0,14.72,0,10.378478723292902,8.726318950962243,10.010097287594386,14.229560708908286,20.83696945285101,0,0,0,0,1,0,0,0,0,0,0,0,0,0,0,0,0,0,0,0,0,0,0,0,0,0,0,1,0,0,0,1,0,0,0,0,0,0,0,0,1,0,0,0,0,0,0,1,0,0,1,0,0,0,1,0,0,0,0,0,0,0,0,0,0,0,0,0,0,0,0,1,0,0,0,0,0,0,0,0,0,0,0,1
59974,32617,113809,341427.0,0.5439,3.49,2216.69,3008.48,166.3622,225.7852,112.9181,791.79,35.719,3.0,2106389600.0,18508.11,2660314.94,2025,4,12,135,0,0,0,0,13.32,0,11.001683087707896,10.392619562216863,11.642285670275935,12.740892101210813,21.46824122927509,0,0,0,0,1,0,0,0,0,0,0,0,0,0,0,0,0,0,0,0,0,0,0,0,0,0,0,1,0,0,0,0,0,1,0,0,0,0,0,0,1,0,0,0,0,0,0,1,0,0,1,0,0,0,1,0,0,0,0,0,0,0,0,0,0,0,0,0,0,0,0,1,0,0,0,0,0,0,0,0,1,0,0,0
55994,13653,23895,931905.0,0.2438,1.75,2226.53,2812.8,212.0495,267.8846,98.0467,586.27,26.3312,39.0,1075603200.0,45013.74,1834651.13,2025,4,12,135,1,0,0,0,10.5,0,10.933017680016794,9.521787797978225,10.081466359895945,13.744987230212082,20.796147458367944,0,0,0,0,1,0,0,0,0,0,0,0,0,0,0,0,0,0,0,0,0,0,0,0,0,0,0,1,0,0,0,0,0,0,0,0,1,0,0,0,1,0,0,0,0,0,0,1,0,0,1,0,0,0,1,0,0,0,0,0,0,0,1,0,0,0,0,0,0,0,0,0,0,0,0,0,0,0,1,0,0,0,0,0
29541,2449,10039,391521.0,0.0829,4.1,924.52,1186.35,56.7416,72.8112,78.2532,261.83,28.3207,39.0,848038384.0,84474.39,3238888.97,2025,1,3,406,0,0,0,0,16.29,0,10.293568258600546,7.803843303538772,9.214332393245721,12.877796986959323,20.558436458061923,0,0,0,0,0,1,0,0,0,0,0,0,0,0,0,0,0,0,0,0,0,0,0,0,0,0,0,1,1,0,0,0,0,0,0,0,0,0,0,0,1,0,0,0,0,0,0,1,0,0,1,0,0,0,1,0,0,0,0,0,0,1,0,0,0,0,0,0,0,0,0,0,0,0,0,0,0,0,1,0,0,0,0,0
5152,1080,3061,119379.0,0.2096,2.83,215.82,248.87,21.1365,24.3732,20.2604,33.05,15.313,39.0,427418430.0,139633.59,12933001.52,2025,1,2,416,0,0,0,0,10.21,0,8.547334348328224,6.985641817639208,8.026823576217629,11.690066961722641,19.8732740234572,0,0,0,0,0,1,0,0,0,0,0,0,0,0,0,0,0,0,0,0,0,0,0,0,0,0,0,1,1,0,0,0,0,0,0,0,0,0,0,0,1,0,0,0,0,0,0,0,1,0,1,0,0,0,1,0,0,0,0,0,0,0,0,0,0,0,0,0,1,0,0,0,0,0,0,0,1,0,0,0,0,0,0,0
12147,2638,9620,375180.0,0.2172,3.65,541.09,616.88,24.37,27.7833,48.5106,75.79,14.0064,39.0,362880000.0,37721.41,4788129.51,2025,4,11,151,0,0,0,0,22.2,1,9.404919826165639,7.878155336503324,9.171703488361265,12.835163855173127,19.709582761819338,0,0,0,0,0,1,0,0,0,0,0,0,0,0,0,0,0,0,0,0,0,0,0,0,0,0,0,1,1,0,0,0,0,0,0,0,0,0,0,0,0,0,1,0,0,0,0,1,0,0,1,0,0,0,1,0,0,0,0,0,0,0,0,0,0,0,0,0,0,0,0,0,0,0,1,0,0,0,0,0,0,1,0,0
1911,265,819,31941.0,0.1387,3.09,1018.71,1135.13,71.2545,79.3976,53.9361,116.42,11.4282,39.0,18720000.0,22857.14,160796.89,2025,1,2,421,0,0,0,0,14.3,1,7.555905093611346,5.583496308781699,6.709304340258298,10.371677037216255,16.74510308243252,0,0,0,0,0,1,0,0,0,0,0,0,0,0,0,0,0,0,0,0,0,0,0,0,0,0,0,1,1,0,0,0,0,0,0,0,0,0,0,0,0,0,0,1,0,0,0,1,0,0,1,0,0,0,1,0,0,0,0,0,0,0,0,0,0,0,0,0,0,0,0,0,1,0,0,0,0,0,0,0,0,1,0,0
1525,242,1087,42393.0,0.1587,4.49,803.22,852.69,55.8891,59.3311,51.784,49.47,6.1586,39.0,13799456.0,12694.99,278964.05,2025,1,2,414,0,0,0,0,14.37,1,7.330405211844402,5.493061443340548,6.992096427415888,10.654762121772682,16.4401398015272,0,0,0,0,0,1,0,0,0,0,0,0,0,0,0,0,0,0,0,0,0,0,0,0,0,0,0,1,1,0,0,0,0,0,0,0,0,0,0,0,0,0,0,1,0,0,0,0,1,0,1,0,0,0,1,0,0,0,0,0,0,0,0,0,0,0,0,0,0,0,0,1,0,0,0,0,0,0,0,0,1,0,0,0
3021,814,2997,203796.0,0.2694,3.68,537.23,656.46,33.4552,40.8805,23.9398,119.23,22.1949,68.0,55352052.0,18469.15,464218.4,2025,1,2,416,0,0,0,0,16.06,0,8.013674142832684,6.703188113240863,8.005700678662542,12.224879679348383,17.829224307668635,0,0,0,0,0,1,0,0,0,0,0,0,0,0,0,0,0,0,0,0,0,0,0,0,0,0,0,1,0,0,0,1,0,0,0,0,0,0,0,0,1,0,0,0,0,0,0,0,1,0,1,0,0,0,1,0,0,0,0,0,0,0,1,0,0,0,0,0,0,0,0,0,0,0,0,0,0,0,0,0,0,1,0,0
1913,165,582,22698.0,0.0863,3.53,1105.52,1190.25,71.0941,76.5428,37.0374,84.73,7.6642,39.0,34397214.0,59101.74,405965.92,2025,1,2,414,1,0,0,0,15.55,0,7.5569505720129,5.111987788356544,6.368187186350492,10.030076149635702,17.35348615976392,0,0,0,0,0,1,0,0,0,0,0,0,0,0,0,0,0,0,0,0,0,0,0,0,0,0,0,1,0,0,0,0,0,0,0,0,0,1,0,0,1,0,0,0,0,0,0,0,1,0,1,0,0,0,1,0,0,0,0,0,0,0,0,0,0,0,1,0,0,0,0,0,0,0,0,0,0,0,0,0,0,0,1,0
1065,226,851,33189.0,0.2122,3.77,972.62,1070.14,39.0414,42.9559,54.8684,97.52,10.0264,39.0,13799456.0,16215.58,141505.77,2025,1,2,414,1,0,0,0,24.91,1,6.97166860472579,5.424950017481403,6.747586526829315,10.41000390471402,16.4401398015272,0,0,0,0,0,1,0,0,0,0,0,0,0,0,0,0,0,0,0,0,0,0,0,0,0,0,0,1,0,0,0,0,0,0,0,0,0,1,0,0,0,0,0,1,0,0,0,0,1,0,1,0,0,0,1,0,0,0,0,0,0,0,0,0,0,1,0,0,0,0,0,0,0,0,0,0,0,0,0,0,0,1,0,0
1629,840,1404,4212.0,0.5157,1.67,464.9,554.08,26.9169,32.0804,21.6464,89.18,19.1828,3.0,40996800.0,29200.0,459708.8,2026,1,2,59,0,0,0,1,17.27,0,7.396335293800808,6.734591659972948,7.247792581767846,8.345930261979017,17.529004597234277,0,0,0,0,0,0,0,0,0,0,0,0,0,0,0,0,0,1,0,0,0,0,0,0,0,0,0,1,0,0,0,0,0,1,0,0,0,0,0,1,0,0,0,0,0,0,0,0,0,1,0,0,1,0,0,0,0,0,1,0,0,0,0,0,0,1,0,0,0,0,0,0,0,0,0,1,0,0,0,0,0,0,0,0
1202,149,279,10881.0,0.124,1.87,845.29,932.97,88.9832,98.2129,46.1602,87.68,10.3724,39.0,44496000.0,159483.87,507498.59,2025,4,10,176,0,0,0,0,9.5,0,7.0925737159746784,5.0106352940962555,5.634789603169249,9.294865327045871,17.610909877929814,0,0,0,0,0,0,1,0,0,0,0,0,0,0,0,0,0,0,0,0,0,0,0,0,0,0,0,1,1,0,0,0,0,0,0,0,0,0,0,0,1,0,0,0,0,0,0,1,0,0,1,0,0,0,1,0,0,0,0,0,0,0,0,0,0,0,0,0,0,0,0,0,0,1,0,0,0,1,0,0,0,0,0,0
901,229,814,2442.0,0.2542,3.55,795.75,870.28,43.4435,47.5121,29.5319,74.53,9.3653,3.0,11904000.0,14624.08,159732.88,2025,1,3,399,0,0,0,1,18.32,0,6.804614520062624,5.438079308923196,6.703188113240863,7.8009820712577405,16.292385120060384,0,0,0,0,0,0,1,0,0,0,0,0,0,0,0,0,0,0,0,0,0,0,0,0,0,0,0,1,0,0,0,0,0,1,0,0,0,0,0,1,0,0,0,0,0,0,0,0,0,1,0,0,1,0,0,0,0,0,1,0,0,1,0,0,0,0,0,0,0,0,0,0,0,0,0,0,0,0,0,0,0,0,1,0
1229,651,1842,5526.0,0.5297,2.83,601.19,715.3,56.8395,67.6282,21.4368,114.11,18.981,3.0,22248000.0,12078.18,194967.42,2025,4,10,176,0,0,0,0,10.58,0,7.114769448366463,6.480044561926653,7.519149957669823,8.617400451833262,16.917762719843797,0,0,0,0,0,0,1,0,0,0,0,0,0,0,0,0,0,0,0,0,0,0,0,0,0,0,0,1,0,0,0,0,0,1,0,0,0,0,0,0,1,0,0,0,0,0,0,1,0,0,1,0,0,0,1,0,0,0,0,0,0,0,0,0,0,0,0,0,0,0,0,0,0,1,0,0,0,0,0,0,0,0,0,1
661,109,402,15678.0,0.1649,3.69,566.96,631.51,66.4978,74.0693,20.5813,64.55,11.3861,39.0,48735000.0,121231.34,754949.62,2024,1,3,752,0,0,0,0,8.53,0,6.495265555937008,4.700480365792417,5.998936561946683,9.66007751636045,17.70190803627258,0,0,0,0,0,0,1,0,0,0,0,0,0,0,0,0,0,0,0,0,0,0,0,0,0,0,0,1,1,0,0,0,0,0,0,0,0,0,0,0,1,0,0,0,0,0,0,0,1,0,1,0,0,1,0,0,0,0,0,0,0,0,1,0,0,0,0,0,0,0,0,0,0,0,0,0,0,0,0,0,0,0,1,0
6297,2593,3992,11976.0,0.4118,1.54,543.56,684.78,22.1838,27.9473,18.4336,141.22,25.9809,3.0,90024000.0,22551.1,637464.2,2025,1,3,399,0,0,0,1,24.5,0,8.74798740166097,7.860956364876389,8.292298107063221,9.390743422947507,18.315586870520118,0,0,0,0,0,0,1,0,0,0,0,0,0,0,0,0,0,0,0,0,0,0,0,0,0,0,0,1,0,0,0,0,0,1,0,0,0,0,0,1,0,0,0,0,0,0,0,0,0,1,0,0,1,0,0,0,0,0,1,0,0,0,0,0,1,0,0,0,0,0,0,0,0,0,0,0,1,0,0,0,0,0,0,0
12173,5541,16458,49374.0,0.4552,2.97,817.16,990.63,38.6359,46.8381,77.4527,173.47,21.2295,3.0,219849000.0,13358.18,1267300.45,2024,1,3,752,0,0,0,0,21.15,0,9.40705780905387,8.620110725422924,9.708627719044069,10.807199502203423,19.208451509573493,0,0,0,0,0,0,1,0,0,0,0,0,0,0,0,0,0,0,0,0,0,0,0,0,0,0,0,1,0,0,0,0,0,1,0,0,0,0,0,0,1,0,0,0,0,0,0,0,1,0,1,0,0,1,0,0,0,0,0,0,0,0,0,0,1,0,0,0,0,0,0,0,0,0,0,0,0,0,0,0,0,0,0,1
2995,553,1354,52806.0,0.1846,2.45,642.41,789.66,26.0487,32.0194,23.9738,147.25,22.9211,39.0,126321000.0,93294.68,857884.21,2024,2,4,718,0,0,0,0,24.66,0,8.005033344637111,6.317164686747284,7.2115567333138015,10.87439903666454,18.654336852199453,0,0,0,0,0,0,0,1,0,0,0,0,0,0,0,0,0,0,0,0,0,0,0,0,0,0,0,1,1,0,0,0,0,0,0,0,0,0,0,0,1,0,0,0,0,0,0,0,1,0,1,0,0,1,0,0,0,0,0,0,0,0,0,0,0,0,1,0,0,0,0,0,0,0,0,0,0,0,0,1,0,0,0,0
13534,3254,8812,343668.0,0.2404,2.71,1031.86,1218.2,63.9957,75.5523,41.2161,186.34,18.0583,39.0,174150000.0,19762.82,934595.4,2025,2,4,378,0,0,0,0,16.12,0,9.513034202048402,8.08794755464267,9.08398318309966,12.747434263832671,18.97542756051846,0,0,0,0,0,0,0,1,0,0,0,0,0,0,0,0,0,0,0,0,0,0,0,0,0,0,0,1,1,0,0,0,0,0,0,0,0,0,0,0,1,0,0,0,0,0,0,1,0,0,1,0,0,0,1,0,0,0,0,0,0,0,0,0,0,0,0,1,0,0,0,0,0,0,0,0,0,1,0,0,0,0,0,0
14743,3546,11322,441558.0,0.2405,3.19,869.6,1079.31,51.0079,63.3087,59.6685,209.71,24.1153,39.0,54000000.0,4769.48,257501.48,2025,2,4,378,0,0,0,0,17.05,1,9.59859149934966,8.173857454773621,9.33459133431404,12.998066925431834,17.804494623047066,0,0,0,0,0,0,0,1,0,0,0,0,0,0,0,0,0,0,0,0,0,0,0,0,0,0,0,1,1,0,0,0,0,0,0,0,0,0,0,0,0,0,1,0,0,0,0,1,0,0,1,0,0,0,1,0,0,0,0,0,0,0,0,0,0,0,0,0,0,0,0,0,1,0,0,0,0,1,0,0,0,0,0,0
9629,2189,6255,243945.0,0.2273,2.86,269.93,332.29,24.8516,30.593,9.2676,62.36,23.1028,39.0,267884760.0,42827.3,4295660.54,2024,2,4,718,0,0,0,0,10.86,1,9.172638504792172,7.691656822810547,8.741296282225147,12.404702168306931,19.40606744973157,0,0,0,0,0,0,0,1,0,0,0,0,0,0,0,0,0,0,0,0,0,0,0,0,0,0,0,1,1,0,0,0,0,0,0,0,0,0,0,0,0,0,0,1,0,0,0,0,1,0,1,0,0,0,0,0,1,0,0,0,0,0,0,0,0,0,0,0,0,0,1,0,0,0,0,0,0,1,0,0,0,0,0,0
13990,2632,7847,306033.0,0.1881,2.98,840.17,1004.03,68.8808,82.3151,64.81,163.86,19.5038,39.0,119244000.0,15196.13,727699.27,2024,2,4,718,0,0,0,0,12.2,1,9.546169544733285,7.87587915949631,8.9680140012452,12.631451485873246,18.596682380387666,0,0,0,0,0,0,0,1,0,0,0,0,0,0,0,0,0,0,0,0,0,0,0,0,0,0,0,1,1,0,0,0,0,0,0,0,0,0,1,0,0,0,0,0,0,0,0,0,1,0,1,0,0,1,0,0,0,0,0,0,0,0,0,0,0,0,0,0,0,0,1,0,0,0,0,0,0,1,0,0,0,0,0,0
1775,341,956,37284.0,0.1921,2.8,471.15,520.54,21.1701,23.3892,19.9715,49.39,10.4825,39.0,5820000.0,6087.87,117842.23,2026,2,4,0,1,0,0,1,22.26,0,7.4821189235521155,5.834810737062605,6.863803391452954,10.526346379977895,15.576810991528912,0,0,0,0,0,0,0,1,0,0,0,0,0,0,0,0,0,0,0,0,0,0,0,0,0,0,0,1,0,0,0,0,0,0,0,0,0,1,0,1,0,0,0,0,0,0,0,0,0,1,0,0,1,0,0,0,0,0,1,0,0,1,0,0,0,0,0,0,0,0,0,0,0,0,0,0,0,0,0,0,1,0,0,0
1516,295,752,29328.0,0.1946,2.55,792.81,905.16,56.4072,64.4003,54.685,112.35,14.1703,39.0,33677762.0,44784.26,299773.58,2025,1,2,420,0,0,0,0,14.06,0,7.324489979348532,5.69035945432406,6.6240652277998935,10.286332066606759,17.33234832589264,0,0,0,0,0,0,0,0,1,0,0,0,0,0,0,0,0,0,0,0,0,0,0,0,0,0,0,1,1,0,0,0,0,0,0,0,0,0,0,0,1,0,0,0,0,0,0,1,0,0,1,0,0,0,1,0,0,0,0,0,0,1,0,0,0,0,0,0,0,0,0,0,0,0,0,0,0,1,0,0,0,0,0,0
795,335,1255,3765.0,0.4214,3.75,880.13,1011.54,39.9047,45.8625,47.2488,131.41,14.9301,3.0,6944000.0,5533.07,52844.31,2026,1,1,92,0,0,0,1,22.06,0,6.679599185844383,5.817111159963204,7.135687347028144,8.233768709217097,15.753388679331529,0,0,0,0,0,0,0,0,1,0,0,0,0,0,0,0,0,0,0,0,0,0,0,0,0,0,0,1,0,0,0,0,0,1,0,0,0,0,0,1,0,0,0,0,0,0,0,0,0,1,0,0,1,0,0,0,0,0,1,0,0,0,0,0,0,0,0,0,0,0,0,1,0,0,0,0,0,1,0,0,0,0,0,0
9892,2854,3539,10617.0,0.2885,1.24,430.83,535.66,21.4843,26.7119,17.6691,104.83,24.3324,3.0,105877150.0,29917.25,1009978.47,2025,1,2,420,0,0,0,0,20.05,0,9.199582715323222,7.956827122090111,8.17188200612782,9.270305953143616,18.47779002714098,0,0,0,0,0,0,0,0,1,0,0,0,0,0,0,0,0,0,0,0,0,0,0,0,0,0,0,1,0,0,0,0,0,1,0,0,0,0,0,0,1,0,0,0,0,0,0,1,0,0,1,0,0,0,1,0,0,0,0,0,0,0,0,0,1,0,0,0,0,0,0,0,0,0,0,0,0,1,0,0,0,0,0,0
8863,1931,6130,239070.0,0.2179,3.17,656.86,752.18,59.6499,68.3062,30.887,95.32,14.512,39.0,76500000.0,12479.61,802534.18,2024,1,3,763,0,0,0,0,11.01,0,9.089753408987065,7.566311014772463,8.721113147762688,12.384515857926464,18.15280131186866,0,0,0,0,0,0,0,0,0,0,0,0,0,0,0,0,0,1,0,0,0,0,0,0,0,0,0,1,1,0,0,0,0,0,0,0,0,0,0,0,1,0,0,0,0,0,0,0,1,0,1,0,0,1,0,0,0,0,0,0,0,0,0,0,0,0,0,0,0,0,0,1,0,0,0,0,0,0,0,0,1,0,0,0
837,183,561,21879.0,0.2186,3.07,390.32,430.04,23.4759,25.8646,21.0417,39.72,10.1749,39.0,3640000.0,6488.41,91652.79,2025,2,4,353,0,0,0,0,16.63,0,6.731018100482083,5.214935757608986,6.331501849893691,9.993328256535918,15.10749451433816,0,0,0,0,0,0,0,0,0,0,0,0,0,0,0,0,0,1,0,0,0,0,0,0,0,0,0,1,1,0,0,0,0,0,0,0,0,0,0,0,1,0,0,0,0,0,0,1,0,0,1,0,0,1,0,0,0,0,0,0,0,0,0,0,0,0,0,0,0,0,1,0,0,0,0,0,0,0,1,0,0,0,0,0
2878,1259,4486,13458.0,0.4375,3.56,252.34,311.21,12.9301,15.9468,15.2685,58.87,23.3303,3.0,184500000.0,41127.95,3133952.71,2024,1,3,763,0,0,0,0,19.52,0,7.965198290612176,7.138866999945524,8.408939605975984,9.507403306233716,19.03316002686491,0,0,0,0,0,0,0,0,0,0,0,0,0,0,0,0,0,1,0,0,0,0,0,0,0,0,0,1,0,0,0,0,0,1,0,0,0,0,0,0,1,0,0,0,0,0,0,0,1,0,1,0,0,1,0,0,0,0,0,0,0,0,0,0,0,0,0,1,0,0,0,0,0,0,0,0,0,0,0,0,0,0,1,0
1576,781,2481,7443.0,0.4956,3.18,578.48,715.28,48.2239,59.6282,21.5904,136.8,23.6486,3.0,17360000.0,6997.18,126899.02,2025,2,4,353,0,0,0,0,12.0,0,7.3632795869630385,6.661854740545311,7.8168199657645525,8.915163617762142,16.669679324800164,0,0,0,0,0,0,0,0,0,0,0,0,0,0,0,0,0,1,0,0,0,0,0,0,0,0,0,1,0,0,0,0,0,1,0,0,0,0,0,0,1,0,0,0,0,0,0,1,0,0,1,0,0,1,0,0,0,0,0,0,0,0,0,0,0,0,0,0,0,0,0,0,0,0,1,0,0,0,0,0,0,0,1,0
36271,6918,27176,1059864.0,0.1907,3.93,562.94,758.31,25.4476,34.2789,43.7195,195.37,34.7037,39.0,1457845450.0,53644.59,7462263.3,2022,4,11,1255,0,0,0,0,22.12,0,10.49880137274731,8.842026529498812,10.210126306337397,13.873652099486902,21.100225464228537,0,0,0,0,0,0,0,0,0,1,0,0,0,0,0,0,0,0,0,0,0,0,0,0,0,0,0,1,1,0,0,0,0,0,0,0,0,0,0,0,1,0,0,0,0,0,0,0,1,0,1,0,0,1,0,0,0,0,0,0,0,0,0,0,0,0,0,0,0,0,0,0,0,0,1,0,0,0,0,0,0,0,0,1
92185,10613,46325,1806675.0,0.1151,4.36,1195.48,1467.56,69.2548,85.0164,64.266,272.08,22.7589,39.0,15603500565.0,336826.78,57349212.57,2023,4,12,849,0,0,0,0,17.26,1,11.431563554197458,9.26992916338784,10.74345863753687,14.406999250786036,23.470761121285463,0,0,0,0,0,0,0,0,0,1,0,0,0,0,0,0,0,0,0,0,0,0,0,0,0,0,0,1,1,0,0,0,0,0,0,0,0,0,0,0,0,1,0,0,0,0,0,0,1,0,0,1,0,0,1,0,0,0,0,0,0,1,0,0,0,0,0,0,0,0,0,0,0,0,0,1,0,0,0,0,0,0,0,0
716,90,209,39.94,0.1257,2.32,646.35,678.64,59.797,62.784,23.0222,32.29,4.9953,39.0,45.0,0.22,1.39,2024,2,6,667,0,1,1,0,10.81,1,6.57507584059962,4.51085950651685,5.3471075307174685,3.7121075802331434,3.828641396489095,0,0,0,0,0,0,0,0,0,1,0,0,0,0,0,0,0,0,0,0,0,0,0,0,0,0,0,1,1,0,0,0,0,0,0,0,0,0,0,0,0,0,0,1,0,0,0,0,1,0,1,0,0,0,1,0,0,0,0,0,0,0,0,0,0,0,0,1,0,0,0,0,0,0,0,0,0,0,0,0,0,0,1,0
36243,4221,8232,321048.0,0.1165,1.95,533.57,679.0,29.7905,37.9104,19.8228,145.43,27.2569,39.0,2635702758.0,320177.69,18122971.96,2024,4,11,515,0,0,0,0,17.91,1,10.498029129341951,8.348064228408266,9.015905747298426,12.679349038437714,21.69241568508894,0,0,0,0,0,0,0,0,0,1,0,0,0,0,0,0,0,0,0,0,0,0,0,0,0,0,0,1,1,0,0,0,0,0,0,0,0,0,0,0,0,0,0,1,0,0,0,1,0,0,1,0,0,0,1,0,0,0,0,0,0,0,0,0,0,0,0,0,0,0,0,0,0,1,0,0,0,0,0,0,0,1,0,0
54099,19647,51040,153120.0,0.3632,2.6,780.48,1017.18,31.2251,40.6952,43.3144,236.7,30.3284,3.0,3018199997.0,59134.01,12750849.01,2024,4,10,554,0,0,0,1,25.0,0,10.898589464834572,9.88573083094687,10.840384510303231,11.938983737490952,21.827926463486076,0,0,0,0,0,0,0,0,0,1,0,0,0,0,0,0,0,0,0,0,0,0,0,0,0,0,0,1,0,0,0,0,0,1,0,0,0,0,0,1,0,0,0,0,0,0,0,0,0,1,0,0,1,0,0,0,0,0,1,0,0,0,0,0,0,0,0,0,0,0,1,0,0,0,0,1,0,0,0,0,0,0,0,0
23571,6168,13262,39786.0,0.2617,2.15,288.77,347.56,27.3483,32.9166,11.4308,58.79,20.3604,3.0,1530737722.0,115422.84,26035522.38,2022,4,11,1255,0,0,0,0,10.56,0,10.067814845957804,8.72729202920964,9.492733482494353,10.591295504750468,21.149015628038665,0,0,0,0,0,0,0,0,0,1,0,0,0,0,0,0,0,0,0,0,0,0,0,0,0,0,0,1,0,0,0,0,0,1,0,0,0,0,0,0,1,0,0,0,0,0,0,0,1,0,1,0,0,1,0,0,0,0,0,0,0,0,0,0,0,0,0,0,0,0,0,0,0,0,1,0,0,1,0,0,0,0,0,0
118044,51405,166004,498012.0,0.4355,3.23,1161.67,1690.06,53.0808,77.2249,43.8974,528.39,45.4856,3.0,14662396791.0,88325.56,27749184.72,2023,4,12,849,0,0,0,0,21.88,1,11.678821186682313,10.847510176148173,12.019773187366996,13.118381460083747,23.40855201199245,0,0,0,0,0,0,0,0,0,1,0,0,0,0,0,0,0,0,0,0,0,0,0,0,0,0,0,1,0,0,0,0,0,1,0,0,0,0,0,0,0,1,0,0,0,0,0,0,1,0,0,1,0,0,1,0,0,0,0,0,0,0,0,0,0,0,0,1,0,0,0,0,0,0,0,0,0,1,0,0,0,0,0,0
514,180,757,24.26,0.3502,4.21,834.96,967.32,72.4524,83.9374,30.0586,132.36,15.8518,3.0,37.0,0.05,0.28,2024,2,6,667,0,1,1,0,11.52,1,6.244166900663736,5.198497031265826,6.630683385642372,3.229222116922345,3.6375861597263857,0,0,0,0,0,0,0,0,0,1,0,0,0,0,0,0,0,0,0,0,0,0,0,0,0,0,0,1,0,0,0,0,0,1,0,0,0,0,0,0,0,0,0,1,0,0,0,0,1,0,1,0,0,0,1,0,0,0,0,0,0,0,0,0,0,0,0,1,0,0,0,0,0,0,0,0,0,0,0,0,1,0,0,0
272300,121640,201810,605430.0,0.4467,1.66,954.84,1457.56,44.8268,68.4282,45.7076,502.72,52.6501,3.0,6037336232.0,29915.94,12009257.96,2024,4,11,515,0,0,0,0,21.3,1,12.514663351075232,11.70882936273745,12.215086894831325,13.31369588007312,22.52122873058827,0,0,0,0,0,0,0,0,0,1,0,0,0,0,0,0,0,0,0,0,0,0,0,0,0,0,0,1,0,0,0,0,0,1,0,0,0,0,0,0,0,0,0,1,0,0,0,1,0,0,1,0,0,0,1,0,0,0,0,0,0,0,0,0,0,0,0,0,0,0,1,0,0,0,0,1,0,0,0,0,0,0,0,0
64216,8602,13183,514137.0,0.134,1.53,370.48,439.68,18.0828,21.4604,26.2951,69.2,18.6784,39.0,2906923152.0,220505.44,42007948.88,2023,2,6,1050,1,0,0,1,20.49,0,11.070023252133169,9.059866258621348,9.486759252149254,13.150246990892601,21.790361023017216,0,0,0,0,0,0,0,0,0,1,0,0,0,0,0,0,0,0,0,0,0,0,0,0,0,0,0,1,0,0,0,0,0,0,0,0,0,1,0,1,0,0,0,0,0,0,0,0,0,1,0,0,1,0,0,0,0,0,1,0,0,0,0,1,0,0,0,0,0,0,0,0,0,0,0,0,0,0,0,0,0,1,0,0
63984,11224,22951,895089.0,0.1754,2.04,609.48,752.36,46.4955,57.3956,40.3463,142.88,23.4433,39.0,1202722496.0,52403.93,8417593.01,2022,4,11,1255,1,0,0,0,13.11,0,11.066403959871696,9.325898712610455,10.0411603576612,13.704679550860527,20.90785357151872,0,0,0,0,0,0,0,0,0,1,0,0,0,0,0,0,0,0,0,0,0,0,0,0,0,0,0,1,0,0,0,0,0,0,0,0,0,1,0,0,1,0,0,0,0,0,0,0,1,0,1,0,0,1,0,0,0,0,0,0,0,0,0,0,0,0,0,1,0,0,0,0,0,0,0,0,0,0,0,0,1,0,0,0
120774,15421,55455,2162745.0,0.1277,3.6,622.69,813.68,45.9923,60.0989,39.1286,190.99,30.6718,39.0,15245881131.0,274923.47,79825588.33,2023,4,12,849,1,0,0,0,13.54,1,11.701684589422607,9.643550340392906,10.923345192515333,14.586889268543743,23.44757521381412,0,0,0,0,0,0,0,0,0,1,0,0,0,0,0,0,0,0,0,0,0,0,0,0,0,0,0,1,0,0,0,0,0,0,0,0,0,1,0,0,0,1,0,0,0,0,0,0,1,0,0,1,0,0,1,0,0,0,0,0,0,0,0,0,0,0,0,1,0,0,0,0,0,0,0,0,0,0,0,0,0,0,0,1
1020,118,372,7.06,0.1157,3.15,1021.81,1126.7,47.5859,52.4709,46.7089,104.89,10.2655,0.02,9.0,0.02,0.09,2024,2,6,667,1,1,1,0,21.47,1,6.928537818164665,4.77912349311153,5.921578419643816,2.086913556518537,2.302585092994046,0,0,0,0,0,0,0,0,0,1,0,0,0,0,0,0,0,0,0,0,0,0,0,0,0,0,0,1,0,0,0,0,0,0,0,0,0,1,0,0,0,0,0,1,0,0,0,0,1,0,1,0,0,0,1,0,0,0,0,0,0,0,0,0,0,1,0,0,0,0,0,0,0,0,0,1,0,0,0,0,0,0,0,0
200151,29911,45982,1793298.0,0.1494,1.54,201.24,264.88,12.7007,16.7172,18.8845,63.64,31.6248,39.0,8199964136.0,178329.87,128847959.11,2024,4,11,515,1,0,0,0,15.84,1,12.206832356876415,10.30601501665695,10.736027041947786,14.399567498305178,22.82739561767047,0,0,0,0,0,0,0,0,0,1,0,0,0,0,0,0,0,0,0,0,0,0,0,0,0,0,0,1,0,0,0,0,0,0,0,0,0,1,0,0,0,0,0,1,0,0,0,1,0,0,1,0,0,0,1,0,0,0,0,0,0,0,0,0,1,0,0,0,0,0,0,0,0,0,0,0,0,1,0,0,0,0,0,0
4027,796,3368,131352.0,0.1977,4.23,500.85,599.38,24.5229,29.3468,22.0438,98.53,19.6709,39.0,98115863.0,29131.79,995873.88,2024,3,7,625,0,0,0,0,20.42,0,8.301025253838453,6.680854678790215,8.122371243406553,11.785643634594013,18.401659623999755,0,0,0,0,0,0,0,0,0,0,1,0,0,0,0,0,0,0,0,0,0,0,0,0,0,0,0,1,1,0,0,0,0,0,0,0,0,0,0,0,1,0,0,0,0,0,0,0,1,0,0,1,0,1,0,0,0,0,0,0,0,0,0,0,0,0,0,0,0,0,0,1,0,0,0,0,0,1,0,0,0,0,0,0
4695,653,2486,96954.0,0.1391,3.81,1181.24,1328.28,112.3304,126.3134,68.3306,147.04,12.448,39.0,70923600.0,28529.2,482339.67,2023,4,11,883,0,0,0,0,10.52,0,8.454466361507933,6.483107351457199,7.818832443803404,11.482002232316718,18.077113813402963,0,0,0,0,0,0,0,0,0,0,1,0,0,0,0,0,0,0,0,0,0,0,0,0,0,0,0,1,1,0,0,0,0,0,0,0,0,0,0,0,1,0,0,0,0,0,0,0,1,0,0,1,0,0,0,0,0,1,0,0,0,0,0,0,0,0,0,0,0,0,1,0,0,0,0,0,1,0,0,0,0,0,0,0
1995,477,608,23712.0,0.2391,1.27,674.89,773.44,30.0036,34.385,42.4328,98.55,14.6026,39.0,8060488.0,13257.38,81790.12,2024,1,3,774,0,0,0,0,22.49,1,7.59890045687141,6.169610732491456,6.411818267709897,10.073778699946109,15.902484782617648,0,0,0,0,0,0,0,0,0,0,1,0,0,0,0,0,0,0,0,0,0,0,0,0,0,0,0,1,1,0,0,0,0,0,0,0,0,0,0,0,0,1,0,0,0,0,0,0,1,0,1,0,0,1,0,0,0,0,0,0,0,0,0,0,0,1,0,0,0,0,0,0,0,0,0,0,0,0,0,0,1,0,0,0
1586,137,458,17862.0,0.0864,3.34,582.53,621.58,29.003,30.9474,21.1137,39.05,6.7043,39.0,27663942.0,60401.62,708348.73,2024,4,11,511,0,0,0,0,20.09,1,7.369600720526409,4.927253685157205,6.129050210060545,9.790486813448885,17.135640426463524,0,0,0,0,0,0,0,0,0,0,1,0,0,0,0,0,0,0,0,0,0,0,0,0,0,0,0,1,1,0,0,0,0,0,0,0,0,0,0,0,0,0,0,1,0,0,0,0,1,0,0,1,0,1,0,0,0,0,0,0,0,0,0,0,0,0,0,1,0,0,0,0,0,0,0,0,0,0,1,0,0,0,0,0
7258,2724,10201,30603.0,0.3753,3.74,319.83,380.16,13.6574,16.2336,16.6577,60.33,18.8634,3.0,353815537.0,34684.4,5864600.07,2023,4,11,883,0,0,0,1,23.42,0,8.889997357284841,7.9102237070973445,9.230339058482873,10.328885998351742,19.68428625619311,0,0,0,0,0,0,0,0,0,0,1,0,0,0,0,0,0,0,0,0,0,0,0,0,0,0,0,1,0,0,0,0,0,1,0,0,0,0,0,1,0,0,0,0,0,0,0,0,0,1,0,0,1,0,0,0,0,0,1,0,0,0,0,1,0,0,0,0,0,0,0,0,0,0,0,0,0,0,1,0,0,0,0,0
1092,589,1434,4302.0,0.5394,2.43,1174.16,1441.56,114.549,140.6354,98.6605,267.4,22.7732,3.0,14058850.0,9803.94,52577.13,2023,2,5,1081,0,0,0,0,10.25,0,6.996681488176539,6.380122536899765,7.268920128193722,8.3670677328386,16.458762719812555,0,0,0,0,0,0,0,0,0,0,1,0,0,0,0,0,0,0,0,0,0,0,0,0,0,0,0,1,0,0,0,0,0,1,0,0,0,0,0,0,1,0,0,0,0,0,0,0,1,0,1,0,0,1,0,0,0,0,0,0,0,0,0,0,0,0,0,0,0,0,0,1,0,0,0,0,0,0,0,0,1,0,0,0
2391,990,1413,4239.0,0.4141,1.43,220.03,266.7,12.1688,14.75,8.2919,46.67,21.2117,3.0,249562486.0,176618.89,5347223.11,2024,3,7,625,0,0,0,0,18.08,0,7.779885115070522,6.898714534329988,7.254177846456518,8.352318548226004,19.335219890696553,0,0,0,0,0,0,0,0,0,0,1,0,0,0,0,0,0,0,0,0,0,0,0,0,0,0,0,1,0,0,0,0,0,1,0,0,0,0,0,0,1,0,0,0,0,0,0,0,1,0,0,1,0,1,0,0,0,0,0,0,0,0,0,0,0,0,0,0,0,0,1,0,0,0,0,0,0,0,0,1,0,0,0,0
918,346,503,1509.0,0.3769,1.45,937.18,1060.74,51.5358,58.3305,85.5652,123.56,13.1845,3.0,5373659.0,10683.22,43489.27,2024,1,3,774,0,0,0,0,18.19,1,6.823286122355687,5.849324779946859,6.222576268071369,7.31986492980897,15.49701979857143,0,0,0,0,0,0,0,0,0,0,1,0,0,0,0,0,0,0,0,0,0,0,0,0,0,0,0,1,0,0,0,0,0,1,0,0,0,0,0,0,0,1,0,0,0,0,0,0,1,0,1,0,0,1,0,0,0,0,0,0,0,1,0,0,0,0,0,0,0,0,0,0,0,0,0,0,0,0,0,0,1,0,0,0
788,331,511,1533.0,0.4201,1.54,968.6,1167.53,69.1421,83.3425,39.4783,198.93,20.538,3.0,23730000.0,46438.36,119287.36,2024,2,4,737,0,0,0,0,14.01,1,6.670766320845874,5.805134968916488,6.238324625039508,7.335633981927201,16.982250670552695,0,0,0,0,0,0,0,0,0,0,1,0,0,0,0,0,0,0,0,0,0,0,0,0,0,0,0,1,0,0,0,0,0,1,0,0,0,0,0,0,0,0,1,0,0,0,0,0,1,0,1,0,0,1,0,0,0,0,0,0,0,0,0,0,0,1,0,0,0,0,0,0,0,0,0,0,0,0,0,0,0,0,0,1
14666,2609,10366,404274.0,0.1779,3.97,443.66,518.66,28.0903,32.8391,17.4132,75.0,16.9055,39.0,82607249.0,7969.06,1101397.32,2024,3,7,625,0,0,0,0,15.79,0,9.593355351246755,7.867105500316739,9.246382963323112,12.909850618446145,18.22960800703653,0,0,0,0,0,0,0,0,0,0,0,1,0,0,0,0,0,0,0,0,0,0,0,0,0,0,0,1,1,0,0,0,0,0,0,0,0,0,0,0,1,0,0,0,0,0,0,0,1,0,0,1,0,1,0,0,0,0,0,0,0,0,0,0,0,0,0,0,0,0,0,1,0,0,0,0,0,1,0,0,0,0,0,0
730,149,626,24414.0,0.2041,4.2,871.56,982.76,100.8085,113.6709,51.1116,111.2,12.7593,39.0,3940200.0,6294.25,35431.95,2023,4,11,883,0,0,0,0,8.65,0,6.594413459749778,5.0106352940962555,6.440946540632921,10.10295297649576,15.186742295201311,0,0,0,0,0,0,0,0,0,0,0,1,0,0,0,0,0,0,0,0,0,0,0,0,0,0,0,1,1,0,0,0,0,0,0,0,0,0,0,0,1,0,0,0,0,0,0,0,1,0,0,1,0,0,0,0,0,1,0,0,0,0,0,0,0,0,0,0,0,0,1,0,0,0,0,0,0,0,0,0,0,1,0,0
8184,2359,3786,11358.0,0.2882,1.6,292.93,346.2,14.1651,16.7412,11.0557,53.27,18.186,3.0,175313608.0,46305.76,3290901.28,2023,4,11,883,0,0,0,1,20.68,0,9.010058489805235,7.7664168980196555,8.239329427901795,9.33776566023142,18.982086979507983,0,0,0,0,0,0,0,0,0,0,0,1,0,0,0,0,0,0,0,0,0,0,0,0,0,0,0,1,0,0,0,0,0,1,0,0,0,0,0,1,0,0,0,0,0,0,0,0,0,1,0,0,1,0,0,0,0,0,1,0,0,0,0,0,0,1,0,0,0,0,0,0,0,0,0,0,0,0,0,1,0,0,0,0
1551,504,997,2991.0,0.325,1.98,457.05,534.26,26.3603,30.8135,22.5,77.21,16.8936,3.0,5091950.0,5107.27,65948.05,2024,3,8,606,0,0,0,0,17.34,0,7.347299700743164,6.22455842927536,6.905753276311464,8.003697339094368,15.443171615675192,0,0,0,0,0,0,0,0,0,0,0,1,0,0,0,0,0,0,0,0,0,0,0,0,0,0,0,1,0,0,0,0,0,1,0,0,0,0,0,0,1,0,0,0,0,0,0,0,1,0,1,0,0,1,0,0,0,0,0,0,0,0,0,1,0,0,0,0,0,0,0,0,0,0,0,1,0,0,0,0,0,0,0,0
634,268,467,1401.0,0.4227,1.74,987.9,1133.47,109.9918,126.1995,51.2773,145.57,14.7354,3.0,5373659.0,11506.76,36914.27,2024,1,3,774,0,0,0,0,8.98,1,6.453624998892692,5.594711379601839,6.148468295917647,7.2456550675945355,15.49701979857143,0,0,0,0,0,0,0,0,0,0,0,1,0,0,0,0,0,0,0,0,0,0,0,0,0,0,0,1,0,0,0,0,0,1,0,0,0,0,0,0,0,1,0,0,0,0,0,0,1,0,1,0,0,1,0,0,0,0,0,0,0,0,0,0,0,0,0,0,0,0,1,0,0,0,0,0,0,0,0,1,0,0,0,0
23392,11933,21656,64968.0,0.5101,1.81,1064.69,1429.05,54.3961,73.0118,97.6054,364.36,34.2226,3.0,4724469096.0,218159.82,12966374.96,2025,1,3,382,0,0,0,1,19.57,0,10.060192111293768,9.387146748082028,9.983084006807271,11.081665512036867,22.27602103115593,0,0,0,0,0,0,0,0,0,0,0,1,0,0,0,0,0,0,0,0,0,0,0,0,0,0,0,1,0,0,0,0,0,1,0,0,0,0,0,1,0,0,0,0,0,0,0,0,0,1,0,0,1,0,0,0,0,0,1,0,0,0,0,0,0,0,0,0,0,0,1,0,0,0,0,0,0,0,0,0,0,1,0,0
5104,2136,8466,25398.0,0.4185,3.96,190.38,252.24,11.9468,15.8291,12.0487,61.86,32.496,3.0,79040000.0,9336.17,1277627.24,2026,1,1,80,0,0,0,1,15.94,0,8.537975730598767,7.667158255319148,9.043931533642278,10.142465082152865,18.185464624055708,0,0,0,0,0,0,0,0,0,0,0,0,0,0,0,0,0,1,0,0,0,0,0,0,0,0,0,1,0,0,0,0,0,1,0,0,0,0,0,1,0,0,0,0,0,0,0,0,0,1,0,0,1,0,0,0,0,0,1,0,0,0,0,0,0,0,0,0,0,1,0,0,0,0,0,0,0,0,0,0,0,0,1,0
1571,505,1159,3477.0,0.3215,2.3,706.84,825.86,82.3261,96.1881,24.6972,119.02,16.838,3.0,36816000.0,31765.31,309333.38,2026,1,2,73,0,0,0,1,8.59,0,7.360103972989152,6.226536669287466,7.05617528410041,8.154212694914229,17.421443118419386,0,0,0,0,0,0,0,0,0,0,0,0,1,0,0,0,0,0,0,0,0,0,0,0,0,0,0,1,0,0,0,0,0,1,0,0,0,0,0,1,0,0,0,0,0,0,0,0,0,1,0,0,1,0,0,0,0,0,1,0,0,0,0,0,0,0,1,0,0,0,0,0,0,0,0,0,0,1,0,0,0,0,0,0
14790,5075,11305,440895.0,0.3431,2.23,359.3,441.73,14.6755,18.0419,20.1443,82.43,22.9394,39.0,117110832.0,10359.21,1420862.38,2023,4,11,889,1,0,0,0,24.48,1,9.60177416667137,8.532278828834277,9.333088837235236,12.996564298952867,18.578631334963735,0,0,0,0,0,0,0,0,0,0,0,0,1,0,0,0,0,0,0,0,0,0,0,0,0,0,0,1,0,0,0,0,1,0,0,0,0,0,0,0,0,0,0,1,0,0,0,0,1,0,0,1,0,0,0,0,0,1,0,0,0,0,0,0,0,0,0,0,0,0,0,0,1,0,0,0,0,0,1,0,0,0,0,0
115222,54381,106065,318195.0,0.472,1.95,263.11,365.83,10.9016,15.1577,12.5685,102.72,39.0408,3.0,8179435811.0,77117.2,79628565.43,2023,2,4,1086,0,0,0,1,24.13,0,11.654624660093742,10.903788495737448,11.57181682084284,12.670422824096566,22.824889013544272,0,0,0,0,0,0,0,0,0,0,0,0,1,0,0,0,0,0,0,0,0,0,0,0,0,0,0,1,0,0,0,0,0,1,0,0,0,0,0,1,0,0,0,0,0,0,0,0,0,1,0,0,1,0,0,0,0,0,1,0,0,0,0,0,0,0,1,0,0,0,0,0,0,0,0,0,0,0,0,0,1,0,0,0
26837,8627,27658,82974.0,0.3215,3.21,317.65,437.79,18.9989,26.1845,15.3896,120.14,37.821,3.0,1009584000.0,36502.42,8403542.53,2023,4,11,877,0,0,0,0,16.72,0,10.197574072660903,9.062768007509048,10.227706451275253,11.326294636588175,20.732804202755613,0,0,0,0,0,0,0,0,0,0,0,0,1,0,0,0,0,0,0,0,0,0,0,0,0,0,0,1,0,0,0,0,0,1,0,0,0,0,0,0,1,0,0,0,0,0,0,1,0,0,0,1,0,0,0,0,0,1,0,0,0,0,0,0,0,0,0,1,0,0,0,0,0,0,0,0,0,0,0,0,1,0,0,0
29039,3858,9458,368862.0,0.1329,2.45,427.36,532.42,44.5515,55.5038,19.5958,105.06,24.5833,39.0,936886656.0,99057.59,8917748.5,2023,4,11,889,1,0,0,0,9.59,1,10.276429468938732,8.258163361537619,9.15472194821317,12.818180580370779,20.658072869172017,0,0,0,0,0,0,0,0,0,0,0,0,1,0,0,0,0,0,0,0,0,0,0,0,0,0,0,1,0,0,0,0,0,0,0,0,0,1,0,0,0,0,0,1,0,0,0,0,1,0,0,1,0,0,0,0,0,1,0,0,0,1,0,0,0,0,0,0,0,0,0,0,0,0,0,0,0,0,1,0,0,0,0,0
1304,222,811,31629.0,0.1702,3.65,541.67,605.36,26.0063,29.064,48.2491,63.69,11.7574,39.0,17056000.0,21030.83,267810.79,2025,4,11,158,0,0,0,0,20.83,0,7.173958319756794,5.407171771460119,6.699500340161678,10.361861316299695,16.652012664578102,0,0,0,0,0,0,0,0,0,0,0,0,1,0,0,0,0,0,0,0,0,0,0,0,0,0,0,1,1,0,0,0,0,0,0,0,0,0,0,0,1,0,0,0,0,0,0,1,0,0,1,0,0,1,0,0,0,0,0,0,0,0,0,0,0,0,0,1,0,0,0,0,0,0,0,0,0,0,0,1,0,0,0,0
598,98,184,0.77,0.1639,1.88,580.91,647.84,35.5018,39.5919,33.6886,66.93,11.5209,39.0,1.0,0.01,0.01,2025,4,12,115,0,1,1,0,16.36,0,6.395261598115449,4.59511985013459,5.220355825078324,0.5709795465857378,0.6931471805599453,0,0,0,0,0,0,0,0,0,0,0,0,1,0,0,0,0,0,0,0,0,0,0,0,0,0,0,1,1,0,0,0,0,0,0,0,0,0,0,0,1,0,0,0,0,0,0,1,0,0,1,0,0,0,1,0,0,0,0,0,0,0,0,1,0,0,0,0,0,0,0,0,0,0,0,0,0,1,0,0,0,0,0,0
34115,12516,47557,142671.0,0.3669,3.8,546.32,669.06,41.5719,50.9114,22.333,122.74,22.4658,3.0,4527904000.0,95210.04,36891551.05,2025,4,11,163,0,0,0,1,13.14,0,10.437521761439,9.434842999328023,10.769705297775843,11.86830356837466,22.233524976429965,0,0,0,0,0,0,0,0,0,0,0,0,1,0,0,0,0,0,0,0,0,0,0,0,0,0,0,1,0,0,0,0,0,1,0,0,0,0,0,1,0,0,0,0,0,0,0,0,0,1,0,0,1,0,0,0,0,0,1,0,0,0,0,0,0,0,1,0,0,0,0,0,0,0,0,0,0,0,0,0,0,0,1,0
1225,415,1324,3972.0,0.3388,3.19,439.06,492.86,26.8468,30.1367,31.336,53.8,12.2542,3.0,11808000.0,8918.43,219467.8,2025,4,11,158,0,0,0,0,16.35,0,7.111512116496157,6.030685260261263,7.1891677384203225,8.287276755814599,16.284287910510734,0,0,0,0,0,0,0,0,0,0,0,0,1,0,0,0,0,0,0,0,0,0,0,0,0,0,0,1,0,0,0,0,0,1,0,0,0,0,0,0,1,0,0,0,0,0,0,1,0,0,1,0,0,1,0,0,0,0,0,0,0,0,0,0,0,0,0,0,0,0,0,1,0,0,0,0,0,0,0,0,0,0,0,1
1460,408,643,0.0,0.2795,1.58,709.72,812.56,42.0414,48.1328,50.4368,102.84,14.4891,3.0,0.0,0.0,0.0,2025,4,12,115,0,1,1,0,16.88,0,7.2868764117507,6.013715156042802,6.467698726104354,0.0,0.0,0,0,0,0,0,0,0,0,0,0,0,0,1,0,0,0,0,0,0,0,0,0,0,0,0,0,0,1,0,0,0,0,0,1,0,0,0,0,0,0,1,0,0,0,0,0,0,1,0,0,1,0,0,0,1,0,0,0,0,0,0,0,1,0,0,0,0,0,0,0,0,0,0,0,0,0,0,0,0,0,0,1,0,0
47482,12632,32437,97311.0,0.266,2.57,1025.29,1250.04,58.3673,71.1619,100.5004,224.75,21.9209,3.0,552448000.0,17031.41,2458039.81,2025,4,11,157,0,0,0,1,17.57,0,10.768127031226284,9.444067716830038,10.387085854047635,11.485677590477092,20.129869871089905,0,0,0,0,0,0,0,0,0,0,0,0,1,0,0,0,0,0,0,0,0,0,0,0,0,0,0,1,0,0,0,0,0,1,0,0,0,0,0,1,0,0,0,0,0,0,0,0,0,1,0,0,1,0,0,0,0,0,1,0,0,0,0,0,0,0,0,0,0,0,0,0,1,0,0,0,0,0,0,1,0,0,0,0
62716,33713,136524,409572.0,0.5376,4.05,479.7,638.39,30.947,41.1843,25.5847,158.69,33.0801,3.0,3442120000.0,25212.56,21691336.69,2025,4,11,158,0,0,0,1,15.5,0,11.046387822247667,10.425668460340253,11.824263027020354,12.922870432566,21.959353397870043,0,0,0,0,0,0,0,0,0,0,0,0,1,0,0,0,0,0,0,0,0,0,0,0,0,0,0,1,0,0,0,0,0,1,0,0,0,0,0,1,0,0,0,0,0,0,0,0,0,1,0,0,1,0,0,0,0,0,1,0,0,0,0,0,0,0,0,0,0,0,0,0,0,1,0,1,0,0,0,0,0,0,0,0
23110,11650,49463,148389.0,0.5041,4.25,1142.39,1670.78,62.4329,91.3102,41.309,528.39,46.2533,3.0,3331723200.0,67357.89,6305404.06,2024,4,11,521,0,0,0,1,18.3,0,10.048063973643371,9.36314729221994,10.809000411238404,11.907599222000172,21.926755484871087,1,0,0,0,0,0,0,0,0,0,0,0,1,0,0,0,0,0,0,0,0,0,0,0,0,0,0,1,0,0,0,0,0,1,0,0,0,0,0,1,0,0,0,0,0,0,0,0,0,1,0,0,1,0,0,0,0,0,1,0,0,0,1,0,0,0,0,0,0,0,0,0,0,0,0,0,1,0,0,0,0,0,0,0
12882,4592,12567,37701.0,0.3565,2.74,1073.34,1334.05,45.4448,56.4833,97.24,260.71,24.29,3.0,109257188.0,8693.98,419069.79,2025,2,4,353,0,0,0,1,23.62,0,9.463663891791525,8.432288684325794,9.438909179935457,10.537468422426857,18.5092151929787,1,0,0,0,0,0,0,0,0,0,0,0,1,0,0,0,0,0,0,0,0,0,0,1,0,0,0,0,0,0,0,0,0,1,0,0,0,0,0,1,0,0,0,0,0,0,0,0,0,1,0,0,1,0,0,0,0,0,1,0,0,0,0,0,0,0,0,0,0,0,0,0,1,0,0,0,0,0,0,0,1,0,0,0
264064,141813,395199,1185597.0,0.537,2.79,361.76,546.12,25.5509,38.5721,26.1724,184.36,50.9615,3.0,5902291200.0,14934.99,32014943.09,2024,4,11,521,0,0,0,1,14.16,0,12.483950563944436,11.862271618813107,12.88714724485585,13.985757846612955,22.498606451626493,1,0,0,0,0,0,0,0,0,0,0,0,1,0,0,0,0,0,0,0,0,0,0,0,0,0,0,1,0,0,0,0,0,1,0,0,0,0,0,1,0,0,0,0,0,0,0,0,0,1,0,0,1,0,0,0,0,0,1,0,0,0,0,0,1,0,0,0,0,0,0,0,0,0,0,0,0,0,0,1,0,0,0,0
32412,14683,62122,186366.0,0.453,4.23,986.28,1344.87,48.4962,66.1288,60.8749,358.59,36.3587,3.0,1242608000.0,20002.7,3465192.28,2024,4,11,521,0,0,0,1,20.34,0,10.386314855875257,9.594513744616725,11.036871569721765,12.135473126933832,20.940478234491536,1,0,0,0,0,0,0,0,0,0,0,0,1,0,0,0,0,0,0,0,0,0,0,0,0,0,0,1,0,0,0,0,0,1,0,0,0,0,0,1,0,0,0,0,0,0,0,0,0,1,0,0,1,0,0,0,0,0,1,0,0,0,0,0,1,0,0,0,0,0,0,0,0,0,0,0,1,0,0,0,0,0,0,0
1741,687,2155,6465.0,0.3946,3.14,774.59,908.49,33.3792,39.1494,31.4432,133.9,17.2867,3.0,43335000.0,20109.05,323634.89,2025,2,6,309,0,0,0,1,23.21,0,7.462789157412448,6.5337888379333435,7.6760099320288875,8.774312958285378,17.584471203626617,1,0,0,0,0,0,0,0,0,0,0,0,1,0,0,0,0,0,0,0,0,0,0,0,0,0,0,1,0,0,0,0,0,1,0,0,0,0,0,1,0,0,0,0,0,0,0,0,0,1,0,0,1,0,0,0,0,0,1,0,0,0,0,0,0,0,0,0,0,0,1,0,0,0,0,0,0,0,0,0,0,1,0,0
48270,19207,25130,75390.0,0.3979,1.31,766.58,958.43,48.6664,60.8466,33.603,191.85,25.028,3.0,3448599600.0,137230.39,17974710.16,2024,4,11,520,0,0,0,1,15.75,0,10.784586245241275,9.86308213790109,10.13185742282192,11.230443183476446,21.961234072831175,1,0,0,0,0,0,0,0,0,0,0,0,1,0,0,0,0,0,0,0,0,0,0,0,0,0,0,1,0,0,0,0,0,1,0,0,0,0,0,1,0,0,0,0,0,0,0,0,0,1,0,0,1,0,0,0,0,0,1,0,0,0,0,0,0,0,0,1,0,0,0,0,0,0,0,0,0,0,0,0,1,0,0,0
21910,6024,25373,76119.0,0.2749,4.21,591.04,743.36,38.0367,47.8391,32.2641,152.32,25.7708,3.0,1148431000.0,45261.93,7539780.1,2024,4,11,521,0,0,0,1,15.54,0,9.99474407280768,8.703672758358856,10.141480306700544,11.240066321410087,20.86166250079632,1,0,0,0,0,0,0,0,0,0,0,0,1,0,0,0,0,0,0,0,0,0,0,0,0,0,0,1,0,0,0,0,0,1,0,0,0,0,0,1,0,0,0,0,0,0,0,0,0,1,0,0,1,0,0,0,0,0,1,0,0,0,0,0,0,0,0,0,0,0,0,0,1,0,0,0,0,0,0,0,1,0,0,0
60453,16776,33873,101619.0,0.2775,2.02,701.15,874.09,38.4489,47.9322,27.8441,172.94,24.6649,3.0,1750049200.0,51665.02,10119491.34,2024,4,11,521,0,0,0,1,18.24,0,11.009638024242527,9.7277641797704,10.430403037451066,11.528995645147722,21.28290973934376,1,0,0,0,0,0,0,0,0,0,0,0,1,0,0,0,0,0,0,0,0,0,0,0,0,0,0,1,0,0,0,0,0,1,0,0,0,0,0,1,0,0,0,0,0,0,0,0,0,1,0,0,1,0,0,0,0,0,1,0,0,0,0,0,0,0,0,0,0,0,0,0,0,1,0,0,0,0,0,0,0,0,1,0
170982,73647,228761,686283.0,0.4307,3.11,597.18,828.2,33.0775,45.8734,26.9089,231.02,38.6846,3.0,6272550583.0,27419.67,27151973.14,2024,4,11,521,0,0,0,1,18.05,0,12.049319415338099,11.207052266057023,12.340437440778235,13.439046815205177,22.559448900580463,1,0,0,0,0,0,0,0,0,0,0,0,1,0,0,0,0,0,0,0,0,0,0,0,0,1,0,0,0,0,0,0,0,1,0,0,0,0,0,1,0,0,0,0,0,0,0,0,0,1,0,0,1,0,0,0,0,0,1,0,0,0,0,0,0,0,0,0,0,0,0,0,1,0,0,0,0,0,0,1,0,0,0,0
201626,83898,146502,439506.0,0.4161,1.75,739.73,1089.74,34.0702,50.1908,26.4939,350.01,47.3159,3.0,10911541191.0,74480.49,31174833.41,2024,4,11,521,0,0,0,1,21.71,0,12.214174734783148,11.337368973433135,11.89480118504529,12.993408923170522,23.113086890975868,1,0,0,0,0,0,0,0,0,0,0,0,1,0,0,0,0,0,0,0,0,0,0,0,0,1,0,0,0,0,0,0,0,1,0,0,0,0,0,1,0,0,0,0,0,0,0,0,0,1,0,0,1,0,0,0,0,0,1,0,0,1,0,0,0,0,0,0,0,0,0,0,0,0,0,0,0,1,0,0,0,0,0,0
892,103,135,5265.0,0.1155,1.31,827.95,887.68,51.4248,55.1346,31.4087,59.73,7.214,39.0,1500000.0,11111.11,25113.64,2026,1,1,80,0,0,0,0,16.1,0,6.794586580876499,4.6443908991413725,4.912654885736052,8.569026340056254,14.220976332738882,0,0,0,0,0,0,0,0,0,0,0,0,0,0,0,0,0,1,0,0,0,0,0,0,0,0,0,1,1,0,0,0,0,0,0,0,0,0,0,0,1,0,0,0,0,0,0,1,0,0,1,0,0,0,0,0,0,0,0,1,0,0,1,0,0,0,0,0,0,0,0,0,0,0,0,0,0,0,1,0,0,0,0,0
706,376,837,2511.0,0.5326,2.23,874.3,1056.55,35.0646,42.3735,58.0691,182.25,20.8442,3.0,15744000.0,18810.04,86390.86,2025,1,2,428,0,0,0,0,24.93,0,6.561030665896573,5.932245187448011,6.731018100482083,7.828834527588089,16.57196996179043,0,0,0,0,0,0,0,0,0,0,0,0,0,0,0,0,0,1,0,0,0,0,0,0,0,0,0,1,0,0,0,0,0,1,0,0,0,0,0,0,1,0,0,0,0,0,0,1,0,0,1,0,0,1,0,0,0,0,0,0,0,1,0,0,0,0,0,0,0,0,0,0,0,0,0,0,0,0,1,0,0,0,0,0
1538,327,1234,48126.0,0.2126,3.77,732.48,808.72,81.2873,89.7475,47.475,76.24,10.4077,39.0,31488000.0,25517.02,413040.67,2025,1,2,428,0,0,0,0,9.01,0,7.338888133838879,5.793013608384144,7.118826249062078,10.781598629168116,17.265117110592247,1,0,0,0,0,0,0,0,0,0,0,0,0,0,0,0,0,1,0,0,0,0,0,0,0,1,0,0,1,0,0,0,0,0,0,0,0,0,0,0,1,0,0,0,0,0,0,1,0,0,1,0,0,1,0,0,0,0,0,0,0,0,0,0,0,0,0,0,0,0,0,0,0,1,0,0,0,0,0,0,0,0,0,1
7977,2265,4792,14376.0,0.2839,2.12,921.42,1062.08,114.4076,131.8719,73.6717,140.66,15.265,3.0,74784000.0,15606.01,531683.01,2025,1,2,428,0,0,0,0,8.05,0,8.984443032465352,7.725771441587952,8.474911799159631,9.573384986422592,18.130114529692566,1,0,0,0,0,0,0,0,0,0,0,0,0,0,0,0,0,1,0,0,0,0,0,0,0,1,0,0,0,0,0,0,0,1,0,0,0,0,0,0,1,0,0,0,0,0,0,1,0,0,1,0,0,1,0,0,0,0,0,0,0,0,0,0,0,0,0,0,0,0,0,0,1,0,0,1,0,0,0,0,0,0,0,0
1391,331,637,24843.0,0.238,1.92,1252.09,1396.42,66.3065,73.9499,74.7994,144.33,11.5274,39.0,13005396.0,20416.63,90106.57,2021,4,11,1606,0,0,0,0,18.88,1,7.238496840894365,5.805134968916488,6.45833828334479,10.120371553679194,16.38087498311945,0,0,0,0,0,0,0,0,0,0,0,0,0,1,0,0,0,0,0,0,0,0,0,0,0,0,0,1,1,0,0,0,0,0,0,0,0,0,1,0,0,0,0,0,0,0,1,0,0,0,0,0,1,0,0,1,0,0,0,0,0,0,0,0,0,1,0,0,0,0,0,0,0,0,0,0,1,0,0,0,0,0,0,0
1984,487,926,36114.0,0.2455,1.9,1478.34,1624.89,113.0804,124.2895,49.2931,146.55,9.9125,39.0,30776076.0,33235.5,210016.75,2021,4,11,1613,0,0,0,0,13.07,0,7.59337419312129,6.1903154058531475,6.831953565565855,10.494463570484948,17.242248225360708,0,0,0,0,0,0,0,0,0,0,0,0,0,1,0,0,0,0,0,0,0,0,0,0,0,0,0,1,1,0,0,0,0,0,0,0,0,0,0,0,1,0,0,0,0,0,1,0,0,0,0,0,1,0,0,1,0,0,0,0,0,0,0,0,0,0,0,1,0,0,0,0,0,0,0,0,0,0,0,1,0,0,0,0
1363,339,983,38337.0,0.2487,2.9,3419.95,3760.54,282.9563,311.1356,188.7909,340.59,9.9589,39.0,22773912.0,23167.76,66866.39,2021,4,12,1592,0,0,0,0,12.09,0,7.218176838403408,5.8289456176102075,6.891625897052253,10.554196850398105,16.94112627219961,0,0,0,0,0,0,0,0,0,0,0,0,0,1,0,0,0,0,0,0,0,0,0,0,0,0,0,1,1,0,0,0,0,0,0,0,0,0,0,0,1,0,0,0,0,0,0,1,0,0,0,0,1,0,0,1,0,0,0,0,0,1,0,0,0,0,0,0,0,0,0,0,0,0,0,1,0,0,0,0,0,0,0,0
66942,5991,26475,1032525.0,0.0895,4.42,1832.09,2101.25,137.7274,157.9617,127.1422,269.16,14.6915,39.0,4371138741.0,165104.39,16239803.2,2022,4,10,1292,0,0,0,0,13.3,0,11.11159679001446,8.698180525197055,10.183993941238814,13.847518785098337,22.198289393801762,0,0,0,0,0,0,0,0,0,0,0,0,0,1,0,0,0,0,0,0,0,0,0,0,0,0,0,1,1,0,0,0,0,0,0,0,0,0,0,0,1,0,0,0,0,0,0,0,1,0,0,0,1,1,0,0,0,0,0,0,0,1,0,0,0,0,0,0,0,0,0,0,0,0,0,0,0,0,0,0,0,0,1,0
71560,14690,39878,1555242.0,0.2053,2.71,873.26,1079.26,70.6933,87.37,34.585,206.0,23.5903,39.0,4582576811.0,114914.91,22245055.14,2022,4,10,1291,0,0,0,0,12.35,0,11.178305511812328,9.594990340370426,10.593605148535708,14.257142361483035,22.24552729956711,0,0,0,0,0,0,0,0,0,0,0,0,0,1,0,0,0,0,0,0,0,0,0,0,0,0,0,1,1,0,0,0,0,0,0,0,0,0,0,0,1,0,0,0,0,0,0,0,1,0,1,0,0,1,0,0,0,0,0,0,0,0,0,0,0,0,0,0,0,0,0,0,0,0,1,0,0,0,0,0,1,0,0,0
10755,1858,5646,220194.0,0.1728,3.04,1292.13,1560.91,151.5976,183.1316,61.9745,268.78,20.8011,39.0,333166500.0,59009.3,1239559.46,2024,1,3,774,0,0,0,0,8.52,1,9.283219017388756,7.527793987721444,8.638879709672837,12.302268796382581,19.62415292598787,0,0,0,0,0,0,0,0,0,0,0,0,0,1,0,0,0,0,0,0,0,0,0,0,0,0,0,1,1,0,0,0,0,0,0,0,0,0,0,0,0,1,0,0,0,0,0,0,1,0,1,0,0,1,0,0,0,0,0,0,0,0,0,0,0,0,0,0,0,0,0,0,1,0,0,0,0,1,0,0,0,0,0,0
69268,13853,55967,2182713.0,0.2,4.04,1515.57,1847.08,61.8193,75.3418,116.6535,331.51,21.8742,39.0,1922732944.0,34354.76,5799782.38,2022,4,11,1243,0,0,0,0,24.52,1,11.145752754648552,9.536329278582551,10.93253537781833,14.59607961458091,21.377013419754178,0,0,0,0,0,0,0,0,0,0,0,0,0,1,0,0,0,0,0,0,0,0,0,0,0,0,0,1,1,0,0,0,0,0,0,0,0,0,0,0,0,1,0,0,0,0,0,0,1,0,0,0,1,1,0,0,0,0,0,0,0,0,0,0,0,0,0,1,0,0,0,0,0,0,0,0,0,0,0,1,0,0,0,0
8019,2231,4035,274380.0,0.2782,1.81,2633.73,3234.67,128.6096,157.9544,144.0033,600.94,22.817,68.0,394295280.0,97718.78,656133.52,2022,4,10,1291,0,0,0,0,20.48,0,8.98969370086056,7.710653323501202,8.3030093814735,12.522272930454022,19.792610630731602,0,0,0,0,0,0,0,0,0,0,0,0,0,1,0,0,0,0,0,0,0,0,0,0,0,0,0,1,0,0,0,1,0,0,0,0,0,0,0,0,1,0,0,0,0,0,0,0,1,0,1,0,0,1,0,0,0,0,0,0,0,0,0,0,0,0,1,0,0,0,0,0,0,0,0,1,0,0,0,0,0,0,0,0
3757,1174,2569,174692.0,0.3125,2.19,3784.74,4451.93,180.5339,212.3592,150.9271,667.19,17.6284,68.0,86483107.0,33664.11,129623.02,2022,4,12,1215,0,0,0,0,20.96,0,8.231642179973411,7.069023426578259,7.851661177889265,12.070785426630195,18.27545966959486,0,0,0,0,0,0,0,0,0,0,0,0,0,1,0,0,0,0,0,0,0,0,0,0,0,0,0,1,0,0,0,1,0,0,0,0,0,0,0,0,1,0,0,0,0,0,0,0,1,0,0,0,1,1,0,0,0,0,0,0,0,0,0,1,0,0,0,0,0,0,0,0,0,0,0,0,0,1,0,0,0,0,0,0
984,268,595,0.0,0.2724,2.22,2640.52,3065.04,110.9586,128.7972,232.6029,424.52,16.0769,11.0,0.0,0.0,0.0,2023,3,8,977,0,1,1,0,23.8,0,6.892641641172089,5.594711379601839,6.39024066706535,0.0,0.0,0,0,0,0,0,0,0,0,0,0,0,0,0,1,0,0,0,0,0,0,0,0,0,0,0,0,0,1,0,0,0,0,0,0,0,1,0,0,0,0,1,0,0,0,0,0,1,0,0,0,1,0,0,0,0,1,0,0,0,0,0,0,0,0,0,0,0,0,0,0,0,0,1,0,0,0,0,0,0,0,0,0,0,1
1930,967,2428,7284.0,0.501,2.51,2333.93,2809.73,273.9571,319.30539999999996,151.7474,475.8,20.386,3.0,13678256.0,5633.55,28748.15,2021,4,11,1613,0,0,0,0,8.52,0,7.565793282428515,6.875232087276577,7.795234929002173,8.893572718629306,16.431318049760343,0,0,0,0,0,0,0,0,0,0,0,0,0,1,0,0,0,0,0,0,0,0,0,0,0,0,0,1,0,0,0,0,0,1,0,0,0,0,0,0,1,0,0,0,0,0,1,0,0,0,0,0,1,0,0,1,0,0,0,0,0,0,0,0,1,0,0,0,0,0,0,0,0,0,0,0,1,0,0,0,0,0,0,0
730,275,717,2151.0,0.3767,2.61,1803.93,2091.41,79.0336,91.6289,88.6368,287.48,15.9365,3.0,9760248.0,13612.62,33950.61,2021,4,12,1592,0,0,0,0,22.82,0,6.594413459749778,5.62040086571715,6.576469569048224,7.674152921281675,16.093828470358925,0,0,0,0,0,0,0,0,0,0,0,0,0,1,0,0,0,0,0,0,0,0,0,0,0,0,0,1,0,0,0,0,0,1,0,0,0,0,0,0,1,0,0,0,0,0,0,1,0,0,0,0,1,0,0,1,0,0,0,0,0,0,0,0,0,0,0,0,0,0,0,0,0,0,1,0,1,0,0,0,0,0,0,0
267116,84615,324860,974580.0,0.3168,3.84,2740.39,3785.72,161.5523,223.1769,178.2141,1045.33,38.1453,3.0,7297585960.0,22463.79,6981141.93,2022,4,10,1291,0,0,0,0,16.96,0,12.495442043647012,11.345878653007889,12.69115267751774,13.789762914024001,22.7108094401367,0,0,0,0,0,0,0,0,0,0,0,0,0,1,0,0,0,0,0,0,0,0,0,0,0,0,0,1,0,0,0,0,0,1,0,0,0,0,0,0,1,0,0,0,0,0,0,0,1,0,1,0,0,1,0,0,0,0,0,0,0,1,0,0,0,0,0,0,0,0,0,0,0,0,0,1,0,0,0,0,0,0,0,0
278286,102686,241617,724851.0,0.369,2.35,1245.43,1636.73,66.4116,87.2772,55.1842,391.3,31.4186,3.0,6998130109.0,28963.73,17884393.67,2022,4,10,1292,0,0,0,0,18.75,0,12.536408234241835,11.539440805625956,12.395113245578822,13.493722775066793,22.668908823174057,0,0,0,0,0,0,0,0,0,0,0,0,0,1,0,0,0,0,0,0,0,0,0,0,0,0,0,1,0,0,0,0,0,1,0,0,0,0,0,0,1,0,0,0,0,0,0,0,1,0,0,0,1,1,0,0,0,0,0,0,0,0,0,0,0,0,0,0,0,0,0,0,0,0,1,0,0,0,0,0,0,1,0,0
67394,34881,95754,287262.0,0.5176,2.75,3674.44,5138.22,193.8404,271.0603,187.1147,1463.78,39.8369,3.0,2380210782.0,24857.56,1626070.31,2022,4,11,1243,0,0,0,0,18.96,1,11.11832611017237,10.459726215828614,11.46954812500066,12.568153451431941,21.590454884993925,0,0,0,0,0,0,0,0,0,0,0,0,0,1,0,0,0,0,0,0,0,0,0,0,0,0,0,1,0,0,0,0,0,1,0,0,0,0,0,0,0,1,0,0,0,0,0,0,1,0,0,0,1,1,0,0,0,0,0,0,0,0,0,0,1,0,0,0,0,0,0,0,0,0,0,1,0,0,0,0,0,0,0,0
6636,1950,6361,19083.0,0.2939,3.26,3453.86,4123.81,157.4478,187.988,200.4075,669.95,19.397,3.0,304195500.0,47821.96,454059.06,2024,1,3,774,0,0,0,0,21.94,1,8.800415333145924,7.576097340623111,8.758098072309089,9.856605566635997,19.533181148068003,0,0,0,0,0,0,0,0,0,0,0,0,0,1,0,0,0,0,0,0,0,0,0,0,0,0,0,1,0,0,0,0,0,1,0,0,0,0,0,0,0,1,0,0,0,0,0,0,1,0,1,0,0,1,0,0,0,0,0,0,0,0,0,0,0,0,0,0,0,0,0,0,0,1,0,1,0,0,0,0,0,0,0,0
3059,1004,2456,95784.0,0.3282,2.45,1816.1,2327.42,132.8732,170.2832,62.6584,511.32,28.1547,39.0,109861128.0,44731.73,214858.79,2023,4,12,858,1,0,0,0,13.67,0,8.026170194946426,6.912742820493176,7.806696372521179,11.469861375499201,18.514727662541762,0,0,0,0,0,0,0,0,0,0,0,0,0,1,0,0,0,0,0,0,0,0,0,0,0,0,0,1,0,0,0,0,0,0,0,0,1,0,0,0,1,0,0,0,0,0,0,0,1,0,1,0,0,1,0,0,0,0,0,0,0,0,0,0,0,0,0,0,0,0,0,0,0,1,0,0,0,1,0,0,0,0,0,0
70820,18293,72452,2825628.0,0.2583,3.96,3848.95,4687.99,188.1036,229.1084,169.9828,839.04,21.799,39.0,1170005105.0,16148.69,1394466.17,2022,4,10,1292,1,0,0,0,20.46,0,11.167910845871203,9.81432841621631,11.190693354759041,14.85424155264602,20.880273949849116,0,0,0,0,0,0,0,0,0,0,0,0,0,1,0,0,0,0,0,0,0,0,0,0,0,0,0,1,0,0,0,0,0,0,0,0,1,0,0,0,1,0,0,0,0,0,0,0,1,0,0,0,1,1,0,0,0,0,0,0,0,0,1,0,0,0,0,0,0,0,0,0,0,0,0,0,0,0,0,0,1,0,0,0
11914,4114,12912,503568.0,0.3453,3.14,3440.64,4237.23,202.5596,249.4569,232.6029,796.59,23.1523,39.0,318245453.0,24647.26,399510.33,2022,4,11,1243,1,0,0,0,16.99,1,9.385553389532843,8.32239411311117,9.465989834846651,13.129476022466529,19.578333510932133,0,0,0,0,0,0,0,0,0,0,0,0,0,1,0,0,0,0,0,0,0,0,0,0,0,0,0,1,0,0,0,0,0,0,0,0,1,0,0,0,0,1,0,0,0,0,0,0,1,0,0,0,1,1,0,0,0,0,0,0,0,0,0,0,0,0,0,0,0,0,0,0,1,0,0,0,0,1,0,0,0,0,0,0
5157,1184,4210,164190.0,0.2296,3.56,1189.64,1340.7,47.8934,53.975,46.4437,151.06,12.6982,39.0,104129431.0,24733.83,689312.15,2024,3,7,625,0,0,0,0,24.84,0,8.54830418644129,7.077498053569231,8.345455428161928,12.008785663292429,18.46114522177114,1,0,0,0,0,0,0,0,0,0,0,0,0,1,0,0,0,0,0,0,0,0,0,1,0,0,0,0,1,0,0,0,0,0,0,0,0,0,0,0,1,0,0,0,0,0,0,0,1,0,0,1,0,1,0,0,0,0,0,0,0,0,0,0,0,0,0,0,1,0,0,0,0,0,0,1,0,0,0,0,0,0,0,0
1077,129,379,14781.0,0.1198,2.94,2330.35,2500.02,204.2183,219.0871,96.4158,169.67,7.2808,39.0,39402000.0,103963.06,232228.4,2023,4,11,883,0,0,0,0,11.41,0,6.982862751468942,4.867534450455582,5.940171252720432,9.601165503344832,17.489327159780586,1,0,0,0,0,0,0,0,0,0,0,0,0,1,0,0,0,0,0,0,0,0,0,1,0,0,0,0,1,0,0,0,0,0,0,0,0,0,0,0,1,0,0,0,0,0,0,0,1,0,0,1,0,0,0,0,0,1,0,0,0,0,1,0,0,0,0,0,0,0,0,0,0,0,0,0,1,0,0,0,0,0,0,0
1181,276,817,31863.0,0.2337,2.96,2419.54,2748.32,97.1352,110.3344,180.0017,328.78,13.5885,39.0,8060488.0,9865.96,24516.43,2024,1,3,774,0,0,0,0,24.91,1,7.074963197966044,5.6240175061873385,6.706862336602747,10.36923212486148,15.902484782617648,1,0,0,0,0,0,0,0,0,0,0,0,0,1,0,0,0,0,0,0,0,0,0,1,0,0,0,0,1,0,0,0,0,0,0,0,0,0,0,0,0,1,0,0,0,0,0,0,1,0,1,0,0,1,0,0,0,0,0,0,0,0,0,0,0,0,0,0,1,0,0,0,0,0,0,0,1,0,0,0,0,0,0,0
144044,61588,171682,515046.0,0.4276,2.79,1544.16,2289.43,162.0862,240.3143,52.4363,745.27,48.2632,3.0,13858991701.0,80724.78,18596107.45,2023,4,11,883,0,0,0,1,9.53,0,11.877881029740182,11.028238562147264,12.053405032082773,13.15201343761766,23.352200079288398,1,0,0,0,0,0,0,0,0,0,0,0,0,1,0,0,0,0,0,0,0,0,0,1,0,0,0,0,0,0,0,0,0,1,0,0,0,0,0,1,0,0,0,0,0,0,0,0,0,1,0,0,1,0,0,0,0,0,1,0,0,0,0,0,0,0,0,0,0,0,0,0,1,0,0,0,0,0,1,0,0,0,0,0
1512,536,1522,4566.0,0.3545,2.84,1055.89,1205.66,131.3393,149.9687,55.6426,149.77,14.1841,3.0,5410950.0,3555.16,36128.73,2023,2,5,1081,0,0,0,0,8.04,0,7.321849713788356,6.285998094508865,7.328437352895162,8.426611813185,15.503935420956445,1,0,0,0,0,0,0,0,0,0,0,0,0,1,0,0,0,0,0,0,0,0,0,1,0,0,0,0,0,0,0,0,0,1,0,0,0,0,0,0,1,0,0,0,0,0,0,0,1,0,1,0,0,1,0,0,0,0,0,0,0,0,0,0,0,0,0,0,0,0,1,0,0,0,0,0,0,0,0,0,0,0,0,1
1145,529,1970,5910.0,0.462,3.72,3285.52,3987.9,375.4552,319.30539999999996,232.6029,702.38,21.3781,3.0,7754307.0,3936.2,11040.04,2024,3,7,625,0,0,0,0,8.75,0,7.044032897274685,6.272877006546167,7.58629630715272,8.684570300824369,15.863759117858235,1,0,0,0,0,0,0,0,0,0,0,0,0,1,0,0,0,0,0,0,0,0,0,1,0,0,0,0,0,0,0,0,0,1,0,0,0,0,0,0,1,0,0,0,0,0,0,0,1,0,0,1,0,1,0,0,0,0,0,0,0,0,0,0,0,0,0,1,0,0,0,0,0,0,0,0,0,0,0,0,0,0,1,0
5627,2219,3416,10248.0,0.3943,1.54,1190.51,1565.48,86.2047,113.3561,87.5125,374.97,31.4965,3.0,126086400.0,36910.54,336257.38,2023,4,11,883,0,0,0,0,13.81,0,8.63550941823428,7.705262474866325,8.136518252115291,9.234935418831563,18.652477952137914,1,0,0,0,0,0,0,0,0,0,0,0,0,1,0,0,0,0,0,0,0,0,0,1,0,0,0,0,0,0,0,0,0,1,0,0,0,0,0,0,1,0,0,0,0,0,0,0,1,0,0,1,0,0,0,0,0,1,0,0,0,0,0,0,0,0,0,0,0,0,0,0,0,0,1,0,0,0,0,1,0,0,0,0
1863,677,1559,4677.0,0.3634,2.3,2701.73,3205.95,144.02,170.8984,225.8085,504.22,18.6629,3.0,13434147.0,8617.16,26643.31,2024,1,3,774,0,0,0,0,18.76,1,7.530479995245536,6.519147287940395,7.352441100243583,8.450625947144124,16.41331038157125,1,0,0,0,0,0,0,0,0,0,0,0,0,1,0,0,0,0,0,0,0,0,0,1,0,0,0,0,0,0,0,0,0,1,0,0,0,0,0,0,0,1,0,0,0,0,0,0,1,0,1,0,0,1,0,0,0,0,0,0,0,0,0,0,0,0,0,0,0,0,0,0,0,0,1,0,0,0,0,1,0,0,0,0
63925,12776,18514,722046.0,0.1999,1.45,3796.64,4511.93,413.87,319.30539999999996,145.6304,715.29,18.8401,39.0,2477426114.0,133813.66,3463528.38,2024,3,7,625,0,0,0,0,9.17,0,11.06548144336906,9.455401958591324,9.826336493347712,13.489845512709158,21.630486001322105,1,0,0,0,0,0,0,0,0,0,0,0,0,1,0,0,0,0,0,0,0,0,0,0,1,0,0,0,1,0,0,0,0,0,0,0,0,0,0,0,1,0,0,0,0,0,0,0,1,0,0,1,0,1,0,0,0,0,0,0,0,0,0,0,0,0,0,1,0,0,0,0,0,0,0,0,0,0,0,0,0,0,0,1
1854,226,832,32448.0,0.1219,3.68,3603.54,3966.53,445.0833,319.30539999999996,232.6029,362.99,10.0732,39.0,47282400.0,56829.81,130256.98,2023,4,11,883,0,0,0,0,8.1,0,7.5256399750415355,5.424950017481403,6.725033642166843,10.387424905016408,17.671648712344638,1,0,0,0,0,0,0,0,0,0,0,0,0,1,0,0,0,0,0,0,0,0,0,0,1,0,0,0,1,0,0,0,0,0,0,0,0,0,0,0,1,0,0,0,0,0,0,0,1,0,0,1,0,0,0,0,0,1,0,0,0,0,0,0,0,0,0,1,0,0,0,0,0,0,0,0,0,0,0,0,0,0,1,0
1871,254,533,20787.0,0.1358,2.1,1688.81,1814.7,70.5712,75.8318,135.0776,125.89,7.4542,39.0,32241952.0,60491.47,256118.18,2024,1,3,774,0,0,0,0,23.93,1,7.534762657037537,5.541263545158426,6.280395838960195,9.942131176128333,17.288779050691073,1,0,0,0,0,0,0,0,0,0,0,0,0,1,0,0,0,0,0,0,0,0,0,0,1,0,0,0,1,0,0,0,0,0,0,0,0,0,0,0,0,1,0,0,0,0,0,0,1,0,1,0,0,1,0,0,0,0,0,0,0,0,0,0,0,0,0,0,0,0,0,0,0,1,0,0,0,0,0,0,1,0,0,0
36976,5689,23674,923286.0,0.1539,4.16,3524.64,4712.08,160.4094,214.4512,130.4965,1187.44,33.69,39.0,1991803824.0,84134.66,1677381.2,2024,4,11,511,0,0,0,0,21.97,1,10.518051376717915,8.646465527120377,10.072174918054278,13.735695407730912,21.412306509833503,1,0,0,0,0,0,0,0,0,0,0,0,0,1,0,0,0,0,0,0,0,0,0,0,1,0,0,0,1,0,0,0,0,0,0,0,0,0,0,0,0,0,0,1,0,0,0,0,1,0,0,1,0,1,0,0,0,0,0,0,0,0,0,0,0,0,0,0,1,0,0,0,0,0,0,1,0,0,0,0,0,0,0,0
124262,15299,44944,1752816.0,0.1231,2.94,801.06,1035.88,36.8202,47.6135,47.4225,234.82,29.3136,39.0,29350113111.0,653037.4,124989515.13,2025,1,2,414,0,0,0,0,21.76,1,11.730155566252371,9.635608107380527,10.7131947990075,14.376734765984047,24.102562237114284,1,0,0,0,0,0,0,0,0,0,0,0,0,1,0,0,0,0,0,0,0,0,0,0,1,0,0,0,1,0,0,0,0,0,0,0,0,0,0,0,0,0,0,1,0,0,0,0,1,0,1,0,0,0,1,0,0,0,0,0,0,0,0,0,0,0,0,1,0,0,0,0,0,0,0,0,0,0,0,0,0,0,1,0
12429,2649,10178,692104.0,0.2131,3.84,856.6,971.46,37.1866,42.173,80.6808,114.86,13.4091,68.0,51222600.0,5032.68,445946.2,2023,4,11,883,0,0,0,0,23.04,0,9.427868184504756,7.882314918980268,9.22808205345234,13.447492957193399,17.75169141839129,1,0,0,0,0,0,0,0,0,0,0,0,0,1,0,0,0,0,0,0,0,0,0,0,1,0,0,0,0,0,0,1,0,0,0,0,0,0,0,0,1,0,0,0,0,0,0,0,1,0,0,1,0,0,0,0,0,1,0,0,0,0,0,0,0,0,1,0,0,0,0,0,0,0,0,0,0,0,0,0,0,1,0,0
9392,3958,17535,52605.0,0.4214,4.43,2728.17,3516.47,137.09,176.7018,232.6029,788.3,28.8948,3.0,76424314.0,4358.39,96948.47,2023,4,11,883,0,0,0,1,19.9,0,9.147720009994515,8.28374674710613,9.772011189747742,10.870585460661555,18.15181146266535,1,0,0,0,0,0,0,0,0,0,0,0,0,1,0,0,0,0,0,0,0,0,0,0,1,0,0,0,0,0,0,0,0,1,0,0,0,0,0,1,0,0,0,0,0,0,0,0,0,1,0,0,1,0,0,0,0,0,1,0,0,0,0,0,0,0,0,0,0,0,0,1,0,0,0,0,0,0,1,0,0,0,0,0
1908,901,3578,10734.0,0.4722,3.97,1967.35,2319.35,201.2665,237.2769,153.1801,352.0,17.8919,3.0,7188925.0,2009.2,20423.26,2023,2,5,1081,0,0,0,0,9.77,0,7.554334823725748,6.804614520062624,8.182838710766026,9.28126471031288,15.788052344409065,1,0,0,0,0,0,0,0,0,0,0,0,0,1,0,0,0,0,0,0,0,0,0,0,1,0,0,0,0,0,0,0,0,1,0,0,0,0,0,0,1,0,0,0,0,0,0,0,1,0,1,0,0,1,0,0,0,0,0,0,0,0,0,0,0,0,0,1,0,0,0,0,0,0,0,0,0,0,0,0,0,0,1,0
77840,37375,151782,455346.0,0.4802,4.06,2036.67,2981.24,137.7555,201.6437,142.7456,944.57,46.3779,3.0,3262194977.0,21492.63,3453639.65,2024,3,7,625,0,0,0,0,14.78,0,11.26242356364273,10.5287840661879,11.930207148212563,13.028815044635621,21.905666111891115,1,0,0,0,0,0,0,0,0,0,0,0,0,1,0,0,0,0,0,0,0,0,0,0,1,0,0,0,0,0,0,0,0,1,0,0,0,0,0,0,1,0,0,0,0,0,0,0,1,0,0,1,0,1,0,0,0,0,0,0,0,1,0,0,0,0,0,0,0,0,0,0,0,0,0,0,0,0,0,0,0,0,1,0
3306,1642,4181,12543.0,0.4967,2.55,2606.21,3525.84,128.4257,173.742,111.8405,919.63,35.286,3.0,63043200.0,15078.5,68552.89,2023,4,11,883,0,0,0,0,20.29,0,8.103796712981794,7.404279118037268,8.338544879988579,9.436997742590188,17.959330779509038,1,0,0,0,0,0,0,0,0,0,0,0,0,1,0,0,0,0,0,0,0,0,0,0,1,0,0,0,0,0,0,0,0,1,0,0,0,0,0,0,1,0,0,0,0,0,0,0,1,0,0,1,0,0,0,0,0,1,0,0,0,1,0,0,0,0,0,0,0,0,0,0,0,0,0,0,0,0,1,0,0,0,0,0
1132,535,1616,4848.0,0.4726,3.02,1413.7,1704.71,110.7425,133.5387,107.5344,291.01,20.5849,3.0,8060488.0,4987.93,27698.33,2024,1,3,774,0,0,0,0,12.77,1,7.0326242610280065,6.284134161070802,7.388327859577107,8.486527777105353,15.902484782617648,1,0,0,0,0,0,0,0,0,0,0,0,0,1,0,0,0,0,0,0,0,0,0,0,1,0,0,0,0,0,0,0,0,1,0,0,0,0,0,0,0,1,0,0,0,0,0,0,1,0,1,0,0,1,0,0,0,0,0,0,0,1,0,0,0,0,0,0,0,0,0,0,0,0,0,1,0,0,0,0,0,0,0,0
42251,19195,39116,117348.0,0.4543,2.04,1477.62,1886.14,75.0596,95.8119,119.3794,408.52,27.6477,3.0,1701332433.0,43494.54,4164556.59,2024,4,11,511,0,0,0,0,19.69,1,10.651406968943053,9.862457202978137,10.574312434091581,11.67290767972603,21.254677565715635,1,0,0,0,0,0,0,0,0,0,0,0,0,1,0,0,0,0,0,0,0,0,0,0,1,0,0,0,0,0,0,0,0,1,0,0,0,0,0,0,0,0,0,1,0,0,0,0,1,0,0,1,0,1,0,0,0,0,0,0,0,0,0,0,0,0,0,0,0,0,0,0,0,1,0,0,0,0,0,0,0,0,1,0
1472,166,306,11934.0,0.1128,1.84,2350.73,2571.76,279.3005,305.5628,92.9347,221.03,9.4029,39.0,3710000.0,12124.18,16784.6,2023,2,5,1081,1,0,0,0,8.42,0,7.29505641646263,5.117993812416755,5.726847747587197,9.387230538772931,15.126542704125361,1,0,0,0,0,0,0,0,0,0,0,0,0,1,0,0,0,0,0,0,0,0,0,0,1,0,0,0,0,0,0,0,0,0,0,0,0,1,0,0,1,0,0,0,0,0,0,0,1,0,1,0,0,1,0,0,0,0,0,0,0,0,0,0,1,0,0,0,0,0,0,0,0,0,0,0,0,0,1,0,0,0,0,0
1782,263,754,29406.0,0.1476,2.87,3213.61,3411.75,243.3755,258.3812,137.2101,198.14,6.1657,39.0,3704625.0,4913.3,18696.91,2025,4,12,116,0,0,0,0,13.2,0,7.48605261786314,5.575949103146316,6.626717749249025,10.288988020224695,15.125092866947703,0,0,0,0,0,0,0,0,0,0,0,0,0,0,1,0,0,0,0,0,0,0,0,0,0,0,0,1,1,0,0,0,0,0,0,0,0,0,0,0,1,0,0,0,0,0,0,1,0,0,1,0,0,0,0,1,0,0,0,0,0,0,0,0,0,0,1,0,0,0,0,0,0,0,0,0,0,0,1,0,0,0,0,0
1882,303,958,37362.0,0.161,3.16,2782.39,2952.12,160.5052,170.2964,148.7395,169.73,6.1002,39.0,1619040.0,1690.02,9538.83,2024,2,4,728,0,0,0,0,17.34,0,7.5406215286571525,5.717027701406222,6.8658910748834385,10.528436188904791,14.297344556613362,0,0,0,0,0,0,0,0,0,0,0,0,0,0,1,0,0,0,0,0,0,0,0,0,0,0,0,1,1,0,0,0,0,0,0,0,0,0,0,0,1,0,0,0,0,0,0,0,1,0,1,0,0,0,0,0,0,0,0,1,0,0,0,0,0,1,0,0,0,0,0,0,0,0,0,0,0,0,1,0,0,0,0,0
1209,113,262,10218.0,0.0935,2.32,1751.54,1922.74,93.4376,102.5704,83.4613,171.2,9.7743,39.0,44049800.0,168129.01,257299.83,2025,2,5,350,0,0,0,0,18.75,0,7.098375638590786,4.736198448394496,5.572154032177765,9.23200401161221,17.600831392742613,0,0,0,0,0,0,0,0,0,0,0,0,0,0,1,0,0,0,0,0,0,0,0,0,0,0,0,1,1,0,0,0,0,0,0,0,0,0,0,0,1,0,0,0,0,0,0,1,0,0,1,0,0,0,0,0,0,0,0,1,0,0,0,0,0,0,0,0,1,0,0,0,0,0,0,0,0,1,0,0,0,0,0,0
7575,1286,3959,154401.0,0.1698,3.08,2177.08,2464.78,122.2413,138.3956,134.0592,287.7,13.2151,39.0,88421625.0,22334.33,307335.56,2025,4,12,115,0,0,0,0,17.81,0,8.932740634865914,7.160069207596127,8.283999304248526,11.947314869856795,18.297627135697923,0,0,0,0,0,0,0,0,0,0,0,0,0,0,1,0,0,0,0,0,0,0,0,0,0,0,0,1,1,0,0,0,0,0,0,0,0,0,0,0,1,0,0,0,0,0,0,1,0,0,1,0,0,0,0,0,0,0,0,0,1,0,0,0,0,0,1,0,0,0,0,0,0,0,0,0,0,1,0,0,0,0,0,0
1934,298,1230,47970.0,0.1541,4.13,1346.13,1459.84,67.7745,73.4997,68.5052,113.71,8.4475,39.0,7555520.0,6142.7,66443.33,2023,4,12,851,0,0,0,0,19.86,0,7.5678626054638825,5.700443573390687,7.115582126184454,10.778351940641137,15.837789112264291,0,0,0,0,0,0,0,0,0,0,0,0,0,0,1,0,0,0,0,0,0,0,0,0,0,0,0,1,1,0,0,0,0,0,0,0,0,0,0,0,1,0,0,0,0,0,0,1,0,0,1,0,0,1,0,0,0,0,0,0,0,0,1,0,0,0,0,0,0,0,0,0,0,0,0,0,0,0,0,0,0,1,0,0
14936,3231,9813,382707.0,0.2163,3.04,1038.82,1301.55,128.1933,160.6155,51.5965,262.73,25.2916,39.0,204122558.0,20801.24,776918.71,2022,4,12,1219,0,0,0,0,8.1,0,9.611596635310292,8.080856419640986,9.191565216649849,12.855027575297736,19.134231150824554,0,0,0,0,0,0,0,0,0,0,0,0,0,0,1,0,0,0,0,0,0,0,0,0,0,0,0,1,1,0,0,0,0,0,0,0,0,0,0,0,1,0,0,0,0,0,0,0,1,0,0,1,0,1,0,0,0,0,0,0,0,0,0,0,0,0,0,0,1,0,0,0,0,0,0,0,0,0,0,0,1,0,0,0
6413,1579,5650,220350.0,0.2462,3.58,3304.63,3881.58,340.1222,319.30539999999996,186.2313,576.95,17.4591,39.0,53564012.0,9480.36,92838.8,2022,4,12,1219,0,0,0,0,9.72,0,8.7662383802531,7.365180126021013,8.639587799629844,12.302977008494462,17.796388001297885,0,0,0,0,0,0,0,0,0,0,0,0,0,0,1,0,0,0,0,0,0,0,0,0,0,0,0,1,1,0,0,0,0,0,0,0,0,0,0,0,1,0,0,0,0,0,0,0,1,0,0,0,1,1,0,0,0,0,0,0,0,0,0,0,0,0,1,0,0,0,0,0,0,0,0,0,0,1,0,0,0,0,0,0
18748,3271,12618,492102.0,0.1745,3.86,1649.24,2001.77,72.4239,87.9048,58.6262,352.53,21.3754,39.0,964346221.0,76426.23,2735486.29,2022,4,11,1235,0,0,0,0,22.77,0,9.83889569664295,8.093156697722637,9.44295889365291,13.106443323157373,20.686960939547657,0,0,0,0,0,0,0,0,0,0,0,0,0,0,1,0,0,0,0,0,0,0,0,0,0,0,0,1,1,0,0,0,0,0,0,0,0,0,0,0,1,0,0,0,0,0,0,0,1,0,1,0,0,1,0,0,0,0,0,0,0,0,0,0,0,0,0,0,0,0,0,1,0,0,0,0,0,1,0,0,0,0,0,0
46968,6333,28262,1102218.0,0.1348,4.46,1368.85,1802.05,69.876,91.9895,132.6248,433.2,31.6467,39.0,638576596.0,22594.88,1474104.39,2025,4,12,115,0,0,0,0,19.59,0,10.757243088609178,8.753687227098585,10.249308807716778,13.912835978533467,20.27475219021984,0,0,0,0,0,0,0,0,0,0,0,0,0,0,1,0,0,0,0,0,0,0,0,0,0,0,0,1,1,0,0,0,0,0,0,0,0,0,0,0,1,0,0,0,0,0,0,1,0,0,1,0,0,1,0,0,0,0,0,0,0,0,0,0,0,0,1,0,0,0,0,0,0,0,0,0,0,0,0,0,1,0,0,0
1757,153,488,19032.0,0.0871,3.19,3013.18,3147.06,303.7527,317.2488,117.5029,133.88,4.4431,39.0,12258000.0,25118.85,91560.25,2025,4,12,116,0,0,0,0,9.92,0,7.471932078245122,5.0369526024136295,6.192362489474872,9.853929593687784,16.321689424607186,0,0,0,0,0,0,0,0,0,0,0,0,0,0,1,0,0,0,0,0,0,0,0,0,0,0,0,1,1,0,0,0,0,0,0,0,0,0,0,0,1,0,0,0,0,0,0,1,0,0,1,0,0,0,1,0,0,0,0,0,0,0,0,0,0,0,1,0,0,0,0,0,0,0,0,0,0,0,0,0,0,0,0,1
77123,18292,70654,2755506.0,0.2372,3.86,2777.77,3679.78,124.4783,164.8996,222.4409,902.01,32.4726,39.0,4559206994.0,64528.65,5054478.87,2025,2,6,297,0,0,0,0,22.32,0,11.253169795159286,9.814273751991298,11.165564157016847,14.829112012675997,22.240414540744283,0,0,0,0,0,0,0,0,0,0,0,0,0,0,1,0,0,0,0,0,0,0,0,0,0,0,0,1,1,0,0,0,0,0,0,0,0,0,0,0,1,0,0,0,0,0,0,1,0,0,1,0,0,0,1,0,0,0,0,0,0,0,0,0,0,0,1,0,0,0,0,0,0,0,0,0,0,0,1,0,0,0,0,0
2663,629,2752,107328.0,0.2362,4.38,2826.21,3566.59,233.2252,294.3234,108.9057,740.38,26.1971,39.0,335168640.0,121790.93,452695.64,2023,4,12,851,0,0,0,0,12.12,0,7.88758403166028,6.4457198193855785,7.920446505142607,11.58365416237263,19.630144369093212,0,0,0,0,0,0,0,0,0,0,0,0,0,0,1,0,0,0,0,0,0,0,0,0,0,0,0,1,1,0,0,0,0,0,0,0,0,0,0,0,1,0,0,0,0,0,0,0,1,0,0,1,0,0,0,0,1,0,0,0,0,0,0,0,0,0,0,0,0,0,0,0,0,0,1,0,0,0,0,1,0,0,0,0
1897,233,1005,39195.0,0.1228,4.31,1532.46,1705.16,95.0045,105.7106,68.6641,172.7,11.269,39.0,6758620.0,6725.0,39136.41,2022,4,12,1213,0,0,0,0,16.13,1,7.5485559791698735,5.455321115357702,6.913737350659685,10.576329979755709,15.726329433126683,0,0,0,0,0,0,0,0,0,0,0,0,0,0,1,0,0,0,0,0,0,0,0,0,0,0,0,1,1,0,0,0,0,0,0,0,0,0,0,0,0,1,0,0,0,0,0,0,1,0,0,0,1,1,0,0,0,0,0,0,0,0,0,0,0,0,0,0,0,0,1,0,0,0,0,0,0,0,0,0,1,0,0,0
76087,15081,25118,979602.0,0.1982,1.67,1544.47,1991.88,147.5368,190.2765,57.4887,447.41,28.9688,39.0,519042048.0,20664.15,1160094.91,2025,4,12,123,0,0,0,0,10.47,1,11.239645844162222,9.621257258762592,10.131379810872541,13.79490266652994,20.067495457116102,0,0,0,0,0,0,0,0,0,0,0,0,0,0,1,0,0,0,0,0,0,0,0,0,0,0,0,1,1,0,0,0,0,0,0,0,0,0,0,0,0,1,0,0,0,0,0,1,0,0,1,0,0,0,1,0,0,0,0,0,0,0,0,0,0,0,0,0,0,0,0,0,1,0,0,0,0,0,0,0,0,1,0,0
45303,4205,10685,416715.0,0.0928,2.54,1506.57,1790.91,75.0587,89.225,126.0696,284.34,18.8737,39.0,827390000.0,77434.72,2909807.46,2024,4,12,490,0,0,0,0,20.07,1,10.721150607793641,8.344267356262645,9.276689752517717,12.940160213601647,20.533786727074474,0,0,0,0,0,0,0,0,0,0,0,0,0,0,1,0,0,0,0,0,0,0,0,0,0,0,0,1,1,0,0,0,0,0,0,0,0,0,0,0,0,1,0,0,0,0,0,0,1,0,1,0,0,0,1,0,0,0,0,0,0,0,1,0,0,0,0,0,0,0,0,0,0,0,0,1,0,0,0,0,0,0,0,0
3495,378,857,33423.0,0.1082,2.27,1356.01,1516.34,70.1268,78.4183,64.0242,160.33,11.8236,39.0,175192384.0,204425.19,1092701.44,2024,2,4,738,0,0,0,0,19.34,1,8.159374736775426,5.937536205082426,6.754604099487962,10.417029483796346,18.98139527091008,0,0,0,0,0,0,0,0,0,0,0,0,0,0,1,0,0,0,0,0,0,0,0,0,0,0,0,1,1,0,0,0,0,0,0,0,0,0,0,0,0,0,1,0,0,0,0,0,1,0,1,0,0,1,0,0,0,0,0,0,0,0,1,0,0,0,0,0,0,0,0,0,0,0,0,0,0,0,0,0,0,1,0,0
18304,2138,3178,123942.0,0.1168,1.49,2898.32,3742.3,250.0939,319.30539999999996,144.7583,843.98,29.1199,39.0,4597292968.0,1446599.42,5447122.08,2024,4,12,490,0,0,0,0,11.59,1,9.814929525554337,7.668093709082406,8.064321960910803,11.727577061483766,22.2487334822162,0,0,0,0,0,0,0,0,0,0,0,0,0,0,1,0,0,0,0,0,0,0,0,0,0,0,0,1,1,0,0,0,0,0,0,0,0,0,0,0,0,0,1,0,0,0,0,0,1,0,1,0,0,0,1,0,0,0,0,0,0,0,0,0,0,0,0,0,0,0,0,0,0,0,1,0,0,0,1,0,0,0,0,0
198451,25811,84910,3311490.0,0.1301,3.29,3513.65,4840.77,154.9378,213.4582,145.6504,1327.12,37.7702,39.0,6898689796.0,81247.08,5198262.71,2025,4,12,123,0,0,0,0,22.68,1,12.198302536265745,10.158594779055731,11.349358928099893,15.012909099101877,22.654597346026527,0,0,0,0,0,0,0,0,0,0,0,0,0,0,1,0,0,0,0,0,0,0,0,0,0,0,0,1,1,0,0,0,0,0,0,0,0,0,0,0,0,0,1,0,0,0,0,1,0,0,1,0,0,0,1,0,0,0,0,0,0,0,0,0,0,0,0,1,0,0,0,0,0,0,0,0,0,0,0,0,1,0,0,0
265456,66175,240115,9364485.0,0.2493,3.63,3117.82,4205.78,210.3477,283.7489,150.7224,1087.96,34.8952,39.0,7727424140.0,32182.18,7102626.79,2022,4,12,1221,0,0,0,0,14.82,1,12.489208147978687,11.100073138428046,12.38887741888953,16.052435007143185,22.76804141516403,0,0,0,0,0,0,0,0,0,0,0,0,0,0,1,0,0,0,0,0,0,0,0,0,0,0,0,1,1,0,0,0,0,0,0,0,0,0,0,0,0,0,0,1,0,0,0,0,1,0,1,0,0,1,0,0,0,0,0,0,0,0,0,0,1,0,0,0,0,0,0,0,0,0,0,0,0,0,0,0,0,1,0,0
131005,26001,103973,4054947.0,0.1985,4.0,3334.7,4235.91,257.0541,319.30539999999996,160.2089,901.21,27.0252,39.0,39051857692.0,375596.14,43332667.13,2023,4,12,854,0,0,0,0,12.97,1,11.782998402661148,10.165928737122114,11.5518961468683,15.21544842177495,24.38815628426448,0,0,0,0,0,0,0,0,0,0,0,0,0,0,1,0,0,0,0,0,0,0,0,0,0,0,0,1,1,0,0,0,0,0,0,0,0,0,0,0,0,0,0,1,0,0,0,0,1,0,0,1,0,1,0,0,0,0,0,0,0,0,0,0,0,0,0,0,0,0,0,0,1,0,0,0,0,0,0,0,0,1,0,0
8585,1247,2001,78039.0,0.1453,1.6,2095.35,2328.14,197.8691,219.8517,112.7025,232.79,11.1097,39.0,213985252.0,106939.16,919231.85,2022,4,12,1219,0,0,0,0,10.59,1,9.057888248784506,7.129297548929373,7.601901959875166,11.264976794737047,19.181417659396686,0,0,0,0,0,0,0,0,0,0,0,0,0,0,1,0,0,0,0,0,0,0,0,0,0,0,0,1,1,0,0,0,0,0,0,0,0,0,0,0,0,0,0,1,0,0,0,0,1,0,0,0,1,1,0,0,0,0,0,0,0,0,0,0,0,0,0,0,1,0,0,0,0,0,0,0,0,0,0,0,0,0,0,1
273075,56064,229428,8947692.0,0.2053,4.09,2893.04,3585.47,230.9841,286.268,178.8402,692.43,23.9341,39.0,36212172611.0,157836.76,52297760.1,2023,4,12,851,0,0,0,0,12.52,1,12.517505423702659,10.934267010894981,12.343348892426805,16.00690629166071,24.312661159255413,0,0,0,0,0,0,0,0,0,0,0,0,0,0,1,0,0,0,0,0,0,0,0,0,0,0,0,1,1,0,0,0,0,0,0,0,0,0,0,0,0,0,0,1,0,0,0,0,1,0,1,0,0,0,1,0,0,0,0,0,0,0,0,0,1,0,0,0,0,0,0,0,0,0,0,0,0,0,0,0,0,0,0,1
1791,421,1398,299.59,0.2351,3.32,1933.56,2195.12,230.8873,262.1212,98.4234,261.56,13.5278,39.0,362.0,0.26,1.38,2024,4,10,542,0,1,1,0,8.37,1,7.491087593534876,6.045005314036012,7.243512974665482,5.7057472099657875,5.8944028342648505,0,0,0,0,0,0,0,0,0,0,0,0,0,0,1,0,0,0,0,0,0,0,0,0,0,0,0,1,1,0,0,0,0,0,0,0,0,0,0,0,0,0,0,1,0,0,0,0,1,0,0,1,0,0,1,0,0,0,0,0,0,0,0,0,0,0,0,0,0,0,0,0,1,0,0,0,0,0,0,0,1,0,0,0
5581,1356,4777,186303.0,0.243,3.52,2481.61,2941.05,138.5187,164.1634,200.6181,459.44,18.5135,39.0,90762000.0,18999.79,197551.79,2023,4,12,851,0,0,0,0,17.92,1,8.627302414096267,7.213031659834869,8.471777327885755,12.135135027105296,18.323751264790218,0,0,0,0,0,0,0,0,0,0,0,0,0,0,1,0,0,0,0,0,0,0,0,0,0,0,0,1,1,0,0,0,0,0,0,0,0,0,0,0,0,0,0,1,0,0,0,0,1,0,0,1,0,0,0,1,0,0,0,0,0,0,0,0,0,0,0,0,0,0,0,1,0,0,0,0,0,0,1,0,0,0,0,0
1909,171,719,28041.0,0.0896,4.2,2341.23,2580.75,104.9036,115.6357,80.0961,239.52,10.2304,39.0,5012532.0,6971.53,20927.68,2022,4,12,1220,0,0,0,0,22.32,1,7.554858521040676,5.147494476813453,6.579251212010101,10.241458665281076,15.427451934116437,0,0,0,0,0,0,0,0,0,0,0,0,0,0,1,0,0,0,0,0,0,0,0,0,0,0,0,1,1,0,0,0,0,0,0,0,0,0,0,0,0,0,0,1,0,0,0,0,1,0,1,0,0,0,0,1,0,0,0,0,0,0,0,0,0,0,0,0,0,0,0,1,0,0,0,0,0,1,0,0,0,0,0,0
9554,1405,4582,178698.0,0.1471,3.26,1366.04,1634.77,78.813,94.3176,56.2429,268.73,19.6726,39.0,293330792.0,64018.07,1091520.49,2023,4,12,851,0,0,0,0,17.33,1,9.164819856674374,7.2485040723706105,8.430109084509125,12.09345810516096,19.496811516503644,0,0,0,0,0,0,0,0,0,0,0,0,0,0,1,0,0,0,0,0,0,0,0,0,0,0,0,1,1,0,0,0,0,0,0,0,0,0,0,0,0,0,0,1,0,0,0,0,1,0,0,1,0,0,0,0,1,0,0,0,0,0,0,1,0,0,0,0,0,0,0,0,0,0,0,0,1,0,0,0,0,0,0,0
38664,3794,8757,341523.0,0.0981,2.31,2038.65,2380.8,173.8328,203.0071,70.1789,342.15,16.783,39.0,1172672124.0,133912.54,3427401.66,2023,4,12,851,0,0,0,0,11.73,1,10.562690077043136,8.24143968982973,9.077722847361343,12.741173233708066,20.88255084921615,0,0,0,0,0,0,0,0,0,0,0,0,0,0,1,0,0,0,0,0,0,0,0,0,0,0,0,1,1,0,0,0,0,0,0,0,0,0,0,0,0,0,0,1,0,0,0,0,1,0,1,0,0,0,0,0,1,0,0,0,0,0,0,0,0,0,0,1,0,0,0,0,0,0,0,0,0,0,0,0,0,0,1,0
3636,498,1953,76167.0,0.137,3.92,3884.23,4568.81,453.1102,319.30539999999996,232.6029,684.58,17.6247,39.0,238814895.0,122281.05,348847.55,2023,4,12,854,0,0,0,0,8.57,1,8.19891444498699,6.212606095751519,7.577633832602728,11.240696705965528,19.291199316096723,0,0,0,0,0,0,0,0,0,0,0,0,0,0,1,0,0,0,0,0,0,0,0,0,0,0,0,1,1,0,0,0,0,0,0,0,0,0,0,0,0,0,0,1,0,0,0,0,1,0,1,0,0,0,0,0,0,1,0,0,0,0,0,0,0,1,0,0,0,0,0,0,0,0,0,0,0,0,0,1,0,0,0,0
35080,3818,9155,357045.0,0.1088,2.4,1595.46,1941.46,136.9646,166.6681,57.834,346.0,21.687,39.0,3497241129.0,382003.4,10107447.31,2023,4,12,851,0,0,0,0,11.65,1,10.465414952351203,8.247743887225516,9.122164681072457,12.785619904001745,21.975240246039093,0,0,0,0,0,0,0,0,0,0,0,0,0,0,1,0,0,0,0,0,0,0,0,0,0,0,0,1,1,0,0,0,0,0,0,0,0,0,0,0,0,0,0,1,0,0,0,0,1,0,0,1,0,0,0,0,0,1,0,0,0,0,0,0,0,0,0,0,0,0,0,1,0,0,0,0,0,0,0,0,0,0,1,0
75343,14312,18790,732810.0,0.19,1.31,1228.17,1562.87,81.4758,103.6792,46.9201,334.7,27.2515,39.0,4284562959.0,228023.57,12801402.69,2024,4,12,491,0,0,0,0,15.07,1,11.229819572483336,9.568923494184217,9.841133310789152,13.504643103146426,22.17828439079568,0,0,0,0,0,0,0,0,0,0,0,0,0,0,1,0,0,0,0,0,0,0,0,0,0,0,0,1,1,0,0,0,0,0,0,0,0,0,0,0,0,0,0,1,0,0,0,0,1,0,1,0,0,0,0,0,0,1,0,0,0,0,0,0,0,0,0,0,1,0,0,0,0,0,0,0,0,0,0,0,0,0,0,1
42728,6238,24584,958776.0,0.146,3.94,2139.46,2753.17,102.3008,131.6462,90.8743,613.71,28.6853,39.0,543442500.0,22105.54,885502.4,2025,4,12,123,0,0,0,0,20.91,1,10.662633125602696,8.738575192110787,10.10989177984604,13.77341379293591,20.113434465000722,0,0,0,0,0,0,0,0,0,0,0,0,0,0,1,0,0,0,0,0,0,0,0,0,0,0,0,1,1,0,0,0,0,0,0,0,0,0,1,0,0,0,0,0,0,0,0,1,0,0,1,0,0,0,1,0,0,0,0,0,0,0,0,0,0,0,0,0,0,0,1,0,0,0,0,0,0,0,0,0,1,0,0,0
1198,142,332,98.49,0.1185,2.34,3329.08,3676.98,297.4165,319.30539999999996,147.9553,347.9,10.4504,39.0,150.0,0.45,0.43,2024,4,10,542,0,1,1,0,11.19,1,7.089243155027514,4.962844630259907,5.808142489980444,4.600057136601269,5.017279836814924,0,0,0,0,0,0,0,0,0,0,0,0,0,0,1,0,0,0,0,0,0,0,0,0,0,0,0,1,1,0,0,0,0,0,0,0,0,0,1,0,0,0,0,0,0,0,0,0,1,0,0,1,0,0,1,0,0,0,0,0,0,1,0,0,0,0,0,0,0,0,0,0,0,0,0,0,0,0,0,0,0,0,1,0
41736,5225,19612,764868.0,0.1252,3.75,2662.87,3458.8,131.588,170.9192,163.0565,795.93,29.8897,39.0,4927889232.0,251269.08,6191405.97,2024,4,12,490,0,0,0,0,20.24,1,10.639143304545533,8.561401446080557,9.883947890661512,13.54745985631505,22.318176585855213,0,0,0,0,0,0,0,0,0,0,0,0,0,0,1,0,0,0,0,0,0,0,0,0,0,0,0,1,1,0,0,0,0,0,0,0,0,0,0,0,0,0,0,0,1,0,0,0,1,0,1,0,0,0,1,0,0,0,0,0,0,0,0,1,0,0,0,0,0,0,0,0,0,0,0,0,0,0,1,0,0,0,0,0
14289,2018,4837,188643.0,0.1412,2.4,2979.12,3363.16,131.0202,147.9103,113.1531,384.04,12.8912,39.0,213315180.0,44100.72,555442.63,2023,4,12,851,0,0,0,0,22.74,1,9.567315270923913,7.610357618312838,8.484256691169973,12.147616919956905,19.1782813529671,0,0,0,0,0,0,0,0,0,0,0,0,0,0,1,0,0,0,0,0,0,0,0,0,0,0,0,1,1,0,0,0,0,0,0,0,0,0,0,0,0,0,0,0,1,0,0,0,1,0,0,1,0,0,0,0,0,1,0,0,0,1,0,0,0,0,0,0,0,0,0,0,0,0,0,0,0,0,0,1,0,0,0,0
1141,109,440,17160.0,0.0955,4.04,1407.02,1465.34,89.5218,93.2324,70.2447,58.32,4.1448,39.0,532245.0,1209.65,9126.52,2023,4,12,848,1,0,0,1,15.72,0,7.040536390215956,4.700480365792417,6.089044875446846,9.750394646402302,13.184861067462103,0,0,0,0,0,0,0,0,0,0,0,0,0,0,1,0,0,0,0,0,0,0,0,0,0,0,0,1,0,1,0,0,0,0,0,0,0,0,0,1,0,0,0,0,0,0,0,0,0,1,0,0,1,0,0,0,0,0,1,0,0,0,1,0,0,0,0,0,0,0,0,0,0,0,0,0,0,0,0,0,0,0,1,0
2854,352,677,26403.0,0.1233,1.92,2780.63,3304.94,126.5976,150.4684,232.6029,524.31,18.8556,39.0,52519250.0,77576.44,100169.37,2025,2,4,357,1,0,0,0,21.96,0,7.956827122090111,5.8664680569332965,6.519147287940395,10.181270792808661,17.77669034606336,0,0,0,0,0,0,0,0,0,0,0,0,0,0,1,0,0,0,0,0,0,0,0,0,0,0,0,1,0,1,0,0,0,0,0,0,0,0,0,0,1,0,0,0,0,1,0,0,0,0,1,0,0,0,1,0,0,0,0,0,0,0,0,0,0,0,0,1,0,0,0,0,0,0,0,0,0,0,0,1,0,0,0,0
1748,112,494,19266.0,0.0641,4.41,1835.2,1903.36,105.2948,109.2053,112.885,68.16,3.7139,39.0,33743745.0,68307.18,495084.55,2024,4,12,501,1,0,0,0,17.43,0,7.466799475018602,4.727387818712341,6.20455776256869,9.86614906688076,17.334305654408258,0,0,0,0,0,0,0,0,0,0,0,0,0,0,1,0,0,0,0,0,0,0,0,0,0,0,0,1,0,1,0,0,0,0,0,0,0,0,0,0,1,0,0,0,0,0,0,1,0,0,1,0,0,0,1,0,0,0,0,0,0,0,0,0,0,0,1,0,0,0,0,0,0,0,0,1,0,0,0,0,0,0,0,0
884,87,328,12792.0,0.0984,3.77,3469.77,3687.49,184.2629,195.825,120.8729,217.72,6.2748,39.0,6510350.0,19848.63,29902.35,2025,2,5,339,1,0,0,0,18.83,1,6.785587645007929,4.477336814478207,5.796057750765372,9.456653425317034,15.688903929781972,0,0,0,0,0,0,0,0,0,0,0,0,0,0,1,0,0,0,0,0,0,0,0,0,0,0,0,1,0,1,0,0,0,0,0,0,0,0,0,0,0,0,0,1,0,0,0,1,0,0,1,0,0,0,0,0,0,0,0,1,0,0,0,0,0,1,0,0,0,0,0,0,0,0,0,0,0,0,1,0,0,0,0,0
1926,226,356,13884.0,0.1173,1.58,2813.76,2942.91,166.0353,173.6563,104.1607,129.15,4.59,39.0,8182320.0,22984.04,63354.46,2023,2,6,1031,1,0,0,0,16.95,1,7.563719668414366,5.424950017481403,5.877735781779639,9.538564399740899,15.91748640916341,0,0,0,0,0,0,0,0,0,0,0,0,0,0,1,0,0,0,0,0,0,0,0,0,0,0,0,1,0,1,0,0,0,0,0,0,0,0,0,0,0,0,0,1,0,0,0,1,0,0,1,0,0,1,0,0,0,0,0,0,0,0,1,0,0,0,0,0,0,0,0,0,0,0,0,0,1,0,0,0,0,0,0,0
1653,238,729,28431.0,0.144,3.06,1436.34,1585.05,90.4842,99.8524,48.4626,148.71,10.3534,39.0,10608000.0,14551.44,71333.58,2023,4,12,848,1,0,0,0,15.87,1,7.4109518755836366,5.476463551931511,6.593044534142437,10.255270550394432,16.177119085676253,0,0,0,0,0,0,0,0,0,0,0,0,0,0,1,0,0,0,0,0,0,0,0,0,0,0,0,1,0,1,0,0,0,0,0,0,0,0,0,0,0,0,0,1,0,1,0,0,0,0,1,0,0,1,0,0,0,0,0,0,0,0,0,0,0,0,0,0,0,0,0,0,1,0,0,0,0,0,0,0,0,1,0,0
1576,234,1041,40599.0,0.1485,4.45,1006.77,1074.53,83.974,89.6254,44.6267,67.76,6.7299,39.0,25879500.0,24860.23,381955.52,2025,4,12,115,1,0,0,0,11.99,0,7.3632795869630385,5.459585514144159,6.948897222313312,10.611523345589823,17.068961746112787,0,0,0,0,0,0,0,0,0,0,0,0,0,0,1,0,0,0,0,0,0,0,0,0,0,0,0,1,0,0,1,0,0,0,0,0,0,0,0,0,1,0,0,0,0,0,0,1,0,0,1,0,0,0,0,0,0,0,0,0,1,0,1,0,0,0,0,0,0,0,0,0,0,0,0,0,0,0,0,1,0,0,0,0
1229,152,418,16302.0,0.1237,2.75,936.43,1025.52,71.1879,77.9606,62.6364,89.09,9.514,39.0,47686294.0,114082.04,535252.03,2025,4,12,115,1,0,0,0,13.15,0,7.114769448366463,5.030437921392435,6.037870919922137,9.699104418939655,17.680154598013413,0,0,0,0,0,0,0,0,0,0,0,0,0,0,1,0,0,0,0,0,0,0,0,0,0,0,0,1,0,0,1,0,0,0,0,0,0,0,0,0,1,0,0,0,0,0,0,1,0,0,1,0,0,1,0,0,0,0,0,0,0,0,0,0,0,0,0,0,0,0,0,0,0,1,0,0,0,0,1,0,0,0,0,0
1939,220,396,15444.0,0.1135,1.8,1988.51,2219.66,153.7963,171.6745,150.0047,231.15,11.6246,39.0,9361800.0,23640.91,40499.82,2025,4,12,115,1,0,0,0,12.93,0,7.570443252057374,5.3981627015177525,5.983936280687191,9.645040605352682,16.052148244474388,0,0,0,0,0,0,0,0,0,0,0,0,0,0,1,0,0,0,0,0,0,0,0,0,0,0,0,1,0,0,1,0,0,0,0,0,0,0,0,0,1,0,0,0,0,0,1,0,0,0,1,0,0,1,0,0,0,0,0,0,0,0,0,0,0,0,0,1,0,0,0,0,0,0,0,0,0,0,0,1,0,0,0,0
746,200,559,21801.0,0.2681,2.8,1650.72,1811.0,93.9197,103.0387,120.155,160.28,9.7095,39.0,48594195.0,86930.58,303190.25,2025,4,12,116,1,0,0,0,17.58,0,6.616065185132817,5.303304908059076,6.327936783729195,9.989756987688304,17.699014657870812,0,0,0,0,0,0,0,0,0,0,0,0,0,0,1,0,0,0,0,0,0,0,0,0,0,0,0,1,0,0,1,0,0,0,0,0,0,0,0,0,1,0,0,0,0,0,0,1,0,0,1,0,0,0,1,0,0,0,0,0,0,0,0,0,0,0,0,0,0,0,0,1,0,0,0,0,0,0,0,1,0,0,0,0
6931,1212,3504,136656.0,0.1749,2.89,2867.49,3199.17,285.6288,318.6674,232.6029,331.68,11.567,39.0,59500000.0,16980.59,179389.08,2025,1,1,443,1,0,0,0,10.04,0,8.843903650835497,7.10085190894405,8.16194579946869,11.82522941580346,17.90148688732258,0,0,0,0,0,0,0,0,0,0,0,0,0,0,1,0,0,0,0,0,0,0,0,0,0,0,0,1,0,0,1,0,0,0,0,0,0,0,0,0,1,0,0,0,0,0,1,0,0,0,1,0,0,0,1,0,0,0,0,0,0,0,0,0,0,0,0,0,0,0,1,0,0,0,0,0,0,1,0,0,0,0,0,0
1962,401,1462,57018.0,0.2044,3.65,2397.87,2631.15,101.6672,111.558,134.6085,233.28,9.7286,39.0,40261320.0,27538.52,172589.12,2024,4,12,485,1,0,0,0,23.59,1,7.5822291942764615,5.996452088619021,7.288244401020124,10.951139824606807,17.510901789361423,0,0,0,0,0,0,0,0,0,0,0,0,0,0,1,0,0,0,0,0,0,0,0,0,0,0,0,1,0,0,1,0,0,0,0,0,0,0,0,0,0,0,1,0,0,0,1,0,0,0,1,0,0,0,0,0,1,0,0,0,0,0,0,0,0,1,0,0,0,0,0,0,0,0,0,0,0,1,0,0,0,0,0,0
2202,584,2047,79833.0,0.2652,3.51,1651.26,2072.69,81.5392,102.3494,119.4096,421.43,25.5217,39.0,255583572.0,124857.63,606467.53,2024,4,12,484,1,0,0,0,20.25,1,7.697575346802343,6.371611847231857,7.6246189861593985,11.28770475786082,19.359060010014247,0,0,0,0,0,0,0,0,0,0,0,0,0,0,1,0,0,0,0,0,0,0,0,0,0,0,0,1,0,0,1,0,0,0,0,0,0,0,0,0,0,0,0,1,0,0,1,0,0,0,1,0,0,0,0,0,1,0,0,0,0,1,0,0,0,0,0,0,0,0,0,0,0,0,0,0,0,0,1,0,0,0,0,0
13447,1544,3903,152217.0,0.1148,2.53,1277.56,1424.71,86.1786,96.1043,70.0682,147.15,11.5176,39.0,125920581.0,32262.51,855758.64,2023,4,12,854,1,0,0,0,14.82,1,9.506585675088452,7.3427791893318455,8.269756947532983,11.933068982857128,18.651161964604896,0,0,0,0,0,0,0,0,0,0,0,0,0,0,1,0,0,0,0,0,0,0,0,0,0,0,0,1,0,0,1,0,0,0,0,0,0,0,0,0,0,0,0,1,0,0,0,0,1,0,1,0,0,0,0,0,0,1,0,0,0,0,0,1,0,0,0,0,0,0,0,0,0,0,0,0,0,1,0,0,0,0,0,0
68370,17625,33830,1319370.0,0.2578,1.92,1207.04,1514.78,112.8432,141.6135,42.0573,307.74,25.4959,39.0,4726750896.0,139720.69,15359309.99,2024,4,12,490,1,0,0,0,10.7,1,11.13270403709896,9.777130363659605,10.429132820900398,14.092665665841613,22.276503889463278,0,0,0,0,0,0,0,0,0,0,0,0,0,0,1,0,0,0,0,0,0,0,0,0,0,0,0,1,0,0,1,0,0,0,0,0,0,0,0,0,0,0,0,0,1,0,0,0,1,0,1,0,0,0,1,0,0,0,0,0,0,0,0,0,0,0,0,0,0,0,0,1,0,0,0,0,1,0,0,0,0,0,0,0
14688,3625,12066,820488.0,0.2468,3.33,3566.91,4056.75,155.1246,176.4275,191.6582,489.84,13.7328,68.0,261525433.0,21674.58,533903.7,2023,1,1,1176,0,0,0,1,22.99,0,9.594854193331415,8.195885391314796,9.3982297330736,13.61765578296294,19.3820420986899,0,0,0,0,0,0,0,0,0,0,0,0,0,0,1,0,0,0,0,0,0,0,0,0,0,0,0,1,0,0,0,1,0,0,0,0,0,0,0,1,0,0,0,0,0,0,0,0,0,1,0,0,1,0,0,0,0,0,1,0,0,0,0,0,0,0,0,0,1,0,0,0,0,0,0,0,0,0,0,0,1,0,0,0
10958,1730,4483,304844.0,0.1579,2.59,1579.13,1900.72,71.7648,86.3799,57.2985,321.59,20.3652,68.0,486102080.0,108432.32,1511542.16,2024,4,12,481,0,0,0,0,22.0,0,9.301916315463393,7.456454555176209,8.40827078419205,12.627558729692517,20.00192920301866,0,0,0,0,0,0,0,0,0,0,0,0,0,0,1,0,0,0,0,0,0,0,0,0,0,0,0,1,0,0,0,1,0,0,0,0,0,0,0,0,1,0,0,0,0,0,1,0,0,0,1,0,0,1,0,0,0,0,0,0,0,0,0,0,0,0,0,0,0,0,0,1,0,0,0,0,0,0,1,0,0,0,0,0
6389,1371,2243,152524.0,0.2146,1.64,2885.47,3387.81,142.3571,167.1404,130.5048,502.34,17.4092,68.0,95733366.0,42680.95,190575.23,2022,4,12,1219,0,0,0,0,20.27,0,8.762489547371581,7.22402480828583,7.716015266642587,11.935083796020054,18.377077458141482,0,0,0,0,0,0,0,0,0,0,0,0,0,0,1,0,0,0,0,0,0,0,0,0,0,0,0,1,0,0,0,1,0,0,0,0,0,0,0,0,1,0,0,0,0,0,0,0,1,0,0,1,0,1,0,0,0,0,0,0,0,0,0,1,0,0,0,0,0,0,0,0,0,0,0,0,0,0,1,0,0,0,0,0
4327,1293,5394,366792.0,0.2988,4.17,3394.19,4248.48,269.0325,319.30539999999996,227.1484,854.29,25.1689,68.0,63617237.0,11794.07,74468.78,2022,4,12,1219,0,0,0,0,12.62,1,8.372860820526318,7.165493475060845,8.593227877692234,12.81255293521288,17.968395029322107,0,0,0,0,0,0,0,0,0,0,0,0,0,0,1,0,0,0,0,0,0,0,0,0,0,0,0,1,0,0,0,1,0,0,0,0,0,0,0,0,0,0,0,1,0,0,0,0,1,0,0,0,1,1,0,0,0,0,0,0,0,0,0,1,0,0,0,0,0,0,0,0,0,0,0,0,0,0,0,0,0,0,0,1
10004,2305,8023,545564.0,0.2304,3.48,2765.06,3451.33,186.3048,232.5446,161.5379,686.27,24.8194,68.0,181746023.0,22653.13,264830.83,2024,4,12,490,0,0,0,0,14.84,1,9.210840247017833,7.743269700829004,8.990192329641772,13.2095772338936,19.01812079793504,0,0,0,0,0,0,0,0,0,0,0,0,0,0,1,0,0,0,0,0,0,0,0,0,0,0,0,1,0,0,0,1,0,0,0,0,0,0,0,0,0,0,0,1,0,0,0,0,1,0,1,0,0,1,0,0,0,0,0,0,0,0,0,0,0,0,0,0,0,0,0,0,0,1,0,0,0,0,0,0,0,0,0,1
4931,1709,5903,401404.0,0.3466,3.45,3550.61,4234.42,364.2875,319.30539999999996,232.6029,683.81,19.259,68.0,315398304.0,53430.17,461236.35,2024,4,12,485,0,0,0,0,9.75,1,8.503499864284235,7.444248649496705,8.683385366280309,12.902726171669386,19.56934685835068,0,0,0,0,0,0,0,0,0,0,0,0,0,0,1,0,0,0,0,0,0,0,0,0,0,0,0,1,0,0,0,1,0,0,0,0,0,0,0,0,0,0,0,1,0,0,1,0,0,0,0,1,0,0,1,0,0,0,0,0,0,0,0,0,0,0,0,0,0,0,0,1,0,0,0,0,0,1,0,0,0,0,0,0
55545,11478,44930,3055240.0,0.2066,3.91,2055.66,2718.68,183.3173,242.4436,123.3205,663.02,32.2536,68.0,898373868.0,19994.97,1354965.41,2023,4,12,851,0,0,0,0,11.21,1,10.924966785274414,9.348274558065496,10.712883258660506,14.932369034546788,20.616096874812335,0,0,0,0,0,0,0,0,0,0,0,0,0,0,1,0,0,0,0,0,0,0,0,0,0,0,0,1,0,0,0,1,0,0,0,0,0,0,0,0,0,0,0,1,0,0,0,0,1,0,0,1,0,0,0,0,0,1,0,0,0,0,1,0,0,0,0,0,0,0,0,0,0,0,0,0,0,0,0,0,1,0,0,0
2197,790,2328,90792.0,0.3596,2.95,3859.91,4523.35,181.1205,212.2515,163.8971,663.44,17.188,39.0,203109900.0,87246.52,306146.31,2025,1,2,414,1,0,0,0,21.31,0,7.6953031349635665,6.673297967767654,7.753194269884341,11.41633746910659,19.12925777474694,0,0,0,0,0,0,0,0,0,0,0,0,0,0,1,0,0,0,0,0,0,0,0,0,0,0,0,1,0,0,0,0,1,0,0,0,0,0,0,0,1,0,0,0,0,0,1,0,0,0,1,0,0,0,1,0,0,0,0,0,0,0,0,0,0,0,0,0,0,0,0,1,0,0,0,0,0,1,0,0,0,0,0,0
1481,406,1579,61581.0,0.2741,3.89,1226.06,1423.72,60.8298,70.6365,107.1526,197.66,16.1215,39.0,20135412.0,12752.0,101868.68,2025,4,12,115,1,0,0,0,20.16,1,7.301147805856032,6.008813185442595,7.365180126021013,11.028124899028388,16.81799066360439,0,0,0,0,0,0,0,0,0,0,0,0,0,0,1,0,0,0,0,0,0,0,0,0,0,0,0,1,0,0,0,0,1,0,0,0,0,0,0,0,0,0,1,0,0,0,0,1,0,0,1,0,0,0,1,0,0,0,0,0,0,0,0,0,0,0,0,1,0,0,0,0,0,0,0,1,0,0,0,0,0,0,0,0
3930,1489,4234,165126.0,0.3789,2.84,1126.88,1423.93,62.2955,78.7168,79.875,297.05,26.3604,39.0,256582620.0,60600.52,863770.98,2024,4,12,490,1,0,0,0,18.09,1,8.27664912542186,7.306531398939505,8.351138607086154,12.014470153787613,19.362961279870873,0,0,0,0,0,0,0,0,0,0,0,0,0,0,1,0,0,0,0,0,0,0,0,0,0,0,0,1,0,0,0,0,1,0,0,0,0,0,0,0,0,0,0,1,0,0,0,0,1,0,1,0,0,1,0,0,0,0,0,0,0,0,0,0,0,0,0,1,0,0,0,0,0,0,0,1,0,0,0,0,0,0,0,0
13774,4360,6198,241722.0,0.3165,1.42,2907.81,3705.04,125.1892,159.5118,164.9466,797.23,27.4166,39.0,102185700.0,16486.88,128177.01,2024,4,12,486,1,0,0,0,23.23,1,9.530610634021116,8.380456667842767,8.73214326770192,12.39554772145259,18.44230231400791,0,0,0,0,0,0,0,0,0,0,0,0,0,0,1,0,0,0,0,0,0,0,0,0,0,0,0,1,0,0,0,0,1,0,0,0,0,0,0,0,0,0,0,1,0,0,1,0,0,0,1,0,0,0,1,0,0,0,0,0,0,0,0,0,0,0,1,0,0,0,0,0,0,0,0,0,0,0,0,0,0,1,0,0
1251,70,177,6903.0,0.056,2.53,3817.06,3920.46,213.0587,218.83,128.7764,103.4,2.7088,39.0,8624000.0,48723.16,83407.63,2024,2,6,673,1,0,0,1,17.92,0,7.132497551660044,4.2626798770413155,5.181783550292085,8.839856232763264,15.970059688086382,0,0,0,0,0,0,0,0,0,0,0,0,0,0,1,0,0,0,0,0,0,0,0,0,0,0,0,1,0,0,0,0,0,0,0,1,0,0,0,1,0,0,0,0,0,0,0,0,0,1,0,0,1,0,0,0,0,0,1,0,0,0,0,0,0,0,0,0,0,0,0,0,0,1,0,1,0,0,0,0,0,0,0,0
37671,9833,27941,83823.0,0.261,2.84,3388.43,4130.37,212.5944,259.1448,131.8596,741.94,21.8963,3.0,2364019884.0,84607.56,3186261.61,2021,4,12,1576,0,0,0,1,15.94,0,10.536672391923391,9.193601047971885,10.237886212210432,11.336474641648001,21.58362934804541,0,0,0,0,0,0,0,0,0,0,0,0,0,0,1,0,0,0,0,0,0,0,0,0,0,0,0,1,0,0,0,0,0,1,0,0,0,0,0,1,0,0,0,0,0,0,0,0,0,1,0,0,1,0,0,0,0,0,1,0,0,0,0,0,1,0,0,0,0,0,0,0,0,0,0,0,0,0,0,0,0,0,0,1
1108,321,1148,3444.0,0.2897,3.58,1044.53,1177.79,75.7661,85.4319,42.3407,133.26,12.7575,3.0,20638496.0,17977.78,154877.79,2025,4,12,123,0,0,0,0,13.79,1,7.011213987350367,5.7745515455444085,7.046647277848756,8.144679183447758,16.842668676158706,0,0,0,0,0,0,0,0,0,0,0,0,0,0,1,0,0,0,0,0,0,0,0,0,0,0,0,1,0,0,0,0,0,1,0,0,0,0,1,0,0,0,0,0,0,0,0,1,0,0,1,0,0,0,0,1,0,0,0,0,0,0,0,0,1,0,0,0,0,0,0,0,0,0,0,0,1,0,0,0,0,0,0,0
1724,438,679,2037.0,0.2541,1.55,1693.98,1889.77,70.6188,78.7811,137.4555,195.79,11.5583,3.0,12939750.0,19057.07,66088.25,2025,4,12,115,0,0,0,0,23.99,0,7.45298232946546,6.0844994130751715,6.522092798170152,7.61972421378267,16.37581460419346,0,0,0,0,0,0,0,0,0,0,0,0,0,0,1,0,0,0,0,0,0,0,0,0,0,0,0,1,0,0,0,0,0,1,0,0,0,0,0,0,1,0,0,0,0,0,0,1,0,0,1,0,0,0,0,0,0,0,0,0,1,0,0,0,0,0,1,0,0,0,0,0,0,0,0,1,0,0,0,0,0,0,0,0
11339,3091,5137,15411.0,0.2726,1.66,3777.02,4410.64,401.5474,319.30539999999996,147.4252,633.62,16.7757,3.0,71813412.0,13979.64,113338.07,2025,4,12,115,0,0,0,0,9.41,0,9.336091577281744,8.036573409707312,8.544419177669829,9.642901705746048,18.089581827156486,0,0,0,0,0,0,0,0,0,0,0,0,0,0,1,0,0,0,0,0,0,0,0,0,0,0,0,1,0,0,0,0,0,1,0,0,0,0,0,0,1,0,0,0,0,0,0,1,0,0,1,0,0,1,0,0,0,0,0,0,0,0,0,0,0,0,0,0,0,0,0,0,1,0,0,0,0,1,0,0,0,0,0,0
6282,2874,5949,17847.0,0.4575,2.07,1609.79,2013.1,67.5669,84.4948,62.6245,403.31,25.0536,3.0,60657300.0,10196.22,150399.04,2023,4,12,849,0,0,0,0,23.83,0,8.745602852402946,7.963807953231451,8.691146498539675,9.789646736112369,17.920750565334398,0,0,0,0,0,0,0,0,0,0,0,0,0,0,1,0,0,0,0,0,0,0,0,0,0,0,0,1,0,0,0,0,0,1,0,0,0,0,0,0,1,0,0,0,0,0,0,0,1,0,0,1,0,1,0,0,0,0,0,0,0,0,0,0,1,0,0,0,0,0,0,0,0,0,0,0,0,0,0,1,0,0,0,0
13589,5575,11592,34776.0,0.4103,2.08,3299.75,3953.29,149.6202,179.2536,149.8382,653.54,19.8058,3.0,265251852.0,22882.32,405869.0,2025,4,12,123,0,0,0,0,22.05,0,9.51708950714519,8.62622695244036,9.358156746670401,10.456711527718735,19.39619032129636,0,0,0,0,0,0,0,0,0,0,0,0,0,0,1,0,0,0,0,0,0,0,0,0,0,0,0,1,0,0,0,0,0,1,0,0,0,0,0,0,1,0,0,0,0,0,0,1,0,0,1,0,0,0,1,0,0,0,0,0,0,0,0,0,0,0,0,1,0,0,0,0,0,0,0,0,0,0,1,0,0,0,0,0
66663,31663,114500,343500.0,0.475,3.62,3440.42,4615.76,337.0053,319.30539999999996,115.4224,1175.34,34.1625,3.0,4233485952.0,36973.68,3601942.43,2025,4,12,122,0,0,0,0,10.21,1,11.107420356062043,10.362935667842347,11.648338835562747,12.746945301848456,22.166291592982756,0,0,0,0,0,0,0,0,0,0,0,0,0,0,1,0,0,0,0,0,0,0,0,0,0,0,0,1,0,0,0,0,0,1,0,0,0,0,0,0,0,0,1,0,0,0,0,1,0,0,1,0,0,0,1,0,0,0,0,0,0,0,0,0,0,0,1,0,0,0,0,0,0,0,0,0,1,0,0,0,0,0,0,0
11986,6280,12732,38196.0,0.5239,2.03,2385.45,3186.35,135.5003,180.9939,144.528,800.9,33.5746,3.0,138801245.0,10901.76,173305.9,2022,4,12,1219,0,0,0,0,17.6,1,9.3915780082071,8.74528448245438,9.451952327573435,10.550512257479294,18.74855358294193,0,0,0,0,0,0,0,0,0,0,0,0,0,0,1,0,0,0,0,0,0,0,0,0,0,0,0,1,0,0,0,0,0,1,0,0,0,0,0,0,0,0,0,1,0,0,0,0,1,0,0,0,1,1,0,0,0,0,0,0,0,0,0,0,0,0,0,0,0,0,0,0,0,0,1,0,1,0,0,0,0,0,0,0
64811,27579,90713,272139.0,0.4255,3.29,2036.32,2723.92,89.582,119.8312,70.643,687.6,33.7671,3.0,1278549282.0,14094.44,1859423.05,2023,4,12,851,0,0,0,0,22.73,1,11.079246050380892,10.224846151347293,11.415466979208256,12.514071918744849,20.9689918994692,0,0,0,0,0,0,0,0,0,0,0,0,0,0,1,0,0,0,0,0,0,0,0,0,0,0,0,1,0,0,0,0,0,1,0,0,0,0,0,0,0,0,0,1,0,0,0,0,1,0,1,0,0,1,0,0,0,0,0,0,0,0,1,0,0,0,0,0,0,0,0,0,0,0,0,0,0,1,0,0,0,0,0,0
213883,100062,283285,849855.0,0.4678,2.83,2240.4,2947.26,126.4279,166.317,79.1811,706.86,31.5509,3.0,25177945000.0,88878.5,35619154.34,2023,4,12,854,0,0,0,0,17.72,1,12.273189090963717,11.513555266603538,12.55421226701898,13.652822202349999,23.94923424988107,0,0,0,0,0,0,0,0,0,0,0,0,0,0,1,0,0,0,0,0,0,0,0,0,0,0,0,1,0,0,0,0,0,1,0,0,0,0,0,0,0,0,0,1,0,0,0,0,1,0,0,1,0,1,0,0,0,0,0,0,0,0,0,0,0,0,0,0,0,0,0,1,0,0,0,0,0,0,1,0,0,0,0,0
136250,65008,200996,602988.0,0.4771,3.09,1526.29,2153.53,65.1636,91.9433,149.2028,627.24,41.0962,3.0,20316500000.0,101079.13,32390037.62,2024,4,12,490,0,0,0,0,23.42,1,11.822254051948098,11.08228100083132,12.211045261556693,13.309654233420213,23.734699200775708,0,0,0,0,0,0,0,0,0,0,0,0,0,0,1,0,0,0,0,0,0,0,0,0,0,0,0,1,0,0,0,0,0,1,0,0,0,0,0,0,0,0,0,1,0,0,0,0,1,0,1,0,0,0,1,0,0,0,0,0,0,0,1,0,0,0,0,0,0,0,0,0,0,0,0,0,0,0,0,0,0,0,0,1
8546,3105,12313,36939.0,0.3633,3.97,3646.05,4259.95,151.7246,177.2711,191.8739,613.9,16.8375,3.0,93325200.0,7579.4,152019.5,2023,4,12,851,0,0,0,0,24.03,1,9.053335623166017,8.041091003708633,9.418492105471156,10.517050253753231,18.351600736526333,0,0,0,0,0,0,0,0,0,0,0,0,0,0,1,0,0,0,0,0,0,0,0,0,0,0,0,1,0,0,0,0,0,1,0,0,0,0,0,0,0,0,0,1,0,0,0,0,1,0,0,1,0,0,0,0,1,0,0,0,0,0,0,0,0,0,1,0,0,0,0,0,0,0,0,0,1,0,0,0,0,0,0,0
11561,3726,9443,28329.0,0.3223,2.53,2241.98,2890.57,147.688,190.4127,75.8912,648.59,28.9291,3.0,174001784.0,18426.54,268279.33,2024,4,12,483,0,0,0,0,15.18,1,9.355479137642421,8.223358899479258,9.153134898205403,10.251676592824563,18.974576115746874,0,0,0,0,0,0,0,0,0,0,0,0,0,0,1,0,0,0,0,0,0,0,0,0,0,0,0,1,0,0,0,0,0,1,0,0,0,0,0,0,0,0,0,1,0,0,1,0,0,0,1,0,0,0,0,0,1,0,0,0,0,0,0,0,0,0,0,0,0,0,1,0,0,0,0,0,0,0,0,0,0,1,0,0
49754,15499,58028,174084.0,0.3115,3.74,3623.87,4449.7,251.4074,308.6995,232.6029,825.83,22.7885,3.0,3850173720.0,66350.27,4662207.25,2023,4,12,851,0,0,0,0,14.41,1,10.814866240049263,9.648595302907339,10.968698164570208,12.067298964663705,22.071384106565784,0,0,0,0,0,0,0,0,0,0,0,0,0,0,1,0,0,0,0,0,0,0,0,0,0,0,0,1,0,0,0,0,0,1,0,0,0,0,0,0,0,0,0,1,0,0,0,0,1,0,0,1,0,0,0,0,0,1,0,0,0,0,0,0,0,0,0,0,0,0,0,1,0,0,0,0,0,1,0,0,0,0,0,0
222483,72403,187720,563160.0,0.3254,2.59,1138.22,1613.57,47.5895,67.4643,54.3155,475.35,41.763,3.0,7194228849.0,38324.25,15134441.99,2024,4,12,491,0,0,0,0,23.92,1,12.312610467890416,11.190016825466444,12.142712096977055,13.241320834269183,22.69654499294546,0,0,0,0,0,0,0,0,0,0,0,0,0,0,1,0,0,0,0,0,0,0,0,0,0,0,0,1,0,0,0,0,0,1,0,0,0,0,0,0,0,0,0,1,0,0,0,0,1,0,1,0,0,0,0,0,0,1,0,0,0,0,0,0,0,0,0,0,0,0,0,0,0,0,1,0,1,0,0,0,0,0,0,0
4911,1632,3864,11592.0,0.3323,2.37,3962.48,5126.6,203.4401,263.2077,133.962,1164.12,29.3785,3.0,483060000.0,125015.53,414958.84,2025,4,12,123,0,0,0,0,19.48,1,8.499436469826978,7.398174092970465,8.259716961021523,9.358156746670401,19.995651429574355,0,0,0,0,0,0,0,0,0,0,0,0,0,0,1,0,0,0,0,0,0,0,0,0,0,0,0,1,0,0,0,0,0,1,0,0,0,0,1,0,0,0,0,0,0,0,0,1,0,0,1,0,0,0,1,0,0,0,0,0,0,0,0,0,0,0,0,0,0,0,0,0,0,0,1,0,0,0,0,0,1,0,0,0
988,365,660,25740.0,0.3694,1.81,953.06,1121.13,109.3088,128.5858,69.0807,168.07,17.6354,39.0,5927400.0,8980.91,35266.16,2025,4,12,116,1,0,0,0,8.72,0,6.8966943316227125,5.902633333401366,6.493753839851686,10.155840330434325,15.59509639496864,0,0,0,0,0,0,0,0,0,0,0,0,0,0,1,0,0,0,0,0,0,0,0,0,0,0,0,1,0,0,0,0,0,0,1,0,0,0,0,0,1,0,0,0,0,0,0,1,0,0,1,0,0,0,0,1,0,0,0,0,0,1,0,0,0,0,0,0,0,0,0,0,0,0,0,1,0,0,0,0,0,0,0,0
1428,484,725,28275.0,0.3389,1.5,921.67,1085.3,52.3715,61.6693,42.5838,163.63,17.7535,39.0,29004593.0,40006.34,177258.15,2022,4,12,1219,1,0,0,0,17.6,0,7.264730177929867,6.184148890937483,6.587550014824796,10.249768667290844,17.18296478919771,0,0,0,0,0,0,0,0,0,0,0,0,0,0,1,0,0,0,0,0,0,0,0,0,0,0,0,1,0,0,0,0,0,0,1,0,0,0,0,0,1,0,0,0,0,0,0,0,1,0,0,1,0,1,0,0,0,0,0,0,0,0,0,0,0,0,0,0,0,0,0,1,0,0,0,0,1,0,0,0,0,0,0,0
1050,169,632,24648.0,0.161,3.74,3187.86,3605.67,133.8712,151.4168,226.2691,417.81,13.1063,39.0,4569618.0,7230.41,10937.07,2022,4,12,1219,1,0,0,0,23.81,0,6.957497370876951,5.135798437050262,6.450470422144176,10.112491610696615,15.33494038959187,0,0,0,0,0,0,0,0,0,0,0,0,0,0,1,0,0,0,0,0,0,0,0,0,0,0,0,1,0,0,0,0,0,0,1,0,0,0,0,0,1,0,0,0,0,0,0,0,1,0,1,0,0,1,0,0,0,0,0,0,0,0,0,0,0,1,0,0,0,0,0,0,0,0,0,0,0,1,0,0,0,0,0,0
50153,10891,15522,605358.0,0.2172,1.43,2908.91,3754.81,130.1398,167.9836,142.6352,845.9,29.0794,39.0,503937800.0,32466.04,595745.25,2024,4,12,481,1,0,0,0,22.35,0,10.822853550927212,9.295783853793651,9.650078074026442,13.313576949457431,20.03796340770563,0,0,0,0,0,0,0,0,0,0,0,0,0,0,1,0,0,0,0,0,0,0,0,0,0,0,0,1,0,0,0,0,0,0,1,0,0,0,0,0,1,0,0,0,0,0,1,0,0,0,1,0,0,1,0,0,0,0,0,0,0,0,0,0,0,0,0,0,0,0,0,0,0,0,1,1,0,0,0,0,0,0,0,0
13111,2039,8079,315081.0,0.1555,3.96,3366.82,3956.29,172.7511,202.997,232.6029,589.47,17.5083,39.0,220259746.0,27263.24,373655.09,2025,4,12,115,1,0,0,0,19.49,0,9.481283120423665,7.620705086838262,8.997147151515142,12.660588201391377,19.2103180760579,0,0,0,0,0,0,0,0,0,0,0,0,0,0,1,0,0,0,0,0,0,0,0,0,0,0,0,1,0,0,0,0,0,0,1,0,0,0,0,0,1,0,0,0,0,0,0,1,0,0,1,0,0,1,0,0,0,0,0,0,0,0,0,0,0,0,0,0,0,0,1,0,0,0,0,0,0,0,0,0,0,1,0,0
52504,14414,38092,1485588.0,0.2745,2.64,1137.18,1493.11,109.7134,144.0532,51.4335,355.93,31.2995,39.0,1969419055.0,51701.64,5533152.56,2025,4,12,116,1,0,0,0,10.37,0,10.868663682140093,9.576024610072503,10.547785817200792,14.211321884577496,21.401004440774628,0,0,0,0,0,0,0,0,0,0,0,0,0,0,1,0,0,0,0,0,0,0,0,0,0,0,0,1,0,0,0,0,0,0,1,0,0,0,0,0,1,0,0,0,0,0,0,1,0,0,1,0,0,0,1,0,0,0,0,0,0,0,0,0,0,0,0,0,0,0,0,0,0,1,0,1,0,0,0,0,0,0,0,0
16802,4520,19079,744081.0,0.269,4.22,913.83,1181.04,74.1626,95.8484,44.9369,267.21,29.2408,39.0,586359945.0,30733.26,2194375.06,2024,4,12,485,1,0,0,0,12.32,0,9.729312720877942,8.416488487294606,9.856395945002278,13.51990652279576,20.189444401292505,0,0,0,0,0,0,0,0,0,0,0,0,0,0,1,0,0,0,0,0,0,0,0,0,0,0,0,1,0,0,0,0,0,0,1,0,0,0,0,0,1,0,0,0,0,0,1,0,0,0,1,0,0,0,1,0,0,0,0,0,0,0,0,0,0,0,0,0,0,0,0,0,1,0,0,0,0,0,0,0,1,0,0,0
972,347,1242,48438.0,0.357,3.58,2427.45,2834.43,106.0779,123.8624,97.8685,406.98,16.7655,39.0,32662440.0,26298.26,80256.61,2024,4,12,485,1,0,0,0,22.88,0,6.880384082186005,5.8522024797744745,7.1252830915107115,10.788060553358148,17.30173638245652,0,0,0,0,0,0,0,0,0,0,0,0,0,0,1,0,0,0,0,0,0,0,0,0,0,0,0,1,0,0,0,0,0,0,1,0,0,0,0,0,1,0,0,0,0,0,1,0,0,0,1,0,0,0,0,0,1,0,0,0,0,1,0,0,0,0,0,0,0,0,0,0,0,0,0,0,0,0,0,0,0,0,0,1
7534,1709,5493,214227.0,0.2268,3.21,2040.3,2415.62,183.6834,217.4717,90.223,375.32,18.3948,39.0,186204800.0,33898.56,496134.89,2023,4,12,851,1,0,0,0,11.11,0,8.927314111060596,7.444248649496705,8.611411866655219,12.274796147407056,19.042357706577953,0,0,0,0,0,0,0,0,0,0,0,0,0,0,1,0,0,0,0,0,0,0,0,0,0,0,0,1,0,0,0,0,0,0,1,0,0,0,0,0,1,0,0,0,0,0,0,0,1,0,0,1,0,0,0,0,1,0,0,0,0,0,0,0,0,0,0,0,0,0,0,0,0,1,0,0,1,0,0,0,0,0,0,0
6061,2146,9298,362622.0,0.3541,4.33,2278.23,2717.83,178.9167,213.4395,108.5278,439.6,19.2955,39.0,285251670.0,30678.82,648896.41,2025,4,12,115,1,0,0,0,12.73,1,8.709795057617749,7.671826797878781,9.137662146478197,12.801119006068957,19.468882404708584,0,0,0,0,0,0,0,0,0,0,0,0,0,0,1,0,0,0,0,0,0,0,0,0,0,0,0,1,0,0,0,0,0,0,1,0,0,0,0,0,0,0,1,0,0,0,0,1,0,0,1,0,0,0,1,0,0,0,0,0,0,1,0,0,0,0,0,0,0,0,0,0,0,0,0,0,0,0,0,0,0,0,1,0
13561,5315,13335,520065.0,0.3919,2.51,3973.08,4731.74,389.3953,319.30539999999996,166.9673,758.66,19.0948,39.0,143964720.0,10796.0,189763.41,2024,4,12,485,1,0,0,0,10.2,1,9.515027043243787,8.578476419833136,9.49822242443063,13.16171100558048,18.78507883446902,0,0,0,0,0,0,0,0,0,0,0,0,0,0,1,0,0,0,0,0,0,0,0,0,0,0,0,1,0,0,0,0,0,0,1,0,0,0,0,0,0,0,1,0,0,0,1,0,0,0,1,0,0,0,0,0,1,0,0,0,0,0,0,0,0,0,0,1,0,0,0,0,0,0,0,0,0,0,0,0,0,0,1,0
45306,7797,33905,1322295.0,0.1721,4.35,3906.4,4569.43,200.3915,234.404,232.6029,663.03,16.973,39.0,550159524.0,16226.5,829760.74,2024,4,10,553,1,0,0,0,19.49,1,10.72121682491962,8.961622569542543,10.431347268857898,14.094880177508198,20.125718839590284,0,0,0,0,0,0,0,0,0,0,0,0,0,0,1,0,0,0,0,0,0,0,0,0,0,0,0,1,0,0,0,0,0,0,1,0,0,0,1,0,0,0,0,0,0,0,1,0,0,0,1,0,0,0,1,0,0,0,0,0,0,0,0,0,0,0,0,0,0,0,1,0,0,0,0,1,0,0,0,0,0,0,0,0
2262,787,1295,50505.0,0.3479,1.65,3815.41,4568.61,158.6601,189.9811,174.1624,753.2,19.741,39.0,129297979.0,99844.0,171664.92,2022,4,12,1221,1,0,0,0,24.05,1,7.724446645633537,6.669498089857879,7.16703787691222,10.829847420087066,18.677630221036914,0,0,0,0,0,0,0,0,0,0,0,0,0,0,1,0,0,0,0,0,0,0,0,0,0,0,0,1,0,0,0,0,0,0,1,0,0,0,0,0,0,0,0,1,0,0,0,0,1,0,1,0,0,1,0,0,0,0,0,0,0,0,0,0,0,0,0,1,0,0,0,0,0,0,0,0,0,0,1,0,0,0,0,0
643,191,534,20826.0,0.297,2.8,3308.3,3651.22,263.1384,290.4143,232.6029,342.92,10.3656,39.0,22158786.0,41495.85,64617.07,2024,2,6,665,1,0,0,0,12.57,1,6.467698726104354,5.2574953720277815,6.282266746896006,9.944005500839015,16.913744680078015,0,0,0,0,0,0,0,0,0,0,0,0,0,0,1,0,0,0,0,0,0,0,0,0,0,0,0,1,0,0,0,0,0,0,1,0,0,0,0,0,0,0,0,1,0,0,1,0,0,0,0,1,0,1,0,0,0,0,0,0,0,0,1,0,0,0,0,0,0,0,0,0,0,0,0,0,0,0,0,0,0,0,1,0
10815,2920,6104,238056.0,0.27,2.09,1935.49,2351.16,120.3521,146.1988,67.8871,415.67,21.4758,39.0,235134900.0,38521.44,565686.1,2023,4,12,849,1,0,0,0,16.08,1,9.288781798282745,7.979681302387741,8.716863386544805,12.380265419777391,19.275669954215104,0,0,0,0,0,0,0,0,0,0,0,0,0,0,1,0,0,0,0,0,0,0,0,0,0,0,0,1,0,0,0,0,0,0,1,0,0,0,0,0,0,0,0,1,0,0,0,0,1,0,0,1,0,1,0,0,0,0,0,0,0,0,0,1,0,0,0,0,0,0,0,0,0,0,0,0,0,0,0,0,0,0,1,0
56976,14536,43338,1690182.0,0.2551,2.98,2118.82,2625.63,112.8005,139.7816,186.4061,506.81,23.9194,39.0,807652047.0,18636.12,1593605.13,2024,4,12,486,1,0,0,0,18.78,1,10.950402956613187,9.584452402426324,10.676808201450829,14.340347365060634,20.5096418900727,0,0,0,0,0,0,0,0,0,0,0,0,0,0,1,0,0,0,0,0,0,0,0,0,0,0,0,1,0,0,0,0,0,0,1,0,0,0,0,0,0,0,0,1,0,0,1,0,0,0,1,0,0,0,1,0,0,0,0,0,0,0,0,0,0,0,0,0,0,0,0,1,0,0,0,0,0,0,1,0,0,0,0,0
31371,10859,18836,734604.0,0.3461,1.73,2558.77,3526.15,102.388,141.0973,137.5129,967.38,37.8064,39.0,2217804729.0,117742.87,2292587.88,2024,4,12,485,1,0,0,0,24.99,1,10.353671054332557,9.292841593487926,9.84357829978222,13.507088218769805,21.519783683225278,0,0,0,0,0,0,0,0,0,0,0,0,0,0,1,0,0,0,0,0,0,0,0,0,0,0,0,1,0,0,0,0,0,0,1,0,0,0,0,0,0,0,0,1,0,0,1,0,0,0,0,1,0,0,1,0,0,0,0,0,0,0,0,0,0,0,0,1,0,0,0,0,0,0,0,0,0,0,0,1,0,0,0,0
26835,8314,33065,1289535.0,0.3098,3.98,3457.71,4207.52,353.4863,319.30539999999996,144.5776,749.81,21.6853,39.0,570748500.0,17261.41,761186.55,2023,4,12,851,1,0,0,0,9.78,1,10.197499548682778,9.025816391627028,10.40626084311129,14.069793021711439,20.162459217001917,0,0,0,0,0,0,0,0,0,0,0,0,0,0,1,0,0,0,0,0,0,0,0,0,0,0,0,1,0,0,0,0,0,0,1,0,0,0,0,0,0,0,0,1,0,0,0,0,1,0,1,0,0,0,1,0,0,0,0,0,0,0,0,0,0,0,1,0,0,0,0,0,0,0,0,0,0,0,0,0,0,0,1,0
4049,1422,5678,221442.0,0.3512,3.99,1019.88,1216.9,61.9021,73.86,53.2285,197.02,19.3174,39.0,116694000.0,20551.95,592312.35,2023,4,12,851,1,0,0,0,16.48,1,8.306472160100585,7.260522598089852,8.644530439877432,12.307920499007533,18.57506569062272,0,0,0,0,0,0,0,0,0,0,0,0,0,0,1,0,0,0,0,0,0,0,0,0,0,0,0,1,0,0,0,0,0,0,1,0,0,0,0,0,0,0,0,1,0,0,0,0,1,0,0,1,0,0,0,1,0,0,0,0,0,0,0,0,0,0,0,0,1,0,0,0,0,0,0,0,0,0,0,0,1,0,0,0
7423,2789,12138,473382.0,0.3757,4.35,2157.75,2748.99,148.3291,188.9724,182.2131,591.24,27.4007,39.0,273771680.0,22554.93,463046.97,2024,4,12,492,1,0,0,0,14.55,1,8.912473274466036,7.933796874815411,9.404178688897805,13.067660064982075,19.42780503595883,0,0,0,0,0,0,0,0,0,0,0,0,0,0,1,0,0,0,0,0,0,0,0,0,0,0,0,1,0,0,0,0,0,0,1,0,0,0,0,0,0,0,0,1,0,0,1,0,0,0,1,0,0,0,0,1,0,0,0,0,0,0,0,0,0,1,0,0,0,0,0,0,0,0,0,0,1,0,0,0,0,0,0,0
62357,18976,32456,1265784.0,0.3043,1.71,1064.38,1402.9,46.8497,61.7503,50.522,338.52,31.805,39.0,820078615.0,25267.4,2422505.64,2023,4,12,851,1,0,0,0,22.72,1,11.040647250816477,9.85098299855398,10.387671415355683,14.051203041039823,20.524910766797767,0,0,0,0,0,0,0,0,0,0,0,0,0,0,1,0,0,0,0,0,0,0,0,0,0,0,0,1,0,0,0,0,0,0,1,0,0,0,0,0,0,0,0,1,0,0,0,0,1,0,0,1,0,0,0,0,1,0,0,0,0,0,0,0,0,0,0,0,0,0,0,0,0,1,0,0,1,0,0,0,0,0,0,0
13915,5498,17906,698334.0,0.3951,3.26,2446.9,2896.74,152.0624,180.0174,107.167,449.84,18.3839,39.0,203209820.0,11348.7,451741.37,2024,4,12,485,1,0,0,0,16.09,1,9.540794536271832,8.612321536507814,9.79294697683676,13.456454209302262,19.129749604193577,0,0,0,0,0,0,0,0,0,0,0,0,0,0,1,0,0,0,0,0,0,0,0,0,0,0,0,1,0,0,0,0,0,0,1,0,0,0,0,0,0,0,0,1,0,0,1,0,0,0,1,0,0,0,0,0,1,0,0,0,0,0,0,0,0,0,0,0,0,0,0,1,0,0,0,0,0,1,0,0,0,0,0,0
35932,10852,30005,1170195.0,0.302,2.76,3676.48,5043.68,371.8645,319.30539999999996,152.7042,1367.2,37.1877,39.0,1495070983.0,49827.39,1093526.96,2023,4,12,851,1,0,0,0,9.89,1,10.48941137230805,9.292196818446016,10.309152640646959,13.972681814111322,21.12543952359833,0,0,0,0,0,0,0,0,0,0,0,0,0,0,1,0,0,0,0,0,0,0,0,0,0,0,0,1,0,0,0,0,0,0,1,0,0,0,0,0,0,0,0,1,0,0,0,0,1,0,1,0,0,0,0,0,1,0,0,0,0,0,0,0,0,1,0,0,0,0,0,0,0,0,0,0,0,1,0,0,0,0,0,0
67260,20794,48584,1894776.0,0.3092,2.34,3303.95,4541.53,175.8805,241.7611,189.1735,1237.58,37.4576,39.0,1808134352.0,37216.66,1461023.41,2023,4,12,851,1,0,0,0,18.79,1,11.116335852861406,9.942467852177012,10.79107012027354,14.454611711473788,21.315561406443134,0,0,0,0,0,0,0,0,0,0,0,0,0,0,1,0,0,0,0,0,0,0,0,0,0,0,0,1,0,0,0,0,0,0,1,0,0,0,0,0,0,0,0,1,0,0,1,0,0,0,1,0,0,0,0,0,1,0,0,0,0,0,0,1,0,0,0,0,0,0,0,0,0,0,0,0,0,0,1,0,0,0,0,0
14282,4123,9730,379470.0,0.2887,2.36,1529.1,1815.98,72.4578,86.0519,71.879,286.88,18.7615,39.0,265894695.0,27327.31,926845.78,2023,4,12,851,1,0,0,0,21.1,1,9.566825297862628,8.32457884513685,9.18307194482199,12.846533456560659,19.39861090866567,0,0,0,0,0,0,0,0,0,0,0,0,0,0,1,0,0,0,0,0,0,0,0,0,0,0,0,1,0,0,0,0,0,0,1,0,0,0,0,0,0,0,0,1,0,0,1,0,0,0,0,1,0,0,0,0,1,0,0,0,0,0,0,0,0,0,0,0,1,0,0,0,0,0,0,0,0,0,0,0,0,1,0,0
22158,3827,9805,382395.0,0.1727,2.56,3923.17,4791.98,487.4121,319.30539999999996,206.3336,868.81,22.1456,39.0,1050139636.0,107102.46,1208709.63,2023,4,12,850,1,0,0,0,8.05,1,10.005999013489205,8.250097752572845,9.190749722211178,12.854211999853629,20.77218897989282,0,0,0,0,0,0,0,0,0,0,0,0,0,0,1,0,0,0,0,0,0,0,0,0,0,0,0,1,0,0,0,0,0,0,1,0,0,0,0,0,0,0,0,1,0,0,1,0,0,0,0,1,0,0,0,0,0,1,0,0,0,0,0,0,0,1,0,0,0,0,0,0,0,0,0,0,0,1,0,0,0,0,0,0
12248,4061,14320,558480.0,0.3316,3.53,2935.52,3803.9,129.8773,168.2974,125.2296,868.38,29.5818,39.0,134552652.0,9396.13,154946.77,2023,4,12,851,1,0,0,0,22.6,1,9.413199579987685,8.30943074214033,9.569482270478703,13.232975877217097,18.717466152519908,0,0,0,0,0,0,0,0,0,0,0,0,0,0,1,0,0,0,0,0,0,0,0,0,0,0,0,1,0,0,0,0,0,0,1,0,0,0,0,0,0,0,0,0,1,0,0,0,1,0,0,1,0,0,0,0,0,1,0,0,0,0,0,0,0,1,0,0,0,0,0,0,0,0,0,0,0,0,1,0,0,0,0,0
1756,591,1876,73164.0,0.3366,3.17,833.37,966.98,74.6586,86.6287,38.4552,133.61,16.0331,39.0,14831905.0,7906.13,111004.92,2020,4,12,1947,1,0,0,0,11.16,0,7.471363088187097,6.3835066348840055,7.537430036586509,11.200472443526527,16.512291229119363,0,0,0,0,0,0,0,0,0,0,0,0,0,0,1,0,0,0,0,0,0,0,0,0,0,0,0,1,0,0,0,0,0,0,0,0,1,0,0,0,1,0,0,0,0,0,0,0,1,0,0,0,1,0,0,1,0,0,0,0,0,0,0,0,0,0,0,0,0,0,0,0,0,1,0,0,0,1,0,0,0,0,0,0
5170,1616,4390,171210.0,0.3126,2.72,1617.32,1979.7,93.0288,113.8729,78.8356,362.38,22.406,39.0,391337620.0,89142.97,1079914.89,2023,4,12,854,1,0,0,0,17.39,1,8.550821372396221,7.388327859577107,8.387312270561717,12.050651992962134,19.785081226182957,0,0,0,0,0,0,0,0,0,0,0,0,0,0,1,0,0,0,0,0,0,0,0,0,0,0,0,1,0,0,0,0,0,0,0,0,1,0,0,0,0,0,0,1,0,0,0,0,1,0,1,0,0,1,0,0,0,0,0,0,0,0,0,0,1,0,0,0,0,0,0,0,0,0,0,0,0,1,0,0,0,0,0,0
11874,2787,4042,157638.0,0.2347,1.45,460.71,571.56,30.5745,37.9304,30.7337,110.85,24.059,39.0,55071499.0,13624.81,496842.32,2024,3,7,625,0,0,0,0,15.07,0,9.382190628902842,7.933079771880415,8.304742269640771,11.968062887721198,17.824142898928365,0,0,0,0,0,0,0,0,0,0,0,0,0,0,0,1,0,0,0,0,0,0,0,0,0,0,0,1,1,0,0,0,0,0,0,0,0,0,0,0,1,0,0,0,0,0,0,0,1,0,0,1,0,1,0,0,0,0,0,0,0,0,0,0,0,0,0,0,1,0,0,0,0,0,0,0,0,0,0,0,0,1,0,0
4255,555,808,31512.0,0.1304,1.46,269.25,304.18,13.3069,15.0328,26.8172,34.93,12.9697,39.0,50519700.0,62524.38,1446663.87,2024,3,8,606,0,0,0,0,20.23,0,8.35608503102148,6.320768294250582,6.695798917058491,10.358155438089856,17.73787393698091,0,0,0,0,0,0,0,0,0,0,0,0,0,0,0,1,0,0,0,0,0,0,0,0,0,0,0,1,1,0,0,0,0,0,0,0,0,0,0,0,1,0,0,0,0,0,0,0,1,0,1,0,0,1,0,0,0,0,0,0,0,0,0,0,0,0,0,0,0,0,0,1,0,0,0,0,0,0,0,0,0,0,1,0
3154,533,643,25077.0,0.169,1.21,1159.83,1347.56,81.0515,94.1706,86.0301,187.73,16.1862,39.0,438750000.0,682348.37,2337116.15,2025,3,7,290,0,0,0,0,14.31,0,8.056743774975313,6.280395838960195,6.467698726104354,10.129746246750484,19.899440335023552,0,0,0,0,0,0,0,0,0,0,0,0,0,0,0,1,0,0,0,0,0,0,0,0,0,0,0,1,1,0,0,0,0,0,0,0,0,0,0,0,1,0,0,0,0,0,0,1,0,0,1,0,0,0,1,0,0,0,0,0,0,0,0,1,0,0,0,0,0,0,0,0,0,0,0,1,0,0,0,0,0,0,0,0
903,179,786,30654.0,0.1982,4.39,678.26,739.32,29.7664,32.4464,54.9581,61.06,9.0037,39.0,5373659.0,6836.72,87994.88,2024,1,3,774,0,0,0,0,22.79,1,6.806829360392176,5.19295685089021,6.668228248417403,10.330551060196788,15.49701979857143,0,0,0,0,0,0,0,0,0,0,0,0,0,0,0,1,0,0,0,0,0,0,0,0,0,0,0,1,1,0,0,0,0,0,0,0,0,0,0,0,0,1,0,0,0,0,0,0,1,0,1,0,0,1,0,0,0,0,0,0,0,0,0,0,0,0,0,0,1,0,0,0,0,0,0,0,0,0,0,1,0,0,0,0
651,140,170,6630.0,0.2151,1.21,1095.81,1242.74,53.6679,60.8635,57.7301,146.93,13.4077,39.0,27663942.0,162729.07,188287.72,2024,4,11,511,0,0,0,0,20.42,1,6.480044561926653,4.948759890378168,5.14166355650266,8.799510901368867,17.135640426463524,0,0,0,0,0,0,0,0,0,0,0,0,0,0,0,1,0,0,0,0,0,0,0,0,0,0,0,1,1,0,0,0,0,0,0,0,0,0,0,0,0,0,0,1,0,0,0,0,1,0,0,1,0,1,0,0,0,0,0,0,0,0,1,0,0,0,0,0,0,0,0,0,0,0,0,0,0,1,0,0,0,0,0,0
553,124,190,12920.0,0.2242,1.53,522.22,585.52,27.4689,30.7988,23.4755,63.3,12.1223,68.0,11820600.0,62213.68,186725.62,2023,4,11,883,0,0,0,0,19.01,0,6.317164686747284,4.8283137373023015,5.25227342804663,9.46660917372222,16.2853544146733,0,0,0,0,0,0,0,0,0,0,0,0,0,0,0,1,0,0,0,0,0,0,0,0,0,0,0,1,0,0,0,1,0,0,0,0,0,0,0,0,1,0,0,0,0,0,0,0,1,0,0,1,0,0,0,0,0,1,0,0,0,0,0,0,0,0,0,0,0,0,1,0,0,0,0,0,0,1,0,0,0,0,0,0
1643,825,1846,5538.0,0.5021,2.24,325.23,395.28,15.1018,18.3542,22.8047,70.05,21.5368,3.0,38764779.0,20999.34,553427.86,2023,4,11,883,0,0,0,1,21.54,0,7.404887575616125,6.716594773520978,7.52131798019924,8.619569258033104,17.473022660396598,0,0,0,0,0,0,0,0,0,0,0,0,0,0,0,1,0,0,0,0,0,0,0,0,0,0,0,1,0,0,0,0,0,1,0,0,0,0,0,1,0,0,0,0,0,0,0,0,0,1,0,0,1,0,0,0,0,0,1,0,0,0,1,0,0,0,0,0,0,0,0,0,0,0,0,0,0,0,0,0,1,0,0,0
11888,5714,22081,66243.0,0.4807,3.86,674.34,835.46,32.3914,40.131,23.4298,161.12,23.8943,3.0,165214498.0,7482.2,1025364.61,2024,3,7,625,0,0,0,0,20.82,0,9.383368881858544,8.65084957622891,10.002518075999083,11.101100173709382,18.92275518154374,0,0,0,0,0,0,0,0,0,0,0,0,0,0,0,1,0,0,0,0,0,0,0,0,0,0,0,1,0,0,0,0,0,1,0,0,0,0,0,0,1,0,0,0,0,0,0,0,1,0,0,1,0,1,0,0,0,0,0,0,0,0,0,0,1,0,0,0,0,0,0,0,0,0,0,0,0,0,0,1,0,0,0,0
14183,3827,16742,50226.0,0.2698,4.37,313.96,366.06,36.4601,42.5109,30.9816,52.1,16.5956,3.0,290053550.0,17324.9,5566912.29,2023,2,5,1081,0,0,0,0,8.61,0,9.559869847754044,8.250097752572845,9.725735539456544,10.82430800969668,19.48557612251818,0,0,0,0,0,0,0,0,0,0,0,0,0,0,0,1,0,0,0,0,0,0,0,0,0,0,0,1,0,0,0,0,0,1,0,0,0,0,0,0,1,0,0,0,0,0,0,0,1,0,1,0,0,1,0,0,0,0,0,0,0,0,0,0,0,0,0,0,0,0,1,0,0,0,0,0,0,0,0,0,0,1,0,0
1127,297,1130,3390.0,0.2635,3.8,686.02,773.01,46.6345,52.5482,26.9596,86.99,12.681,3.0,47282400.0,41842.83,543515.32,2023,4,11,883,0,0,0,0,14.71,0,7.028201432058005,5.697093486505405,7.030857476116121,8.128880142125638,17.671648712344638,0,0,0,0,0,0,0,0,0,0,0,0,0,0,0,1,0,0,0,0,0,0,0,0,0,0,0,1,0,0,0,0,0,1,0,0,0,0,0,0,1,0,0,0,0,0,0,0,1,0,0,1,0,0,0,0,0,1,0,0,0,0,0,1,0,0,0,0,0,0,0,0,0,0,0,0,1,0,0,0,0,0,0,0
14874,2759,9598,374322.0,0.1855,3.48,1120.3,1355.18,47.0244,56.8838,49.7819,234.88,20.9665,39.0,229042936.0,23863.61,975120.74,2022,4,12,1227,0,0,0,0,23.82,0,9.607437230413831,7.9229859587111955,9.169414205363537,12.832874340041002,19.24942004175959,0,0,0,0,0,0,0,0,0,0,0,0,0,0,0,0,1,0,0,0,0,0,0,0,0,0,0,1,1,0,0,0,0,0,0,0,0,0,0,0,1,0,0,0,0,0,0,0,1,0,0,0,1,1,0,0,0,0,0,0,0,0,0,0,0,0,0,0,0,0,0,0,0,1,0,0,0,1,0,0,0,0,0,0
1943,270,788,30732.0,0.139,2.92,720.77,785.95,71.1005,77.5306,41.2549,65.18,9.0436,39.0,13458080.0,17078.78,206465.13,2023,2,6,1037,0,0,0,0,10.14,0,7.572502985020384,5.602118820879701,6.670766320845874,10.333092274830772,16.41509030143721,0,0,0,0,0,0,0,0,0,0,0,0,0,0,0,0,1,0,0,0,0,0,0,0,0,0,0,1,1,0,0,0,0,0,0,0,0,0,0,0,1,0,0,0,0,0,0,1,0,0,0,0,1,1,0,0,0,0,0,0,0,0,0,0,0,0,0,0,0,0,0,0,0,1,0,1,0,0,0,0,0,0,0,0
11637,1344,1997,77883.0,0.1155,1.49,816.5,890.63,39.7698,43.3805,74.1613,74.13,9.079,39.0,222554605.0,111444.47,3002219.72,2022,2,6,1390,0,0,0,0,20.53,1,9.362030885216615,7.20414929203594,7.599901959208498,11.262975819235512,19.22068304968467,0,0,0,0,0,0,0,0,0,0,0,0,0,0,0,0,1,0,0,0,0,0,0,0,0,0,0,1,1,0,0,0,0,0,0,0,0,0,0,0,0,0,1,0,0,0,0,0,1,0,0,0,1,1,0,0,0,0,0,0,0,0,0,0,0,0,0,1,0,0,0,0,0,0,0,0,0,0,0,1,0,0,0,0
6199,1106,4824,188136.0,0.1784,4.36,356.64,436.95,14.5163,17.7854,15.8156,80.31,22.52,39.0,86133256.0,17855.15,1072444.5,2023,4,12,854,0,0,0,0,24.57,1,8.732304571033183,7.009408932708637,8.481566013773087,12.144925699826365,18.271406154981307,0,0,0,0,0,0,0,0,0,0,0,0,0,0,0,0,1,0,0,0,0,0,0,0,0,0,0,1,1,0,0,0,0,0,0,0,0,0,0,0,0,0,0,1,0,0,0,0,1,0,1,0,0,0,0,0,0,1,0,0,0,0,0,1,0,0,0,0,0,0,0,0,0,0,0,0,0,0,0,0,0,0,1,0
14115,4975,18420,55260.0,0.3525,3.7,243.74,285.25,27.4249,32.0961,13.7608,41.51,17.0326,3.0,435414258.0,23638.12,10488227.86,2022,4,11,1256,0,0,0,1,8.89,0,9.55506418479516,8.512381634419015,9.821246597152218,10.91982269458584,19.89180845542462,0,0,0,0,0,0,0,0,0,0,0,0,0,0,0,0,1,0,0,0,0,0,0,0,0,0,0,1,0,0,0,0,0,1,0,0,0,0,0,1,0,0,0,0,0,0,0,0,0,1,0,0,1,0,0,0,0,0,1,0,0,1,0,0,0,0,0,0,0,0,0,0,0,0,0,0,0,1,0,0,0,0,0,0
10445,4294,14206,42618.0,0.4111,3.31,310.81,409.99,15.8597,20.9207,10.82,99.18,31.9106,3.0,272306613.0,19168.42,2745559.53,2022,4,11,1257,0,0,0,0,19.6,0,9.253974408996244,8.365206834418355,9.561490079872078,10.66005544221451,19.42243924673571,0,0,0,0,0,0,0,0,0,0,0,0,0,0,0,0,1,0,0,0,0,0,0,0,0,0,0,1,0,0,0,0,0,1,0,0,0,0,0,0,1,0,0,0,0,0,0,0,1,0,0,0,1,1,0,0,0,0,0,0,0,0,0,1,0,0,0,0,0,0,0,0,0,0,0,0,1,0,0,0,0,0,0,0
1750,679,2515,7545.0,0.388,3.7,798.53,901.97,50.0376,56.5195,38.3176,103.44,12.954,3.0,34486330.0,13712.26,333389.71,2023,2,6,1037,0,0,0,0,15.96,0,7.467942332285852,6.522092798170152,7.830425617820331,8.928772900524256,17.35607360059393,0,0,0,0,0,0,0,0,0,0,0,0,0,0,0,0,1,0,0,0,0,0,0,0,0,0,0,1,0,0,0,0,0,1,0,0,0,0,0,0,1,0,0,0,0,0,0,1,0,0,0,0,1,1,0,0,0,0,0,0,0,0,1,0,0,0,0,0,0,0,0,0,0,0,0,0,1,0,0,0,0,0,0,0
75527,32131,115335,346005.0,0.4254,3.59,295.01,407.51,16.531,22.835,10.2459,112.5,38.1347,3.0,838464314.0,7269.82,7452901.32,2024,4,11,529,0,0,0,0,17.85,0,11.232258727412352,10.377607697293703,11.655604886491739,12.75421139492997,20.54708258018238,0,0,0,0,0,0,0,0,0,0,0,0,0,0,0,0,1,0,0,0,0,0,0,0,0,0,0,1,0,0,0,0,0,1,0,0,0,0,0,0,1,0,0,0,0,0,0,1,0,0,1,0,0,0,1,0,0,0,0,0,0,0,0,0,1,0,0,0,0,0,0,0,0,0,0,0,0,1,0,0,0,0,0,0
4557,1686,5568,16704.0,0.37,3.3,575.99,678.78,60.9465,71.8225,39.9727,102.79,17.8452,3.0,380496582.0,68336.31,3701796.83,2022,2,6,1390,0,0,0,0,9.45,1,8.42463920980563,7.430707082545968,8.624970783589669,9.723463354790857,19.7569877549366,0,0,0,0,0,0,0,0,0,0,0,0,0,0,0,0,1,0,0,0,0,0,0,0,0,0,0,1,0,0,0,0,0,1,0,0,0,0,0,0,0,0,1,0,0,0,0,0,1,0,0,0,1,1,0,0,0,0,0,0,0,0,0,0,0,0,0,0,0,0,0,0,0,0,1,0,0,0,0,0,0,0,0,1
7592,3487,15467,46401.0,0.4593,4.44,750.09,997.16,85.9102,114.2073,30.5979,247.07,32.938,3.0,86133256.0,5568.84,348625.25,2023,4,12,854,0,0,0,0,8.73,1,8.934982049213234,8.15708378502887,9.646528652727188,10.745097840733695,18.271406154981307,0,0,0,0,0,0,0,0,0,0,0,0,0,0,0,0,1,0,0,0,0,0,0,0,0,0,0,1,0,0,0,0,0,1,0,0,0,0,0,0,0,0,0,1,0,0,0,0,1,0,1,0,0,0,0,0,0,1,0,0,0,0,0,0,0,0,0,0,0,0,0,0,0,1,0,0,1,0,0,0,0,0,0,0
31482,9571,40017,120051.0,0.304,4.18,588.65,760.27,30.4422,39.3176,26.3438,171.62,29.1549,3.0,2254867677.0,56347.74,13138623.51,2023,4,11,883,0,0,0,0,19.34,1,10.357202996593003,9.166597449028265,10.597084631876438,11.695680261235742,21.536357128800194,0,0,0,0,0,0,0,0,0,0,0,0,0,0,0,0,1,0,0,0,0,0,0,0,0,0,0,1,0,0,0,0,0,1,0,0,0,0,0,0,0,0,0,0,1,0,0,1,0,0,1,0,0,0,0,0,0,1,0,0,0,0,0,0,0,0,0,0,0,0,0,0,1,0,0,0,0,0,1,0,0,0,0,0
17200,3053,10178,396942.0,0.1775,3.33,1323.79,1568.23,60.1824,71.2952,53.404,244.44,18.4651,39.0,677275200.0,66543.05,2770736.83,2025,4,12,133,1,0,0,0,22.0,1,9.75272280064639,8.024207485778577,9.22808205345234,12.891547972534992,20.33358824901606,0,0,0,0,0,0,0,0,0,0,0,0,0,0,0,0,0,1,0,0,0,0,0,0,0,0,0,1,0,0,0,0,0,0,0,0,0,1,1,0,0,0,0,0,0,0,1,0,0,0,1,0,0,0,0,1,0,0,0,0,0,0,0,0,1,0,0,0,0,0,0,0,0,0,0,0,1,0,0,0,0,0,0,0
4961,1852,6458,19374.0,0.3733,3.49,1676.13,2039.72,78.7129,95.7875,117.2665,363.59,21.6922,3.0,369600000.0,57231.34,1016527.44,2025,2,4,353,0,0,0,1,21.29,0,8.509564164251746,7.52456122628536,8.773229786032473,9.871738854221547,19.72793190043743,1,0,0,0,0,0,0,0,0,0,0,0,0,0,0,0,0,1,0,0,0,0,0,0,0,0,0,1,0,0,0,0,0,1,0,0,0,0,0,1,0,0,0,0,0,0,0,0,0,1,0,0,1,0,0,0,0,0,1,0,0,0,0,0,0,0,1,0,0,0,0,0,0,0,0,0,0,0,0,1,0,0,0,0
1377,314,430,16770.0,0.228,1.37,3770.62,4116.02,218.6537,238.6835,161.8298,345.4,9.1605,39.0,6807904.0,15832.33,19709.74,2024,4,11,513,0,0,0,0,17.24,0,7.228388451573604,5.752572638825633,6.066108090103747,9.727406483331627,15.733594994966424,1,0,0,0,0,0,0,0,0,0,0,0,0,0,0,0,0,1,0,0,0,0,0,0,0,0,0,1,1,0,0,0,0,0,0,0,0,0,0,0,1,0,0,0,0,0,0,0,1,0,1,0,0,1,0,0,0,0,0,0,0,0,0,0,1,0,0,0,0,0,0,0,0,0,0,0,0,0,0,0,0,0,0,1
837,338,1152,3456.0,0.4038,3.41,2963.14,3395.69,305.55,319.30539999999996,148.4481,432.55,14.5975,3.0,6807904.0,5909.64,15739.19,2024,4,11,513,0,0,0,0,9.7,0,6.731018100482083,5.82600010738045,7.050122520269059,8.148156439921625,15.733594994966424,1,0,0,0,0,0,0,0,0,0,0,0,0,0,0,0,0,1,0,0,0,0,0,0,0,0,0,1,0,0,0,0,0,1,0,0,0,0,0,0,1,0,0,0,0,0,0,0,1,0,1,0,0,1,0,0,0,0,0,0,0,0,0,0,1,0,0,0,0,0,0,0,0,0,0,0,0,0,0,0,0,1,0,0
1321,324,436,17004.0,0.2453,1.35,696.05,804.37,35.3382,40.8375,28.0026,108.32,15.5619,39.0,44554400.0,102188.99,411328.45,2026,1,2,59,0,0,0,0,19.7,0,7.186901020411631,5.783825182329737,6.07993319509559,9.741262697441297,17.61222149488068,0,0,0,0,0,0,0,0,0,0,0,0,0,0,0,0,0,1,0,0,0,0,0,0,0,0,0,1,1,0,0,0,0,0,0,0,0,0,0,0,1,0,0,0,0,0,0,1,0,0,1,0,0,0,1,0,0,0,0,0,0,0,0,0,0,0,0,1,0,0,0,0,0,0,0,0,0,0,0,0,1,0,0,0
1686,307,964,37596.0,0.1821,3.14,840.69,923.17,69.4088,76.2191,50.8248,82.48,9.8118,39.0,34635588.0,35929.03,419894.73,2025,4,11,151,0,0,0,0,12.11,0,7.430707082545968,5.730099782973574,6.872128101338986,10.534679538960773,17.36039229521311,0,0,0,0,0,0,0,0,0,0,0,0,0,0,0,0,0,0,1,0,0,0,0,0,0,0,0,1,1,0,0,0,0,0,0,0,0,0,0,0,1,0,0,0,0,0,0,1,0,0,1,0,0,0,1,0,0,0,0,0,0,0,0,0,0,1,0,0,0,0,0,0,0,0,0,0,0,0,0,0,0,1,0,0
13983,1650,7421,289419.0,0.118,4.5,3975.73,4744.49,169.2652,201.9948,143.006,768.76,19.3363,39.0,358164517.0,48263.65,465899.28,2024,1,2,794,0,0,0,0,23.49,1,9.545669097895317,7.409136443920128,8.912203841620542,12.575634199291983,19.6965029862914,0,0,0,0,0,0,0,0,0,0,0,0,0,0,0,0,0,0,1,0,0,0,0,0,0,0,0,1,1,0,0,0,0,0,0,0,0,0,0,0,0,0,0,1,0,0,0,0,1,0,1,0,0,1,0,0,0,0,0,0,0,0,0,0,1,0,0,0,0,0,0,0,0,0,0,0,0,0,0,0,0,0,1,0
65108,12699,38530,1502670.0,0.195,3.03,2948.66,3792.66,132.5208,170.4526,232.6029,844.0,28.6233,39.0,716329033.0,18591.46,848729.88,2024,1,2,794,1,0,0,0,22.25,1,11.083818067489096,9.449357272446683,10.559218391085642,14.222754749231736,20.389650164059333,0,0,0,0,0,0,0,0,0,0,0,0,0,0,0,0,0,0,1,0,0,0,0,0,0,0,0,1,0,0,0,0,0,0,0,0,0,1,0,0,0,0,0,1,0,0,0,0,1,0,1,0,0,1,0,0,0,0,0,0,0,0,0,0,0,0,0,1,0,0,0,0,0,0,0,0,0,0,0,0,1,0,0,0
14259,1829,5050,196950.0,0.1283,2.76,516.92,610.87,25.7694,30.4527,19.7723,93.95,18.1739,39.0,311232721.0,61630.24,3312934.64,2024,4,12,484,1,0,0,0,20.06,0,9.565213693968287,7.512071245835466,8.527341522468053,12.190710245816982,19.556051492555778,1,0,0,0,0,0,0,0,0,0,0,0,0,0,0,0,0,0,1,0,0,0,0,0,0,0,0,1,0,0,0,0,0,0,0,0,0,1,0,0,1,0,0,0,0,0,0,1,0,0,1,0,0,0,1,0,0,0,0,0,0,0,0,0,0,0,0,0,0,0,0,0,0,1,0,0,0,0,0,0,0,0,1,0
10352,1439,3212,125268.0,0.139,2.23,1079.27,1199.77,44.7265,49.7202,39.6405,120.5,11.165,39.0,67017794.0,20864.82,556164.88,2025,1,3,401,0,0,0,0,24.13,0,9.245031611766112,7.272398392570047,8.074960359115858,11.738218704049132,18.02046873910552,1,0,0,0,0,0,0,0,0,0,0,0,0,0,0,0,0,0,1,0,0,0,0,0,0,0,0,1,1,0,0,0,0,0,0,0,0,0,0,0,1,0,0,0,0,0,0,1,0,0,1,0,0,0,1,0,0,0,0,0,0,0,0,0,0,0,0,0,0,0,0,0,0,0,1,0,0,0,0,0,1,0,0,0
7699,1998,3192,9576.0,0.2595,1.6,458.43,533.88,53.7172,62.5574,17.4011,75.45,16.457,3.0,70200000.0,21992.48,930490.57,2023,4,12,861,0,0,0,1,8.53,0,8.948975607841776,7.6004023345004,8.068716192714781,9.16711966952162,18.066858883241053,0,0,0,0,0,0,0,0,0,0,0,0,0,0,0,0,0,1,0,0,0,0,0,0,0,0,0,1,0,0,0,0,0,1,0,0,0,0,0,1,0,0,0,0,0,0,0,0,0,1,0,0,1,0,0,0,0,0,1,0,0,0,0,0,0,0,0,0,0,0,0,0,0,0,1,0,0,0,0,0,1,0,0,0
38328,15891,57404,172212.0,0.4146,3.61,172.32,240.57,8.3998,11.7265,8.508,68.25,39.6053,3.0,4366825592.0,76071.8,63983150.08,2023,3,7,1002,0,0,0,1,20.51,0,10.55396206880912,9.67357111693449,10.957886686527912,12.056487361738347,22.197302173166623,0,0,0,0,0,0,0,0,0,0,0,0,0,0,0,0,0,1,0,0,0,0,0,0,0,0,0,1,0,0,0,0,0,1,0,0,0,0,0,1,0,0,0,0,0,0,0,0,0,1,0,0,1,0,0,0,0,0,1,0,0,0,0,0,1,0,0,0,0,0,0,0,0,0,0,0,0,0,1,0,0,0,0,0
68645,28166,51700,155100.0,0.4103,1.84,198.1,283.61,14.551,20.8321,10.5554,85.51,43.1656,3.0,785010032.0,15183.95,9180230.94,2023,3,7,1002,0,0,0,1,13.61,0,11.136718142928999,10.245906358926657,10.853232402669228,11.951831796597101,20.481207056556727,0,0,0,0,0,0,0,0,0,0,0,0,0,0,0,0,0,1,0,0,0,0,0,0,0,0,0,1,0,0,0,0,0,1,0,0,0,0,0,1,0,0,0,0,0,0,0,0,0,1,0,0,1,0,0,0,0,0,1,0,0,0,0,0,0,0,1,0,0,0,0,0,0,0,0,1,0,0,0,0,0,0,0,0
1800,252,398,15522.0,0.14,1.58,81.9,87.77,3.4994,3.7505,2.7367,5.87,7.174,39.0,27581400.0,69300.0,4694461.28,2023,4,11,883,0,0,0,0,23.4,0,7.496097345175956,5.53338948872752,5.988961416889864,9.650078074026442,17.13265222671875,0,0,0,0,0,0,0,0,0,0,0,0,0,0,0,0,0,0,0,1,0,0,0,0,0,0,0,1,1,0,0,0,0,0,0,0,0,0,0,0,1,0,0,0,0,0,0,0,1,0,0,1,0,0,0,0,0,1,0,0,0,0,0,0,0,0,0,0,0,0,1,0,0,0,0,0,0,0,0,1,0,0,0,0
6911,1603,4154,162006.0,0.2319,2.59,293.95,341.23,23.4533,27.2257,20.1565,47.28,16.0847,39.0,291870000.0,70262.4,6173085.03,2024,4,12,500,0,0,0,0,12.53,1,8.841014310483892,7.38025578842646,8.332067707289548,11.995394823157545,19.491819059045902,0,0,0,0,0,0,0,0,0,0,0,0,0,0,0,0,0,0,0,1,0,0,0,0,0,0,0,1,1,0,0,0,0,0,0,0,0,0,0,0,0,0,0,1,0,0,0,1,0,0,1,0,0,1,0,0,0,0,0,0,0,0,0,0,0,0,0,0,0,0,0,0,0,1,0,0,0,0,0,0,0,1,0,0
1915,286,1093,74324.0,0.1493,3.82,229.49,250.13,11.2926,12.308,10.9609,20.64,8.9921,68.0,27581400.0,25234.58,1336546.61,2023,4,11,883,0,0,0,0,20.32,0,7.557994958530806,5.659482215759621,6.9975959829819265,11.216202647866298,17.13265222671875,0,0,0,0,0,0,0,0,0,0,0,0,0,0,0,0,0,0,0,1,0,0,0,0,0,0,0,1,0,0,0,1,0,0,0,0,0,0,0,0,1,0,0,0,0,0,0,0,1,0,0,1,0,0,0,0,0,1,0,0,0,0,0,0,0,0,0,1,0,0,0,0,0,0,0,0,1,0,0,0,0,0,0,0
3218,1123,4108,12324.0,0.349,3.66,176.19,229.26,7.6871,10.0027,7.525,53.07,30.1236,3.0,301960724.0,73505.53,5689422.97,2023,4,11,883,0,0,0,1,22.92,0,8.076826031298808,7.024649030453636,8.32093496888341,9.41938499891089,19.525807517213078,0,0,0,0,0,0,0,0,0,0,0,0,0,0,0,0,0,0,0,1,0,0,0,0,0,0,0,1,0,0,0,0,0,1,0,0,0,0,0,1,0,0,0,0,0,0,0,0,0,1,0,0,1,0,0,0,0,0,1,0,0,0,0,0,0,0,0,0,0,0,0,0,0,1,0,0,0,0,0,0,0,0,0,1
900,311,429,1287.0,0.3456,1.38,70.57,80.15,8.1035,9.2037,2.9381,9.58,13.5766,3.0,43342200.0,101030.77,4523989.93,2023,4,11,883,0,0,0,0,8.71,0,6.803505257608338,5.7430031878094825,6.063785208687608,7.160845906664299,17.58463733727769,0,0,0,0,0,0,0,0,0,0,0,0,0,0,0,0,0,0,0,1,0,0,0,0,0,0,0,1,0,0,0,0,0,1,0,0,0,0,0,0,1,0,0,0,0,0,0,0,1,0,0,1,0,0,0,0,0,1,0,0,0,0,0,0,0,0,1,0,0,0,0,0,0,0,0,0,0,0,0,1,0,0,0,0
6735,1870,5052,15156.0,0.2777,2.7,35.08,41.91,2.3767,2.8397,2.4914,6.83,19.4785,3.0,464830000.0,92009.11,68025986.25,2024,4,12,500,0,0,0,0,14.76,1,8.815221555922163,7.534228326274089,8.527737405291909,9.626217750431657,19.95718230746028,0,0,0,0,0,0,0,0,0,0,0,0,0,0,0,0,0,0,0,1,0,0,0,0,0,0,0,1,0,0,0,0,0,1,0,0,0,0,0,0,0,0,0,1,0,0,0,1,0,0,1,0,0,1,0,0,0,0,0,0,0,0,0,0,0,0,0,0,1,0,0,0,0,0,0,0,0,0,0,0,0,0,1,0
1556,251,733,28587.0,0.1613,2.92,109.62,123.26,5.23,5.8809,4.7495,13.64,12.4456,39.0,1536000.0,2095.5,112589.31,2024,4,11,511,0,0,0,0,20.96,0,7.350516171833998,5.529429087511423,6.598509028614515,10.26074232833987,14.24469284373121,1,0,0,0,0,0,0,0,0,0,0,0,0,0,0,0,0,0,0,1,0,0,0,1,0,0,0,0,1,0,0,0,0,0,0,0,0,0,0,0,1,0,0,0,0,0,0,0,1,0,1,0,0,1,0,0,0,0,0,0,0,0,1,0,0,0,0,0,0,0,0,0,0,0,0,0,0,0,1,0,0,0,0,0
1187,233,775,30225.0,0.1963,3.33,230.89,247.03,14.6751,15.7007,8.7567,16.14,6.9884,39.0,41303624.0,53295.0,2559755.79,2024,3,7,625,0,0,0,0,15.73,0,7.080026499922591,5.455321115357702,6.654152520183219,10.316457760130065,17.536460826476585,1,0,0,0,0,0,0,0,0,0,0,0,0,0,0,0,0,0,0,1,0,0,0,1,0,0,0,0,1,0,0,0,0,0,0,0,0,0,0,0,1,0,0,0,0,0,0,0,1,0,0,1,0,1,0,0,0,0,0,0,0,0,0,0,0,0,1,0,0,0,0,0,0,0,0,0,0,0,0,0,0,0,1,0
959,160,535,20865.0,0.1668,3.34,95.41,101.47,7.6067,8.0898,8.6736,6.06,6.3519,39.0,3940200.0,7364.86,650146.85,2023,4,11,883,0,0,0,0,12.54,0,6.866933284461882,5.081404364984463,6.284134161070802,9.945876319027915,15.186742295201311,1,0,0,0,0,0,0,0,0,0,0,0,0,0,0,0,0,0,0,1,0,0,0,1,0,0,0,0,1,0,0,0,0,0,0,0,0,0,0,0,1,0,0,0,0,0,0,0,1,0,0,1,0,0,0,0,0,1,0,0,0,0,0,0,0,0,0,1,0,0,0,0,0,0,0,1,0,0,0,0,0,0,0,0
11146,3311,7957,23871.0,0.2971,2.4,171.08,210.27,14.5761,17.9157,6.06,39.19,22.9113,3.0,61404880.0,7717.09,1566624.7,2023,4,11,883,0,0,0,1,11.74,0,9.318925682389624,8.10530751550515,8.981932990986873,10.080461503003487,17.93299988507181,1,0,0,0,0,0,0,0,0,0,0,0,0,0,0,0,0,0,0,1,0,0,0,1,0,0,0,0,0,0,0,0,0,1,0,0,0,0,0,1,0,0,0,0,0,0,0,0,0,1,0,0,1,0,0,0,0,0,1,0,0,0,0,0,0,0,1,0,0,0,0,0,0,0,0,0,0,0,0,0,0,0,0,1
969,351,1070,3210.0,0.3622,3.05,223.83,266.46,21.8669,26.0321,21.1354,42.63,19.0482,3.0,10183900.0,9517.66,238863.76,2024,3,8,606,0,0,0,0,10.24,0,6.877296071497429,5.863631175598097,6.976348070447749,8.074337694089515,16.13631869804094,1,0,0,0,0,0,0,0,0,0,0,0,0,0,0,0,0,0,0,1,0,0,0,1,0,0,0,0,0,0,0,0,0,1,0,0,0,0,0,0,1,0,0,0,0,0,0,0,1,0,1,0,0,1,0,0,0,0,0,0,0,0,0,0,0,0,0,1,0,0,0,0,0,0,0,0,0,0,1,0,0,0,0,0
1898,475,1324,3972.0,0.2503,2.79,50.22,55.45,2.2251,2.4565,2.9338,5.23,10.4142,3.0,13767875.0,10398.7,2632480.88,2024,3,7,625,0,0,0,0,22.57,0,7.549082710812286,6.16541785423142,7.1891677384203225,8.287276755814599,16.43784861044132,1,0,0,0,0,0,0,0,0,0,0,0,0,0,0,0,0,0,0,1,0,0,0,1,0,0,0,0,0,0,0,0,0,1,0,0,0,0,0,0,1,0,0,0,0,0,0,0,1,0,0,1,0,1,0,0,0,0,0,0,0,0,0,0,0,0,0,0,0,0,0,1,0,0,0,0,0,0,0,0,0,0,1,0
1545,788,3246,9738.0,0.51,4.12,211.88,254.81,11.9163,14.3303,20.5388,42.93,20.2588,3.0,15760800.0,4855.45,367169.92,2023,4,11,883,0,0,0,0,17.78,0,7.343426229147367,6.670766320845874,8.085486772102845,9.1838937219612,16.573036465975562,1,0,0,0,0,0,0,0,0,0,0,0,0,0,0,0,0,0,0,1,0,0,0,1,0,0,0,0,0,0,0,0,0,1,0,0,0,0,0,0,1,0,0,0,0,0,0,0,1,0,0,1,0,0,0,0,0,1,0,0,0,1,0,0,0,0,0,0,0,0,0,0,0,0,0,1,0,0,0,0,0,0,0,0
1249,343,1011,3033.0,0.2746,2.95,45.72,51.56,4.9173,5.5446,3.9612,5.84,12.7734,3.0,13831971.0,13681.47,2368488.18,2024,4,11,511,0,0,0,0,9.3,1,7.1308988302963465,5.840641657373398,6.919683849847411,8.017637159908478,16.442493282051718,1,0,0,0,0,0,0,0,0,0,0,0,0,0,0,0,0,0,0,1,0,0,0,1,0,0,0,0,0,0,0,0,0,1,0,0,0,0,0,0,0,0,0,1,0,0,0,0,1,0,0,1,0,1,0,0,0,0,0,0,0,0,0,0,0,0,0,1,0,0,0,0,0,0,0,0,0,0,0,0,0,0,1,0
537,97,257,10023.0,0.1806,2.65,290.24,319.24,20.011,22.0104,10.2835,29.0,9.9917,39.0,5333925.0,20754.57,183931.55,2024,3,8,606,0,0,0,0,14.5,0,6.2878585601617845,4.584967478670572,5.552959584921617,9.212737496575905,15.48959811036202,1,0,0,0,0,0,0,0,0,0,0,0,0,0,0,0,0,0,0,1,0,0,0,0,1,0,0,0,1,0,0,0,0,0,0,0,0,0,0,0,1,0,0,0,0,0,0,0,1,0,1,0,0,1,0,0,0,0,0,0,0,0,0,0,0,0,1,0,0,0,0,0,0,0,0,0,0,0,0,1,0,0,0,0
729,180,456,17784.0,0.2469,2.53,156.75,177.42,10.9989,12.4492,9.1682,20.67,13.1856,39.0,3940200.0,8640.79,190637.92,2023,4,11,883,0,0,0,0,14.25,0,6.593044534142437,5.198497031265826,6.124683390894205,9.786110684382555,15.186742295201311,1,0,0,0,0,0,0,0,0,0,0,0,0,0,0,0,0,0,0,1,0,0,0,0,1,0,0,0,1,0,0,0,0,0,0,0,0,0,0,0,1,0,0,0,0,0,0,0,1,0,0,1,0,0,0,0,0,1,0,0,0,1,0,0,0,0,0,0,0,0,0,0,0,0,0,0,0,0,0,0,0,0,0,1
1888,323,997,38883.0,0.1711,3.09,62.19,68.19,5.6079,6.1488,3.3624,6.0,9.6451,39.0,48362929.0,48508.45,8062889.33,2024,1,3,774,0,0,0,0,11.09,1,7.543802867501509,5.780743515792329,6.905753276311464,10.56833813394096,17.694244169137733,1,0,0,0,0,0,0,0,0,0,0,0,0,0,0,0,0,0,0,1,0,0,0,0,1,0,0,0,1,0,0,0,0,0,0,0,0,0,0,0,0,1,0,0,0,0,0,0,1,0,1,0,0,1,0,0,0,0,0,0,0,0,0,0,0,0,0,1,0,0,0,0,0,0,0,0,0,1,0,0,0,0,0,0
1062,353,1360,92480.0,0.3324,3.85,115.87,132.69,7.5221,8.6143,8.0987,16.82,14.5204,68.0,7880400.0,5794.41,468390.91,2023,4,11,883,0,0,0,0,15.4,0,6.968850378341948,5.869296913133774,7.215975002651466,11.434758496996531,15.879889348864168,1,0,0,0,0,0,0,0,0,0,0,0,0,0,0,0,0,0,0,1,0,0,0,0,1,0,0,0,0,0,0,1,0,0,0,0,0,0,0,0,1,0,0,0,0,0,0,0,1,0,0,1,0,0,0,0,0,1,0,0,0,0,0,0,0,0,0,1,0,0,0,0,0,0,0,0,0,0,0,1,0,0,0,0
937,300,893,2679.0,0.3202,2.98,135.76,155.25,9.9487,11.3774,6.1871,19.49,14.3609,3.0,32191994.0,36049.27,1651224.43,2023,4,11,883,0,0,0,1,13.65,0,6.843749949006225,5.707110264748875,6.795705775173514,7.893572073504902,17.287228377123444,1,0,0,0,0,0,0,0,0,0,0,0,0,0,0,0,0,0,0,1,0,0,0,0,1,0,0,0,0,0,0,0,0,1,0,0,0,0,0,1,0,0,0,0,0,0,0,0,0,1,0,0,1,0,0,0,0,0,1,0,0,0,0,0,0,0,0,0,0,0,1,0,0,0,0,0,0,0,0,0,0,0,0,1
1806,863,2919,8757.0,0.4779,3.38,232.29,279.24,16.8197,20.2194,10.6088,46.95,20.2122,3.0,41303624.0,14149.92,879713.96,2024,3,7,625,0,0,0,0,13.81,0,7.499423290592229,6.761572768804055,7.979338895262328,9.077722847361343,17.536460826476585,1,0,0,0,0,0,0,0,0,0,0,0,0,0,0,0,0,0,0,1,0,0,0,0,1,0,0,0,0,0,0,0,0,1,0,0,0,0,0,0,1,0,0,0,0,0,0,0,1,0,0,1,0,1,0,0,0,0,0,0,0,1,0,0,0,0,0,0,0,0,0,0,0,0,0,1,0,0,0,0,0,0,0,0
526,215,781,2343.0,0.4087,3.63,228.16,268.37,11.0953,13.0509,13.0795,40.21,17.6249,3.0,18589825.0,23802.59,462286.42,2024,3,8,606,0,0,0,0,20.56,0,6.267200548541362,5.375278407684165,6.661854740545311,7.759614150696903,16.738124999782926,1,0,0,0,0,0,0,0,0,0,0,0,0,0,0,0,0,0,0,1,0,0,0,0,1,0,0,0,0,0,0,0,0,1,0,0,0,0,0,0,1,0,0,0,0,0,0,0,1,0,1,0,0,1,0,0,0,0,0,0,0,0,0,0,0,0,0,0,1,0,0,0,0,0,0,0,0,0,1,0,0,0,0,0
725,337,982,2946.0,0.4648,2.91,191.34,233.32,16.2218,19.7807,11.4847,41.98,21.9396,3.0,7880400.0,8024.85,187718.31,2023,4,11,883,0,0,0,0,11.8,0,6.587550014824796,5.823045895483019,6.890609120147166,7.988542982737695,15.879889348864168,1,0,0,0,0,0,0,0,0,0,0,0,0,0,0,0,0,0,0,1,0,0,0,0,1,0,0,0,0,0,0,0,0,1,0,0,0,0,0,0,1,0,0,0,0,0,0,0,1,0,0,1,0,0,0,0,0,1,0,0,0,0,0,0,0,0,1,0,0,0,0,0,0,0,0,0,0,0,0,0,1,0,0,0
6893,1852,4830,14490.0,0.2687,2.61,49.66,56.69,2.6259,2.9977,1.7928,7.03,14.1595,3.0,77918052.0,16132.1,11081016.48,2024,1,3,774,0,0,0,0,18.91,1,8.83840674707681,7.52456122628536,8.482808764554406,9.581283046045924,18.171168229820044,1,0,0,0,0,0,0,0,0,0,0,0,0,0,0,0,0,0,0,1,0,0,0,0,1,0,0,0,0,0,0,0,0,1,0,0,0,0,0,0,0,1,0,0,0,0,0,0,1,0,1,0,0,1,0,0,0,0,0,0,0,0,0,0,0,0,1,0,0,0,0,0,0,0,0,0,0,0,0,0,0,0,1,0
783,82,335,13065.0,0.1047,4.09,62.44,68.81,3.5274,3.8873,3.5345,6.37,10.2022,39.0,6946200.0,20734.93,1090424.85,2025,2,4,381,0,0,0,0,17.7,0,6.664409020350408,4.418840607796598,5.817111159963204,9.477768715400696,15.753705449385471,1,0,0,0,0,0,0,0,0,0,0,0,0,0,0,0,0,0,0,1,0,0,0,0,0,0,0,1,1,0,0,0,0,0,0,0,0,0,0,0,1,0,0,0,0,0,0,1,0,0,1,0,0,0,1,0,0,0,0,0,0,0,0,1,0,0,0,0,0,0,0,0,0,0,0,0,0,0,0,0,0,1,0,0
1378,399,1028,3084.0,0.2896,2.58,46.25,53.75,2.6194,3.0439,2.3277,7.5,16.2063,3.0,9261600.0,9009.34,1235580.76,2025,2,4,381,0,0,0,0,17.66,0,7.229113877793302,5.991464547107982,6.9363427358340495,8.034306936339489,16.041387485846354,1,0,0,0,0,0,0,0,0,0,0,0,0,0,0,0,0,0,0,1,0,0,0,0,0,0,0,1,0,0,0,0,0,1,0,0,0,0,0,0,1,0,0,0,0,0,0,1,0,0,1,0,0,0,1,0,0,0,0,0,0,1,0,0,0,0,0,0,0,0,0,0,0,0,0,0,0,0,0,0,0,0,0,1
1459,665,1811,5433.0,0.4558,2.72,181.61,212.64,9.4239,11.0343,11.5924,31.03,17.0886,3.0,15323400.0,8461.29,493756.21,2025,1,3,387,0,0,0,1,19.27,0,7.286191714702382,6.501289670540389,7.502186486602924,8.600430789986293,16.544891695027978,1,0,0,0,0,0,0,0,0,0,0,0,0,0,0,0,0,0,0,1,0,0,0,1,0,0,0,0,0,0,0,0,0,1,0,0,0,0,0,1,0,0,0,0,0,0,0,0,0,1,0,0,1,0,0,0,0,0,1,0,0,0,0,0,0,0,0,0,0,0,0,0,0,1,0,0,1,0,0,0,0,0,0,0
7600,1699,7591,296049.0,0.2236,4.47,1077.14,1276.01,62.1815,73.6618,41.8544,198.87,18.4626,39.0,344781606.0,45419.79,1733723.04,2024,1,1,816,0,0,0,0,17.32,0,8.936035096566041,7.438383530044307,8.934850340289763,12.598283637959922,19.658421751363456,0,0,0,0,0,0,0,0,1,0,0,0,0,0,0,0,0,0,0,0,0,0,0,0,0,0,0,1,1,0,0,0,0,0,0,0,0,0,0,0,1,0,0,0,0,0,0,0,1,0,1,0,0,0,0,0,0,0,0,0,1,0,0,0,0,0,1,0,0,0,0,0,0,0,0,1,0,0,0,0,0,0,0,0
952,197,236,9204.0,0.2069,1.2,633.8,700.64,27.6198,30.5326,35.3113,66.84,10.5461,39.0,750000.0,3177.97,11220.64,2024,1,3,763,0,0,0,0,22.95,0,6.859614903654202,5.288267030694535,5.4680601411351315,9.127502093667179,13.527829818844937,0,0,0,0,0,0,0,0,1,0,0,0,0,0,0,0,0,0,0,0,0,0,0,0,0,0,0,1,1,0,0,0,0,0,0,0,0,0,0,0,1,0,0,0,0,0,0,0,1,0,1,0,0,1,0,0,0,0,0,0,0,0,1,0,0,0,0,0,0,0,0,0,0,0,0,0,0,1,0,0,0,0,0,0
13259,1129,2045,79755.0,0.0851,1.81,360.85,399.09,18.5194,20.4818,17.8001,38.24,10.5964,39.0,95046575.0,46477.54,2485729.04,2025,1,2,420,0,0,0,0,19.48,0,9.492507263739853,7.029972911706386,7.6236419465115715,11.28672725292679,18.36987760310415,0,0,0,0,0,0,0,0,1,0,0,0,0,0,0,0,0,0,0,0,0,0,0,0,0,0,0,1,1,0,0,0,0,0,0,0,0,0,0,0,1,0,0,0,0,0,0,1,0,0,1,0,0,0,1,0,0,0,0,0,0,0,0,1,0,0,0,0,0,0,0,0,0,0,0,0,0,0,0,0,1,0,0,0
9996,5099,12579,37737.0,0.5101,2.47,758.04,962.85,43.8216,55.6613,50.311,204.81,27.018,3.0,290003220.0,23054.55,1415975.64,2024,1,1,816,0,0,0,0,17.3,0,9.210040326967182,8.536995818712418,9.439863530254431,10.53842282334766,19.485402587779664,0,0,0,0,0,0,0,0,1,0,0,0,0,0,0,0,0,0,0,0,0,0,0,0,0,0,0,1,0,0,0,0,0,1,0,0,0,0,0,0,1,0,0,0,0,0,0,0,1,0,1,0,0,0,0,0,0,0,0,0,1,1,0,0,0,0,0,0,0,0,0,0,0,0,0,0,1,0,0,0,0,0,0,0
11007,3921,16772,50316.0,0.3562,4.28,1011.75,1182.34,45.7683,53.485,34.0048,170.59,16.8604,3.0,122059521.0,7277.58,715533.04,2025,1,2,420,0,0,0,0,22.11,0,9.306377560173125,8.274357006756292,9.727525729694754,10.8260982711551,18.620019368966123,0,0,0,0,0,0,0,0,1,0,0,0,0,0,0,0,0,0,0,0,0,0,0,0,0,0,0,1,0,0,0,0,0,1,0,0,0,0,0,0,1,0,0,0,0,0,0,1,0,0,1,0,0,0,1,0,0,0,0,0,0,0,0,0,0,0,0,0,0,0,0,0,0,1,0,0,0,1,0,0,0,0,0,0
14946,5517,7895,23685.0,0.3691,1.43,941.71,1136.08,51.447,62.0656,59.4894,194.37,20.6399,3.0,75284000.0,9535.66,387327.02,2025,1,2,420,0,0,0,0,18.3,0,9.612265889785814,8.615770754777232,8.974111581113318,10.07263943528144,18.136778200075625,1,0,0,0,0,0,0,0,1,0,0,0,0,0,0,0,0,0,0,0,0,0,0,0,0,0,0,1,0,0,0,0,0,1,0,0,0,0,0,0,1,0,0,0,0,0,0,1,0,0,1,0,0,0,1,0,0,0,0,0,0,0,0,0,0,0,0,0,0,0,0,0,0,1,0,0,0,0,0,0,0,1,0,0
9683,947,1166,45474.0,0.0978,1.23,1081.45,1287.03,83.5132,99.3891,42.5519,205.58,19.01,39.0,53795000.0,46136.36,261669.05,2023,2,5,1081,0,0,0,0,12.95,0,9.178230318057949,6.854354502255021,7.062191632286556,10.724918003386323,17.800691102599234,0,0,0,0,0,0,0,0,0,0,0,0,0,0,0,0,0,0,0,0,1,0,0,0,0,0,0,1,1,0,0,0,0,0,0,0,0,0,0,0,1,0,0,0,0,0,0,0,1,0,1,0,0,1,0,0,0,0,0,0,0,0,0,0,1,0,0,0,0,0,0,0,0,0,0,0,0,0,0,1,0,0,0,0
1046,214,294,11466.0,0.2046,1.37,477.9,522.52,41.4823,45.3556,25.763,44.62,9.337,39.0,7880400.0,26804.08,176604.04,2023,4,11,883,0,0,0,0,11.52,0,6.953684210870537,5.3706380281276624,5.68697535633982,9.347228624038305,15.879889348864168,0,0,0,0,0,0,0,0,0,0,0,0,0,0,0,0,0,0,0,0,1,0,0,0,0,0,0,1,1,0,0,0,0,0,0,0,0,0,0,0,1,0,0,0,0,0,0,0,1,0,0,1,0,0,0,0,0,1,0,0,0,0,0,0,0,0,0,0,0,0,0,0,0,0,1,0,0,0,0,0,0,0,1,0
1715,190,283,11037.0,0.1108,1.49,393.95,434.46,37.2021,41.0268,27.8918,40.51,10.2811,39.0,10747317.0,37976.39,265347.7,2024,1,3,774,0,0,0,0,10.59,1,7.447751280047908,5.25227342804663,5.648974238161206,9.309099143999447,16.19016679303845,0,0,0,0,0,0,0,0,0,0,0,0,0,0,0,0,0,0,0,0,1,0,0,0,0,0,0,1,1,0,0,0,0,0,0,0,0,0,0,0,0,1,0,0,0,0,0,0,1,0,1,0,0,1,0,0,0,0,0,0,0,0,0,0,0,0,0,0,0,0,1,0,0,0,0,0,0,0,1,0,0,0,0,0
1572,392,519,35292.0,0.2494,1.32,1079.82,1215.51,46.3625,52.1885,41.5404,135.69,12.5662,68.0,7880400.0,15183.82,58075.51,2023,4,11,883,0,0,0,0,23.29,0,7.360739903058278,5.973809611869261,6.253828811575473,10.471439922974001,15.879889348864168,0,0,0,0,0,0,0,0,0,0,0,0,0,0,0,0,0,0,0,0,1,0,0,0,0,0,0,1,0,0,0,1,0,0,0,0,0,0,0,0,1,0,0,0,0,0,0,0,1,0,0,1,0,0,0,0,0,1,0,0,0,0,0,0,0,0,0,0,1,0,0,0,0,0,0,0,0,1,0,0,0,0,0,0
516,259,720,2160.0,0.5019,2.78,857.56,1057.41,42.7236,52.6799,51.4367,199.85,23.304,3.0,4883634.0,6782.82,24436.97,2023,4,11,872,0,0,0,1,20.07,0,6.248042874508429,5.560681631015528,6.580639137284949,7.6783263565068856,15.401400377595287,0,0,0,0,0,0,0,0,0,0,0,0,0,0,0,0,0,0,0,0,1,0,0,0,0,0,0,1,0,0,0,0,0,1,0,0,0,0,0,1,0,0,0,0,0,0,0,0,0,1,0,0,1,0,0,0,0,0,1,0,0,0,0,0,0,1,0,0,0,0,0,0,0,0,0,0,0,0,0,0,1,0,0,0
1695,469,1461,4383.0,0.2767,3.12,510.93,581.15,21.3461,24.2798,18.7127,70.22,13.7434,3.0,37100000.0,25393.57,528347.54,2023,2,5,1081,0,0,0,0,23.94,0,7.4360278163518485,6.152732694704104,7.2875606403097235,8.385716828627851,17.429127554531842,0,0,0,0,0,0,0,0,0,0,0,0,0,0,0,0,0,0,0,0,1,0,0,0,0,0,0,1,0,0,0,0,0,1,0,0,0,0,0,0,1,0,0,0,0,0,0,0,1,0,1,0,0,1,0,0,0,0,0,0,0,0,0,0,0,0,1,0,0,0,0,0,0,0,0,0,0,0,0,0,0,0,0,1
11435,1771,3713,144807.0,0.1549,2.1,942.35,1039.26,51.6187,56.9273,33.2925,96.91,10.2844,39.0,246715000.0,66446.27,2545677.34,2023,2,5,1081,1,0,0,0,18.26,0,9.344521553442203,7.4798641311650265,8.219864741912652,11.883164006026389,19.323744386298685,0,0,0,0,0,0,0,0,0,0,0,0,0,0,0,0,0,0,0,0,1,0,0,0,0,0,0,1,0,0,0,0,0,0,0,0,0,1,0,0,1,0,0,0,0,0,0,0,1,0,1,0,0,1,0,0,0,0,0,0,0,0,0,0,0,0,0,0,0,0,0,1,0,0,0,0,0,0,0,0,0,0,0,1
4205,473,1189,46371.0,0.1125,2.51,248.23,291.99,15.4683,18.1947,9.1274,43.76,17.6257,39.0,173567844.0,145978.0,3967012.1,2024,4,11,515,1,0,0,1,16.05,0,8.344267356262645,6.161207321695077,7.081708586105575,10.744451107790292,18.97207911837994,0,0,0,0,0,0,0,0,0,0,0,0,0,0,0,0,0,1,0,0,0,0,0,0,0,0,0,1,0,0,0,0,0,0,0,0,0,1,0,1,0,0,0,0,0,0,0,0,0,1,0,0,1,0,0,0,0,0,1,0,0,1,0,0,0,0,0,0,0,0,0,0,0,0,0,0,0,0,0,0,1,0,0,0
976,134,201,7839.0,0.1373,1.5,814.98,859.94,90.4007,95.3884,76.1651,44.96,5.5174,39.0,9067680.0,45112.84,201657.46,2025,1,3,400,0,0,0,0,9.02,0,6.884486652042782,4.90527477843843,5.308267697401205,8.966994113344454,16.020227111340574,0,0,0,0,0,0,0,0,0,0,0,0,0,0,0,0,0,1,0,0,0,0,0,0,0,0,0,1,1,0,0,0,0,0,0,0,0,0,0,0,1,0,0,0,0,0,0,1,0,0,1,0,0,0,1,0,0,0,0,0,0,1,0,0,0,0,0,0,0,0,0,0,0,0,0,0,0,0,0,0,0,0,0,1
3069,492,1136,44304.0,0.1603,2.31,887.88,1031.7,45.725,53.1315,34.4843,143.82,16.1981,39.0,179842320.0,158311.9,1250468.61,2025,1,3,400,0,0,0,0,19.42,0,8.029432840581244,6.20050917404269,7.036148493750536,10.698852816481402,19.00759103050269,1,0,0,0,0,0,0,0,0,0,0,0,0,0,0,0,0,1,0,0,0,0,0,0,0,0,0,1,1,0,0,0,0,0,0,0,0,0,0,0,1,0,0,0,0,0,0,1,0,0,1,0,0,0,1,0,0,0,0,0,0,0,0,1,0,0,0,0,0,0,0,0,0,0,0,0,0,1,0,0,0,0,0,0
1896,266,777,30303.0,0.1403,2.92,575.26,644.48,32.1418,36.0095,31.5612,69.22,12.0331,39.0,15308865.0,19702.53,221157.37,2024,4,12,477,0,0,0,0,17.9,0,7.5480289699350145,5.58724865840025,6.656726524178391,10.319034995985804,16.543942695654813,0,0,0,0,0,0,0,0,0,0,0,0,0,0,0,0,0,0,0,0,0,1,0,0,0,0,0,1,1,0,0,0,0,0,0,0,0,0,0,0,1,0,0,0,0,0,0,1,0,0,1,0,0,0,0,0,0,0,0,1,0,0,0,1,0,0,0,0,0,0,0,0,0,0,0,1,0,0,0,0,0,0,0,0
12757,2427,8777,342303.0,0.1902,3.62,738.7,836.68,29.7459,33.6916,26.8866,97.98,13.2647,39.0,66000000.0,7519.65,673566.88,2024,2,4,742,0,0,0,0,24.83,0,9.4539138048019,7.794823152179389,9.080003870248179,12.743454510105858,18.005165315142214,0,0,0,0,0,0,0,0,0,0,0,0,0,0,0,0,0,0,0,0,0,1,0,0,0,0,0,1,1,0,0,0,0,0,0,0,0,0,0,0,1,0,0,0,0,0,0,0,1,0,1,0,0,1,0,0,0,0,0,0,0,0,0,0,0,0,0,1,0,0,0,0,0,0,0,0,0,0,0,0,0,0,0,1
3060,494,598,23322.0,0.1614,1.21,724.16,835.69,60.018,69.262,31.8185,111.53,15.4021,39.0,193256784.0,323171.88,1732688.74,2026,1,3,24,0,0,0,0,12.07,1,8.026496938945412,6.20455776256869,6.395261598115449,10.057195277130344,19.079530354776654,0,0,0,0,0,0,0,0,0,0,0,0,0,0,0,0,0,0,0,0,0,1,0,0,0,0,0,1,1,0,0,0,0,0,0,0,0,0,0,0,0,0,1,0,0,0,0,1,0,0,1,0,0,0,1,0,0,0,0,0,0,0,0,0,0,0,0,0,0,0,0,1,0,0,0,0,0,0,0,1,0,0,0,0
4327,775,2125,82875.0,0.1791,2.74,1048.05,1264.44,61.5683,74.2802,39.2927,216.39,20.647,39.0,200625000.0,94411.76,927144.44,2025,1,3,406,0,0,0,0,17.02,1,8.372860820526318,6.654152520183219,7.661997558901893,11.325100793780374,19.116948056832978,0,0,0,0,0,0,0,0,0,0,0,0,0,0,0,0,0,0,0,0,0,1,0,0,0,0,0,1,1,0,0,0,0,0,0,0,0,0,0,0,0,0,0,1,0,0,0,0,1,0,1,0,0,0,1,0,0,0,0,0,0,1,0,0,0,0,0,0,0,0,0,0,0,0,0,0,0,0,0,0,0,1,0,0
5420,2553,5565,16695.0,0.471,2.18,1039.96,1382.4,54.5447,72.5052,52.0278,342.44,32.9281,3.0,131891760.0,23700.23,385152.3,2024,4,12,477,0,0,0,0,19.07,0,8.598035579260339,7.845416036592485,8.624431942085836,9.722924448757036,18.69749215174872,0,0,0,0,0,0,0,0,0,0,0,0,0,0,0,0,0,0,0,0,0,1,0,0,0,0,0,1,0,0,0,0,0,1,0,0,0,0,0,0,1,0,0,0,0,0,0,1,0,0,1,0,0,0,0,0,0,0,0,1,0,0,0,0,0,0,0,0,0,0,0,0,1,0,0,0,0,0,1,0,0,0,0,0
2301,960,3853,11559.0,0.4172,4.01,1032.68,1321.42,54.4719,69.7022,49.8867,288.74,27.9599,3.0,255600000.0,66337.92,885235.71,2024,2,4,742,0,0,0,0,18.96,0,7.741533589281828,6.8679744089702925,8.256866848974312,9.355306142226368,19.359124284380016,0,0,0,0,0,0,0,0,0,0,0,0,0,0,0,0,0,0,0,0,0,1,0,0,0,0,0,1,0,0,0,0,0,1,0,0,0,0,0,0,1,0,0,0,0,0,0,0,1,0,1,0,0,1,0,0,0,0,0,0,0,0,0,0,0,0,0,0,1,0,0,0,0,0,0,0,0,1,0,0,0,0,0,0
14468,6162,21944,65832.0,0.4259,3.56,211.03,257.89,12.0301,14.7011,16.3746,46.86,22.2029,3.0,193256784.0,8806.82,4124558.75,2026,1,3,24,0,0,0,0,17.54,1,9.579763708737081,8.726318950962243,9.996294602122335,11.094876511351247,19.079530354776654,0,0,0,0,0,0,0,0,0,0,0,0,0,0,0,0,0,0,0,0,0,1,0,0,0,0,0,1,0,0,0,0,0,1,0,0,0,0,0,0,0,0,1,0,0,0,0,1,0,0,1,0,0,0,1,0,0,0,0,0,0,0,0,0,0,0,0,1,0,0,0,0,0,0,0,0,1,0,0,0,0,0,0,0
2606,1092,3433,10299.0,0.419,3.14,949.55,1216.2,44.7735,57.3469,36.9764,266.65,28.0823,3.0,80250000.0,23376.06,300951.56,2025,1,3,406,0,0,0,0,21.21,1,7.865955413933502,6.996681488176539,8.141481041457421,9.239899174217728,18.20065733243546,0,0,0,0,0,0,0,0,0,0,0,0,0,0,0,0,0,0,0,0,0,1,0,0,0,0,0,1,0,0,0,0,0,1,0,0,0,0,0,0,0,0,0,1,0,0,0,0,1,0,1,0,0,0,1,0,0,0,0,0,0,0,0,0,0,0,0,1,0,0,0,0,0,0,0,0,0,0,0,0,1,0,0,0
1622,234,494,19266.0,0.1443,2.11,958.68,1030.98,83.4744,89.7701,52.1366,72.3,7.5421,39.0,13767875.0,27870.19,190414.99,2024,3,7,625,0,0,0,0,11.48,0,7.392031567514591,5.459585514144159,6.20455776256869,9.86614906688076,16.43784861044132,0,0,0,0,0,0,0,0,0,0,0,0,0,0,0,0,0,0,0,0,0,1,0,0,0,0,1,0,1,0,0,0,0,0,0,0,0,0,0,0,1,0,0,0,0,0,0,0,1,0,0,1,0,1,0,0,0,0,0,0,0,1,0,0,0,0,0,0,0,0,0,0,0,0,0,0,0,1,0,0,0,0,0,0
1199,164,689,26871.0,0.1368,4.2,878.38,969.72,43.194,47.6855,43.9154,91.34,10.3984,39.0,3632975.0,5272.82,39775.21,2023,2,5,1081,0,0,0,0,20.34,0,7.090076835776092,5.10594547390058,6.536691597591305,10.198840131292128,15.105562705070867,0,0,0,0,0,0,0,0,0,0,0,0,0,0,0,0,0,0,0,0,0,1,0,0,0,0,1,0,1,0,0,0,0,0,0,0,0,0,0,0,1,0,0,0,0,0,0,0,1,0,1,0,0,1,0,0,0,0,0,0,0,0,0,0,0,0,1,0,0,0,0,0,0,0,0,1,0,0,0,0,0,0,0,0
7088,1651,2226,86814.0,0.2329,1.35,956.26,1201.13,51.591,64.8018,37.2059,244.87,25.6067,39.0,284760000.0,127924.53,1162910.87,2024,2,4,737,0,0,0,0,18.54,1,8.866299565855018,7.409741954080923,7.708410667257367,11.371534696778237,19.467157281711675,0,0,0,0,0,0,0,0,0,0,0,0,0,0,0,0,0,0,0,0,0,1,0,0,0,0,1,0,1,0,0,0,0,0,0,0,0,0,0,0,0,0,1,0,0,0,0,0,1,0,1,0,0,1,0,0,0,0,0,0,0,0,0,0,0,0,0,0,0,0,0,0,0,0,1,0,0,0,0,1,0,0,0,0
73483,13468,21026,820014.0,0.1833,1.56,1041.97,1351.93,44.8482,58.1894,47.4121,309.96,29.7475,39.0,762375000.0,36258.68,2459594.14,2025,1,3,406,0,0,0,0,23.23,1,11.204822974428827,9.508146027598816,9.953562605168434,13.617077911756054,20.451949119892586,0,0,0,0,0,0,0,0,0,0,0,0,0,0,0,0,0,0,0,0,0,1,0,0,0,0,1,0,1,0,0,0,0,0,0,0,0,0,0,0,0,0,0,1,0,0,0,0,1,0,1,0,0,0,1,0,0,0,0,0,0,0,0,0,0,0,0,0,0,0,0,1,0,0,0,0,0,0,0,0,1,0,0,0
690,223,555,1665.0,0.3232,2.49,670.32,787.1,29.9219,35.1349,47.8049,116.78,17.4222,3.0,9410421.0,16955.71,80579.58,2023,4,11,872,0,0,0,1,22.4,0,6.53813982376767,5.4116460518550396,6.320768294250582,7.418180822726788,16.057328356464623,0,0,0,0,0,0,0,0,0,0,0,0,0,0,0,0,0,0,0,0,0,1,0,0,0,0,1,0,0,0,0,0,0,1,0,0,0,0,0,1,0,0,0,0,0,0,0,0,0,1,0,0,1,0,0,0,0,0,1,0,0,0,0,0,0,0,0,1,0,0,0,0,0,0,0,0,0,0,0,0,0,0,0,1
752,300,483,1449.0,0.3989,1.61,702.05,794.16,52.5585,59.4545,32.1973,92.11,13.1206,3.0,13767875.0,28504.92,149467.32,2024,3,7,625,0,0,0,0,13.36,0,6.6240652277998935,5.707110264748875,6.182084906716632,7.27931883541462,16.43784861044132,0,0,0,0,0,0,0,0,0,0,0,0,0,0,0,0,0,0,0,0,0,1,0,0,0,0,1,0,0,0,0,0,0,1,0,0,0,0,0,0,1,0,0,0,0,0,0,0,1,0,0,1,0,1,0,0,0,0,0,0,0,0,0,0,0,0,1,0,0,0,0,0,0,0,0,0,0,1,0,0,0,0,0,0
1480,516,2247,6741.0,0.3486,4.35,324.71,380.33,25.576,29.9564,17.888,55.62,17.1269,3.0,3555950.0,1582.53,63940.32,2024,3,8,606,0,0,0,0,12.7,0,7.300472814267799,6.248042874508429,7.717796211013582,8.816111895794005,15.084133095993435,0,0,0,0,0,0,0,0,0,0,0,0,0,0,0,0,0,0,0,0,0,1,0,0,0,0,1,0,0,0,0,0,0,1,0,0,0,0,0,0,1,0,0,0,0,0,0,0,1,0,1,0,0,1,0,0,0,0,0,0,0,0,0,0,0,0,0,0,0,0,0,0,1,0,0,0,0,0,0,0,0,1,0,0
4975,2637,10108,30324.0,0.5301,3.83,585.38,785.56,23.7108,31.8195,30.1888,200.18,34.1981,3.0,261030000.0,25824.1,1303926.83,2024,2,4,737,0,0,0,0,24.69,1,8.512381634419015,7.87777633327726,9.221181395154058,10.31972773381225,19.380145905041296,0,0,0,0,0,0,0,0,0,0,0,0,0,0,0,0,0,0,0,0,0,1,0,0,0,0,1,0,0,0,0,0,0,1,0,0,0,0,0,0,0,0,1,0,0,0,0,0,1,0,1,0,0,1,0,0,0,0,0,0,0,0,0,0,0,0,0,0,1,0,0,0,0,0,0,0,0,0,0,0,1,0,0,0
21102,5323,10936,32808.0,0.2523,2.05,843.37,1004.53,49.7164,59.2172,79.8171,161.16,19.1099,3.0,842625000.0,77050.57,5228297.98,2025,1,3,406,0,0,0,0,16.96,1,9.957170489452313,8.579980179515003,9.299906815335225,10.398458146978019,20.552032578324646,0,0,0,0,0,0,0,0,0,0,0,0,0,0,0,0,0,0,0,0,0,1,0,0,0,0,1,0,0,0,0,0,0,1,0,0,0,0,0,0,0,0,0,1,0,0,0,0,1,0,1,0,0,0,1,0,0,0,0,0,0,1,0,0,0,0,0,0,0,0,0,0,0,0,0,0,0,0,0,0,0,0,1,0
65336,7288,22900,893100.0,0.1115,3.14,980.4,1273.49,41.881,54.4013,69.0394,293.09,29.8948,39.0,2417443058.0,105565.2,8248164.74,2025,1,3,396,1,0,0,1,23.41,0,11.087313770418719,8.894121641382213,10.038935856711177,13.702454955366793,21.605976231343185,0,0,0,0,0,0,0,0,0,0,0,0,0,0,0,0,0,1,0,0,0,0,0,0,0,0,0,1,0,0,0,0,0,0,0,0,0,1,0,1,0,0,0,0,0,0,0,0,0,1,0,0,1,0,0,0,0,0,1,0,0,0,0,0,0,1,0,0,0,0,0,0,0,0,0,0,0,0,0,1,0,0,0,0
5327,757,3362,131118.0,0.1421,4.44,417.21,471.26,38.6807,43.6921,26.7086,54.05,12.9558,39.0,261589621.0,77807.74,4839530.31,2024,3,7,625,0,0,0,0,10.79,0,8.580731212220226,6.630683385642372,8.12058871174027,11.783860586787043,19.38228750550657,0,0,0,0,0,0,0,0,0,0,0,0,0,0,0,0,0,0,0,0,0,0,1,0,0,0,0,1,1,0,0,0,0,0,0,0,0,0,0,0,1,0,0,0,0,0,0,0,1,0,0,1,0,1,0,0,0,0,0,0,0,0,0,0,1,0,0,0,0,0,0,0,0,0,0,0,0,0,1,0,0,0,0,0
1846,300,1235,48165.0,0.1625,4.12,337.82,374.38,17.8479,19.7792,13.9256,36.56,10.8214,39.0,12445825.0,10077.59,340448.87,2024,3,8,606,0,0,0,0,18.93,0,7.52131798019924,5.707110264748875,7.119635638017636,10.782408656940278,16.336895863618267,0,0,0,0,0,0,0,0,0,0,0,0,0,0,0,0,0,0,0,0,0,0,1,0,0,0,0,1,1,0,0,0,0,0,0,0,0,0,0,0,1,0,0,0,0,0,0,0,1,0,1,0,0,1,0,0,0,0,0,0,0,0,0,0,0,0,1,0,0,0,0,0,0,0,0,0,0,0,0,0,1,0,0,0
10319,2318,7377,287703.0,0.2246,3.18,863.04,1063.11,39.648,48.8391,84.3651,200.07,23.1819,39.0,141847200.0,19228.3,708988.72,2023,4,11,883,0,0,0,0,21.77,0,9.241839039035554,7.7488913372555315,8.906257878156621,12.569687452814556,18.77026098691307,0,0,0,0,0,0,0,0,0,0,0,0,0,0,0,0,0,0,0,0,0,0,1,0,0,0,0,1,1,0,0,0,0,0,0,0,0,0,0,0,1,0,0,0,0,0,0,0,1,0,0,1,0,0,0,0,0,1,0,0,0,0,0,0,0,0,0,0,0,0,0,0,0,0,1,1,0,0,0,0,0,0,0,0
517,49,204,7956.0,0.0948,4.16,201.88,219.34,8.3748,9.099,11.1072,17.46,8.6475,39.0,16120976.0,79024.39,923440.07,2024,1,3,774,0,0,0,0,24.11,1,6.249975242259483,3.912023005428146,5.3230099791384085,8.981807323377534,16.595631901146614,0,0,0,0,0,0,0,0,0,0,0,0,0,0,0,0,0,0,0,0,0,0,1,0,0,0,0,1,1,0,0,0,0,0,0,0,0,0,0,0,0,1,0,0,0,0,0,0,1,0,1,0,0,1,0,0,0,0,0,0,0,0,0,0,0,1,0,0,0,0,0,0,0,0,0,0,0,1,0,0,0,0,0,0
3816,828,3696,144144.0,0.217,4.46,378.37,427.99,27.5485,31.161,13.2853,49.62,13.1132,39.0,82991826.0,22454.5,1672656.25,2024,4,11,511,0,0,0,0,13.73,1,8.247220052745229,6.720220155135295,8.215276958936633,11.878575016374095,18.23425269103288,0,0,0,0,0,0,0,0,0,0,0,0,0,0,0,0,0,0,0,0,0,0,1,0,0,0,0,1,1,0,0,0,0,0,0,0,0,0,0,0,0,0,0,1,0,0,0,0,1,0,0,1,0,1,0,0,0,0,0,0,0,0,1,0,0,0,0,0,0,0,0,0,0,0,0,0,0,0,0,0,0,0,0,1
7854,1043,3810,259080.0,0.1328,3.65,229.07,268.57,11.2706,13.2141,18.7186,39.5,17.2442,68.0,102445200.0,26888.5,2593443.57,2023,4,11,883,0,0,0,0,20.32,0,8.96890555068972,6.950814768442584,8.24564690087386,12.464896033101045,18.444838589189917,0,0,0,0,0,0,0,0,0,0,0,0,0,0,0,0,0,0,0,0,0,0,1,0,0,0,0,1,0,0,0,1,0,0,0,0,0,0,0,0,1,0,0,0,0,0,0,0,1,0,0,1,0,0,0,0,0,1,0,0,0,0,0,1,0,0,0,0,0,0,0,0,0,0,0,0,0,0,1,0,0,0,0,0
38093,19149,27085,81255.0,0.5027,1.41,366.89,506.2,21.3805,29.4993,18.0478,139.31,37.9733,3.0,1152618490.0,42555.6,8273271.98,2023,4,11,883,0,0,0,1,17.16,0,10.547812068398505,9.860057994608791,10.206772268215317,11.305359943619337,20.865302139697775,0,0,0,0,0,0,0,0,0,0,0,0,0,0,0,0,0,0,0,0,0,0,1,0,0,0,0,1,0,0,0,0,0,1,0,0,0,0,0,1,0,0,0,0,0,0,0,0,0,1,0,0,1,0,0,0,0,0,1,0,0,0,0,0,0,0,1,0,0,0,0,0,0,0,0,0,0,0,1,0,0,0,0,0
2569,682,1722,5166.0,0.2655,2.52,381.32,480.46,42.2248,53.203,14.8198,99.14,25.9993,3.0,57434375.0,33353.3,579323.13,2023,2,5,1081,0,0,0,0,9.03,0,7.851661177889265,6.52649485957079,7.45182223652793,8.550047528287184,17.866153567047153,0,0,0,0,0,0,0,0,0,0,0,0,0,0,0,0,0,0,0,0,0,0,1,0,0,0,0,1,0,0,0,0,0,1,0,0,0,0,0,0,1,0,0,0,0,0,0,0,1,0,1,0,0,1,0,0,0,0,0,0,0,0,0,1,0,0,0,0,0,0,0,0,0,0,0,0,0,0,0,1,0,0,0,0
53210,13593,53893,161679.0,0.2555,3.96,587.67,742.02,29.7858,37.6089,20.3695,154.35,26.2646,3.0,729697364.0,13539.74,4727549.06,2024,3,7,625,0,0,0,0,19.73,0,10.882020420873696,9.517383797906584,10.894774433446688,11.993374352077502,20.408140437656286,0,0,0,0,0,0,0,0,0,0,0,0,0,0,0,0,0,0,0,0,0,0,1,0,0,0,0,1,0,0,0,0,0,1,0,0,0,0,0,0,1,0,0,0,0,0,0,0,1,0,0,1,0,1,0,0,0,0,0,0,0,1,0,0,0,0,0,0,0,0,0,0,0,0,0,1,0,0,0,0,0,0,0,0
1185,544,1066,3198.0,0.4591,1.96,602.33,707.54,30.526,35.8581,24.1554,105.21,17.4675,3.0,2686829.0,2520.48,25537.41,2024,1,3,774,0,0,0,0,19.73,1,7.078341579557671,6.300785794663244,6.9726062513017535,8.070593539949519,14.803872618011484,0,0,0,0,0,0,0,0,0,0,0,0,0,0,0,0,0,0,0,0,0,0,1,0,0,0,0,1,0,0,0,0,0,1,0,0,0,0,0,0,0,1,0,0,0,0,0,0,1,0,1,0,0,1,0,0,0,0,0,0,0,0,0,1,0,0,0,0,0,0,0,0,0,0,0,0,0,0,0,0,0,0,0,1
5863,3219,12686,38058.0,0.549,3.94,1074.26,1435.79,45.0986,60.2757,44.0068,361.53,33.6531,3.0,195525000.0,15412.66,540836.77,2025,4,11,156,0,0,0,1,23.82,0,8.676587243566487,8.077136638538454,9.448333126140598,10.546892866201233,19.091198811566386,0,0,0,0,0,0,0,0,0,0,0,0,0,0,0,0,0,0,0,0,0,0,1,0,0,0,0,1,0,0,0,0,0,1,0,0,0,0,0,1,0,0,0,0,0,0,0,0,0,1,0,0,1,0,0,0,0,0,1,0,0,0,1,0,0,0,0,0,0,0,0,0,0,0,0,0,0,0,1,0,0,0,0,0
