brand_raw,company,product,channel_tag,sub_product_name,country,country_name,pillar,media_type,profession,specialty,npi_specialty,region,campaign_start_date,start_year,start_quarter,start_month,campaign_age_days,unique_reach,unique_engaged_hcps,total_engagements,engagement_rate,engagement_frequency,pre_NRx,pre_avg_NRx,pre_NRx_avg,n_periods,total_budget_spent,log_unique_reach,log_unique_engaged_hcps,log_total_engagements,log_total_budget_spent,total_spend,log_total_spend,cpe,actual_spend_per_engagement,log_actual_spend_per_engagement,spend_per_NRx_lift,post_NRx,post_avg_NRx,NRx_lift,NRx_lift_pct,targeting_info_missing,has_specialty,start_date_imputed,cpe_imputed,total_spend_imputed,spend_near_zero,budget_anomaly,region_country_mismatch
ABBVIE,ABBVIE,unspecified,none,BRAND ALERT,USA,United States,search,sponsored_videos,code_8,unknown,Neurology,Southeast,2024-07-31,2024,3,7,625,9270,1070,4449,0.1154,4.16,946.88,63.06,47.4714,15.02,173511.0,9.134646527606982,6.976348070447749,8.400659375160286,12.064002040242443,134355308.0,18.71599840843409,39.0,30198.99,10.315596872237078,915440.73,1093.64,72.8343,146.77,15.5,0,0,0,0,0,0,0,0
ABBVIE,ABBVIE,unspecified,none,BRAND ALERT,USA,United States,search,editorial_videos,code_8,unknown,Cardiology,Southwest,2024-08-19,2024,3,8,606,1959,380,1178,0.194,3.1,915.49,48.2253,62.6833,18.98,45942.0,7.580699752224563,5.942799375126701,7.072421900537371,10.735156776679537,10667850.0,16.182745197182378,39.0,9055.9,9.111282177130379,95202.91,1027.54,54.1279,112.05,12.2398,0,0,0,0,0,0,0,0
ABBVIE,ABBVIE,unspecified,none,BRAND ALERT,USA,United States,search,sponsored_videos,psychologist,urology,Cardiology,Mid-Atlantic,2023-11-16,2023,4,11,883,2860,403,1703,0.1409,4.23,721.23,37.9804,66.2213,18.99,66417.0,7.95892649305011,6.0014148779611505,7.440733707389261,11.103723383065155,59103000.0,17.894792259428943,39.0,34705.23,10.45467448872467,755161.42,799.5,42.1019,78.27,10.8516,0,1,0,0,0,0,0,0
ABBVIE,ABBVIE,unspecified,none,BRAND ALERT,ZAF,South Africa,search,sponsored_videos,code_8,unknown,Neurology,Northeast,2024-11-22,2024,4,11,511,7390,910,1107,0.1231,1.22,1022.39,44.2658,55.8293,23.1,43173.0,8.908018322784887,6.814542897259958,7.010311867307229,10.672993741194823,124487739.0,18.639717795124582,39.0,112455.05,11.630317757629843,1021479.17,1144.26,49.5424,121.87,11.9201,0,0,0,0,0,0,0,1
ABBVIE,ABBVIE,unspecified,none,EMAIL ALERT,UNKNOWN,Unknown,unknown,unknown,unknown,unknown,Endocrinology,Southwest,2023-11-16,2023,4,11,883,77570,26264,116027,0.3386,4.42,630.86,34.7051,39.3346,18.18,348081.0,11.258948924983619,10.175992533388062,11.661586820271548,12.760193363183616,892409925.0,20.609436143275676,3.0,7691.4,8.947988107436693,4028833.69,852.37,46.8907,221.51,35.1116,1,0,0,0,0,0,0,0
ABBVIE,ABBVIE,unspecified,none,EMAIL ALERT,USA,United States,search,sponsored_videos,code_8,unknown,Oncology,Mid-Atlantic,2024-07-31,2024,3,7,625,7191,2493,7028,0.3467,2.82,1096.71,66.3204,43.4829,16.54,21084.0,8.880724576151456,7.821643126239982,8.857799727175905,9.95631716618066,216962557.0,19.19523535283854,3.0,30871.17,10.337610409810223,1185960.03,1279.66,77.3833,182.94,16.681,0,0,0,0,0,0,0,0
ABBVIE,ABBVIE,unspecified,none,EMAIL ALERT,USA,United States,search,editorial_videos,code_8,unknown,Neurology,Pacific,2023-05-02,2023,2,5,1081,1544,779,2793,0.5045,3.59,271.28,26.1833,15.8779,10.36,8379.0,7.3427791893318455,6.659293919683638,7.935229539816907,9.033603193476129,48698550.0,17.701159834016742,3.0,17435.93,9.766345649857408,888188.75,326.11,31.4753,54.83,20.2112,0,0,0,0,0,0,0,0
ABBVIE,ABBVIE,unspecified,none,TARGET LIST MEDIA,UNKNOWN,Unknown,unknown,unknown,unknown,unknown,Dermatology,Southeast,2024-11-14,2024,4,11,519,69886,6927,27076,0.0991,3.91,1154.66,115.842,39.8414,9.97,1055964.0,11.154634930954094,8.843326450242271,10.206439938023752,13.869965598759677,1614190464.0,21.202099407886287,39.0,59617.02,10.995713156348483,5733965.66,1436.17,144.0851,281.51,24.3807,1,0,0,1,0,0,0,0
ADC THERAPEUTICS,ADC THERAPEUTICS,unspecified,none,BRAND ALERT,USA,United States,reference and tools,editorial_videos,code_99,unknown,Dermatology,South Atlantic,2025-11-26,2025,4,11,142,621,124,442,0.1997,3.56,203.31,19.1382,6.9518,10.62,17238.0,6.432940092739179,4.8283137373023015,6.093569770045136,9.754929537894979,20614176.0,16.841489600939607,39.0,46638.41,10.750201170858597,878285.6,226.78,21.3476,23.47,11.5442,0,0,0,0,0,0,0,0
ADC THERAPEUTICS,ADC THERAPEUTICS,unspecified,none,EMAIL ALERT,USA,United States,reference and tools,editorial_videos,code_99,unknown,Internal Medicine,Mid-Atlantic,2025-11-26,2025,4,11,142,2466,1025,3039,0.4157,2.96,126.42,11.5755,5.6392,10.92,9117.0,7.810758116529357,6.933423025730715,8.019612794400267,9.118005760773388,52680672.0,17.779759210004524,3.0,17334.87,9.760533044341747,2260486.69,149.73,13.7094,23.31,18.4345,0,0,0,0,0,0,0,0
ADC THERAPEUTICS,ADC THERAPEUTICS,unspecified,none,TARGET LIST MEDIA,USA,United States,reference and tools,editorial_videos,code_99,unknown,Gastroenterology,Southeast,2025-11-26,2025,4,11,142,6426,780,2162,0.1214,2.77,75.2,3.9908,2.6319,18.84,84318.0,8.768263145371286,6.660575149839686,7.679251425953058,11.34236250412232,91618560.0,18.333144440121835,39.0,42376.76,10.65437897530507,9252068.22,85.11,4.5163,9.9,13.1677,0,0,0,1,0,0,0,0
ADC_THERAPEUTICS_ZYNLONTA,ADC THERAPEUTICS,ZYNLONTA,none,BRAND ALERT,USA,United States,reference and tools,editorial_videos,code_99,unknown,Primary Care,Mountain,2025-03-11,2025,1,3,402,7578,1147,4550,0.1514,3.97,154.17,7.4852,6.1138,20.6,177450.0,8.93313654381203,7.045776576879511,8.423102268016642,12.086449793449015,229783885.0,19.252649799075193,39.0,50501.95,10.829787029398897,8092314.14,182.57,8.8639,28.4,18.418,0,0,0,0,0,0,0,0
ADC_THERAPEUTICS_ZYNLONTA,ADC THERAPEUTICS,ZYNLONTA,none,EMAIL ALERT,USA,United States,reference and tools,editorial_videos,code_99,unknown,Hematology,South Atlantic,2025-03-11,2025,1,3,402,62191,20327,38148,0.3268,1.88,74.48,4.3784,3.5571,17.01,114444.0,11.037981653092004,9.919754525,10.549254824049264,11.647849637226749,1217365686.0,20.919955088149635,3.0,31911.65,10.37075776189122,68877718.54,92.15,5.4175,17.67,23.7314,0,0,0,0,0,0,0,0
ADC_THERAPEUTICS_ZYNLONTA,ADC THERAPEUTICS,ZYNLONTA,none,TARGET LIST MEDIA,USA,United States,reference and tools,editorial_videos,code_99,unknown,Pulmonology,West,2025-03-11,2025,1,3,402,75788,12551,55153,0.1656,4.39,66.57,3.0133,4.8928,22.09,2150967.0,11.235708442366212,9.437635294412868,10.91788455151661,14.58142853133772,1808936963.0,21.316005196981298,39.0,32798.52,10.398169160118814,94992776.45,85.62,3.8752,19.04,28.6046,0,0,0,1,0,0,0,0
AMGEN,AMGEN,unspecified,none,BRAND ALERT,ZAF,South Africa,search,sponsored_videos,psychologist,vascular medicine,Endocrinology,West,2023-12-28,2023,4,12,841,13363,1254,4446,0.0938,3.55,817.35,32.8895,42.6327,24.85,173394.0,9.500319803476646,7.134890851565884,8.399984990510696,12.063327507849403,423393147.0,19.863811733255865,39.0,95230.13,11.464062163126302,2889522.65,963.88,38.7856,146.53,17.927,0,1,0,0,0,0,0,1
AMGEN,AMGEN,unspecified,none,EMAIL ALERT,UNKNOWN,Unknown,unknown,unknown,unknown,unknown,Nephrology,South Atlantic,2025-03-31,2025,1,3,382,271335,68255,126843,0.2516,1.86,723.08,32.957,34.0797,21.94,380529.0,12.5111131842781,11.131020621271077,11.750713263948166,12.84932029680269,7130259576.0,22.687613477021284,3.0,56213.27,10.936925918241675,22010835.91,1047.03,47.7219,323.94,44.8002,1,0,0,0,0,0,0,0
AMGEN_HORIZON_KRYSTEXXA,AMGEN,KRYSTEXXA,none,EMAIL ALERT,UNKNOWN,Unknown,unknown,unknown,unknown,unknown,Primary Care,Pacific,2025-04-14,2025,2,4,368,31023,13599,49359,0.4384,3.63,870.1,43.9154,31.8959,19.81,148077.0,10.342516377482433,9.517825071724143,10.80689565857927,11.905494440943311,1717609656.0,21.264199426893104,3.0,34798.31,10.457352837979789,6868625.23,1120.16,56.5367,250.07,28.74,1,0,0,0,0,0,0,0
ASTELLAS,ASTELLAS,unspecified,none,EMAIL ALERT,UNKNOWN,Unknown,unknown,unknown,unknown,unknown,Neurology,Pacific,2024-10-28,2024,4,10,536,56090,17291,50982,0.3083,2.95,1129.61,66.2433,57.5546,17.05,152946.0,10.934730650833384,9.757999245787522,10.839247522805225,11.937846735133663,578430000.0,20.175828096412506,3.0,11345.77,9.336688400910752,1406795.88,1540.77,90.3554,411.17,36.3993,1,0,0,0,0,0,0,0
ASTELLAS,ASTELLAS,unspecified,none,TARGET LIST MEDIA,UNKNOWN,Unknown,unknown,unknown,unknown,unknown,Gastroenterology,Pacific,2024-10-28,2024,4,10,536,16685,1500,5300,0.0899,3.53,732.26,46.8482,26.1957,15.63,206700.0,9.72232532346202,7.313886831633462,8.575650760987806,12.239028583587523,1076891924.0,20.79734488189603,39.0,203187.16,12.2218877252723,6511364.64,897.65,57.4292,165.39,22.5858,1,0,0,1,0,0,0,0
ASTELLAS_XTANDI,ASTELLAS,XTANDI,none,TARGET LIST MEDIA,UNKNOWN,Unknown,unknown,unknown,unknown,unknown,Pulmonology,Mid-Atlantic,2025-05-29,2025,2,5,323,2769,375,1400,0.1354,3.73,780.93,82.7726,33.2496,9.43,54600.0,7.926602599181384,5.929589143389895,7.244941546337007,10.907807476583594,300399210.0,19.5206228513528,39.0,214570.86,12.276399972901345,2685802.1,892.78,94.6275,111.85,14.3223,1,0,0,1,0,0,0,0
ASTRAZENECA_ENHERTU,ASTRAZENECA,ENHERTU,none,BRAND ALERT,USA,United States,search,sponsored_videos,code_8,unknown,Nephrology,Mid-Atlantic,2024-07-31,2024,3,7,625,12583,1115,1659,0.0886,1.49,45.1,3.0492,3.5397,14.79,64701.0,9.440181444738114,7.017506142941256,7.414572881350589,11.077547391912312,93843034.0,18.357134104071235,39.0,56566.02,10.94318140885173,22079321.79,49.35,3.3366,4.25,9.4251,0,0,0,0,0,0,0,0
ASTRAZENECA_ENHERTU,ASTRAZENECA,ENHERTU,none,BRAND ALERT,USA,United States,search,editorial_videos,code_8,unknown,Hematology,Midwest,2024-08-19,2024,3,8,606,1937,446,1280,0.2303,2.87,220.94,9.4127,7.3893,23.47,49920.0,7.569411792450712,6.102558594613569,7.155396301896734,10.818197034893952,13739850.0,16.435811000449313,39.0,10734.26,9.281288929861224,460797.96,250.76,10.683,29.82,13.4959,0,0,0,0,0,0,0,0
ASTRAZENECA_ENHERTU,ASTRAZENECA,ENHERTU,none,BRAND ALERT,USA,United States,search,sponsored_videos,psychologist,urology,Hematology,Northeast,2023-11-16,2023,4,11,883,1305,110,470,0.0843,4.27,131.97,6.0715,6.4237,21.74,18330.0,7.174724309836376,4.709530201312334,6.154858094016418,9.816348894719365,35461800.0,17.383966646942696,39.0,75450.64,11.231247200208937,5109212.27,138.91,6.3909,6.94,5.2592,0,1,0,0,0,0,0,0
ASTRAZENECA_ENHERTU,ASTRAZENECA,ENHERTU,none,BRAND ALERT,VGB,British Virgin Islands,search,editorial_videos,code_8,unknown,Endocrinology,South Atlantic,2024-03-04,2024,1,3,774,885,157,354,0.1774,2.25,293.48,25.1423,16.4535,11.67,13806.0,6.786716950605081,5.062595033026967,5.872117789475416,9.532930988916153,18807806.0,16.74978260755858,39.0,53129.4,10.880504548119829,700775.45,320.32,27.4415,26.84,9.1448,0,0,0,0,0,0,0,1
ASTRAZENECA_ENHERTU,ASTRAZENECA,ENHERTU,none,BRAND ALERT,ZAF,South Africa,search,sponsored_videos,code_8,unknown,Neurology,Southwest,2024-11-22,2024,4,11,511,1715,265,837,0.1545,3.16,250.49,15.722,10.8052,15.93,32643.0,7.447751280047908,5.583496308781699,6.731018100482083,10.393416350589133,41495913.0,17.54110552252231,39.0,49576.96,10.811301659119442,2697746.73,265.87,16.6875,15.38,6.1407,0,0,0,0,0,0,0,1
ASTRAZENECA_ENHERTU,ASTRAZENECA,ENHERTU,none,BRANDSPOT,USA,United States,search,sponsored_videos,psychologist,urology,Primary Care,Northeast,2023-11-16,2023,4,11,883,1455,399,964,0.2742,2.42,166.29,7.5988,13.6555,21.88,65552.0,7.283448228756631,5.991464547107982,6.872128101338986,11.090614254734977,35461800.0,17.383966646942696,68.0,36786.1,10.512902519224035,1385530.8,191.89,8.7683,25.59,15.391,0,1,0,0,0,0,0,0
ASTRAZENECA_ENHERTU,ASTRAZENECA,ENHERTU,none,EMAIL ALERT,UNKNOWN,Unknown,unknown,unknown,unknown,unknown,Oncology,Mountain,2023-11-16,2023,4,11,883,8420,2933,7916,0.3483,2.7,54.5,5.9594,2.3977,9.15,23748.0,9.038483865029992,7.984121958702927,8.976767625171433,10.075295703313177,224333710.0,19.228645282446163,3.0,28339.28,10.252039393224093,15253940.4,69.21,7.5675,14.71,26.9834,1,0,0,0,0,0,0,0
ASTRAZENECA_ENHERTU,ASTRAZENECA,ENHERTU,none,EMAIL ALERT,USA,United States,search,sponsored_videos,code_8,unknown,Primary Care,Mid-Atlantic,2024-07-31,2024,3,7,625,3184,944,2841,0.2965,3.01,260.64,17.8693,13.0548,14.59,8523.0,8.066207568006265,6.851184927493743,7.952263308657046,9.050640993218508,190218158.0,19.063682176704408,3.0,66954.65,11.111785738895389,2951696.89,325.08,22.2876,64.44,24.7255,0,0,0,0,0,0,0,0
ASTRAZENECA_ENHERTU,ASTRAZENECA,ENHERTU,none,EMAIL ALERT,USA,United States,search,editorial_videos,code_8,unknown,Primary Care,Mid-Atlantic,2023-05-02,2023,2,5,1081,959,522,1571,0.5443,3.01,243.94,10.8507,13.4524,22.48,4713.0,6.866933284461882,6.259581464064923,7.360103972989152,8.458292083496076,39518600.0,17.492282030419783,3.0,25155.06,10.13285410077742,812510.55,292.58,13.0142,48.64,19.9385,0,0,0,0,0,0,0,0
ASTRAZENECA_ENHERTU,ASTRAZENECA,ENHERTU,none,EMAIL ALERT,VGB,British Virgin Islands,search,editorial_videos,code_8,unknown,Hematology,Southeast,2024-03-04,2024,1,3,774,1837,921,1718,0.5014,1.87,71.68,4.8219,2.4667,14.87,5154.0,7.516433302915632,6.826545223556594,7.449498005382849,8.54772239645106,5373659.0,15.49701979857143,3.0,3127.86,8.04842399993859,425975.63,84.3,5.6705,12.61,17.598,0,0,0,0,0,0,0,1
BMS,BRISTOL MYERS SQUIBB,unspecified,none,BRAND ALERT,USA,United States,search,editorial_videos,code_23,unknown,Oncology,Northeast,2024-01-02,2024,1,1,836,14309,3237,11197,0.2262,3.46,495.28,53.1446,24.218,9.32,436683.0,9.568713872550497,8.08271113423758,9.323490469908839,12.986965100377901,270310437.0,19.415081626853286,39.0,24141.33,10.091722010292,2601620.32,599.18,64.2934,103.9,20.9783,0,0,0,0,0,0,0,0
BMS,BRISTOL MYERS SQUIBB,unspecified,none,BRAND ALERT,USA,United States,search,sponsored_videos,code_8,unknown,Oncology,Southeast,2023-12-26,2023,4,12,843,21396,2621,3905,0.1225,1.49,993.41,57.6788,69.0713,17.22,152295.0,9.97100600426695,7.871692664323645,8.270269111436624,11.933581274585624,2363005952.0,21.583200354403193,39.0,605123.16,13.313188939098087,10207544.88,1224.9,71.1199,231.5,23.3032,0,0,0,0,0,0,0,0
BMS,BRISTOL MYERS SQUIBB,unspecified,none,BRAND ALERT,USA,United States,search,editorial_videos,code_8,unknown,Endocrinology,Southwest,2023-07-12,2023,3,7,1010,77187,6684,11082,0.0866,1.66,385.23,17.0082,20.0857,22.65,432198.0,11.253999283516247,8.807621489536043,9.313167681775653,12.976641409308609,2899058399.0,21.787651831560567,39.0,261600.65,12.47457820588474,46598544.46,447.44,19.7549,62.21,16.1498,0,0,0,0,0,0,0,0
BMS,BRISTOL MYERS SQUIBB,unspecified,none,BRAND ALERT,USA,United States,reference and tools,editorial_videos,code_99,unknown,Nephrology,Southeast,2025-02-14,2025,1,2,427,42480,5588,6755,0.1315,1.21,1117.75,61.9774,39.3745,18.03,263445.0,10.65681219612839,8.628555659269699,8.81818627792769,12.48160369237546,1598528816.0,21.192349553827484,39.0,236643.79,12.374315519457143,5262661.0,1421.5,78.8197,303.75,27.175,0,0,0,0,0,0,0,0
BMS,BRISTOL MYERS SQUIBB,unspecified,none,BRAND ALERT,USA,United States,search,editorial_videos,code_99,unknown,Pulmonology,Northeast,2025-02-04,2025,1,2,437,56434,9667,15323,0.1713,1.59,624.53,52.7172,46.1863,11.85,597597.0,10.940844812389727,9.176576741823373,9.63717550582054,13.30067356607493,4390725746.0,22.202760368593175,39.0,286544.79,12.56565362784613,20431409.99,839.43,70.8573,214.9,34.4101,0,0,0,0,0,0,0,0
BMS,BRISTOL MYERS SQUIBB,unspecified,none,BRAND ALERT,VGB,British Virgin Islands,reference and tools,editorial_videos,code_99,unknown,Rheumatology,South Atlantic,2025-03-20,2025,1,3,393,40658,5510,15215,0.1355,2.76,287.04,19.7521,20.102,14.53,593385.0,10.612975492684125,8.614501373883236,9.630102784785171,13.293600393705807,793502720.0,20.49196752703639,39.0,52152.66,10.861949640133092,9710247.81,368.76,25.3754,81.72,28.4693,0,0,0,0,0,0,0,1
BMS,BRISTOL MYERS SQUIBB,unspecified,none,BRAND ALERT,VIR,U.S. Virgin Islands,reference and tools,editorial_videos,code_99,unknown,Cardiology,Mountain,2025-11-17,2025,4,11,151,4558,1006,3219,0.2207,3.2,1015.75,64.8954,98.9951,15.65,125541.0,8.424858580213442,6.914730892718563,8.077136638538454,11.740395642921937,120960000.0,18.610970478662693,39.0,37576.89,10.53417112450452,536173.12,1241.35,79.3087,225.6,22.2101,0,0,0,0,0,0,0,1
BMS,BRISTOL MYERS SQUIBB,unspecified,none,BRAND ALERT,ZAF,South Africa,search,editorial_videos,code_99,unknown,Nephrology,Mid-Atlantic,2025-02-27,2025,1,2,414,9849,1242,4745,0.1261,3.82,573.51,32.1338,55.7683,17.85,185055.0,9.195226734166134,7.1252830915107115,8.465057436995709,12.128413760957946,282888848.0,19.460564618739898,39.0,59618.3,10.995734626136635,2263096.07,698.51,39.1377,125.0,21.7958,0,0,0,0,0,0,0,1
BMS,BRISTOL MYERS SQUIBB,unspecified,none,BRAND ALERT,ZAF,South Africa,reference and tools,editorial_videos,code_99,unknown,Cardiology,Southwest,2025-02-20,2025,1,2,421,4047,987,1531,0.2439,1.55,726.5,34.7458,27.3245,20.91,59709.0,8.305978210967302,6.895682697747868,7.3343293503005365,10.997254789541039,409387456.0,19.830172593203805,39.0,267398.73,12.49649993392621,3630778.29,839.25,40.1385,112.75,15.5203,0,0,0,0,0,0,0,1
BMS,BRISTOL MYERS SQUIBB,unspecified,none,BRAND ALERT,ZAF,South Africa,search,editorial_videos,psychologist,urology,Hematology,Mid-Atlantic,2023-12-26,2023,4,12,843,79987,12616,50557,0.1577,4.01,312.3,32.26,12.6734,9.68,1971723.0,11.289631902404894,9.442800389927742,10.830876471076316,14.494418844917433,2503251138.0,21.640856179560572,39.0,49513.44,10.810019623187317,30987206.81,393.09,40.6047,80.78,25.8669,0,1,0,0,0,0,0,1
BMS,BRISTOL MYERS SQUIBB,unspecified,none,BRAND PLAY,USA,United States,search,editorial_videos,code_99,unknown,Rheumatology,Midwest,2025-02-27,2025,1,2,414,4747,1194,4372,0.2515,3.66,202.58,8.7607,11.8464,23.12,170508.0,8.465478755729558,7.085901464365611,8.38320455141292,12.046543360236335,126123118.0,18.65276912275082,39.0,28847.92,10.269827836226872,2338666.33,256.51,11.0929,53.93,26.6208,0,0,0,1,0,0,0,0
BMS,BRISTOL MYERS SQUIBB,unspecified,none,BRAND PLAY,ZAF,South Africa,search,editorial_videos,psychologist,urology,Pulmonology,Mountain,2023-12-26,2023,4,12,843,73319,9897,25218,0.135,2.55,837.99,102.078,34.9653,8.21,983502.0,11.20258870195364,9.200087995511831,10.135352957662207,13.79887596713705,500650228.0,20.031418269523353,39.0,19852.89,9.896155236689069,3404168.4,985.05,119.9931,147.07,17.5504,0,1,0,1,0,0,0,1
BMS,BRISTOL MYERS SQUIBB,unspecified,none,BRANDSPOT,USA,United States,search,sponsored_videos,code_8,unknown,Rheumatology,Southeast,2023-12-26,2023,4,12,843,74150,15913,68086,0.2146,4.28,715.18,50.0441,39.9447,14.29,4629848.0,11.213858833651809,9.67495450393748,11.128541578173136,15.34803481213966,1292268880.0,20.979665332883577,68.0,18979.95,9.851191123598364,5924691.73,933.29,65.3067,218.12,30.4982,0,0,0,0,0,0,0,0
BMS,BRISTOL MYERS SQUIBB,unspecified,none,BRANDSPOT,USA,United States,search,editorial_videos,code_8,unknown,Endocrinology,West,2023-07-12,2023,3,7,1010,15189,4266,19069,0.2809,4.47,793.54,93.7308,27.3088,8.47,1296692.0,9.628392595589819,8.358666283188,9.855871698594465,14.075327735203595,1604802734.0,21.196266679432707,68.0,84157.68,11.340459343437889,6586896.1,1037.17,122.5084,243.64,30.7024,0,0,0,0,0,0,0,0
BMS,BRISTOL MYERS SQUIBB,unspecified,none,BRANDSPOT,USA,United States,search,editorial_videos,code_99,unknown,Primary Care,Northeast,2025-02-25,2025,1,2,416,4734,718,1347,0.1517,1.88,993.74,67.6911,33.8687,14.68,91596.0,8.462737005620179,6.577861357721047,7.206377291472252,11.42515379903419,332112312.0,19.620983761841543,68.0,246557.02,12.415352620022022,1882426.04,1170.17,79.7089,176.43,17.7539,0,0,0,0,0,0,0,0
BMS,BRISTOL MYERS SQUIBB,unspecified,none,BRANDSPOT,ZAF,South Africa,search,editorial_videos,psychologist,urology,Hematology,Mid-Atlantic,2023-12-26,2023,4,12,843,50773,7642,18734,0.1505,2.45,846.61,49.9802,47.4133,16.94,1273912.0,10.835139691522983,8.941545475242885,9.838148711227788,14.057603823928453,1660050755.0,21.230114014751045,68.0,88611.66,11.392030015775974,6979851.93,1084.44,64.021,237.83,28.0927,0,1,0,0,0,0,0,1
BMS,BRISTOL MYERS SQUIBB,unspecified,none,EMAIL ALERT,USA,United States,search,editorial_videos,code_8,unknown,Oncology,Southeast,2023-12-26,2023,4,12,843,68810,37216,158439,0.5409,4.26,374.77,22.4434,13.8372,16.7,475317.0,11.139118894862325,10.524520925120765,11.973131251735852,13.07173933270345,698276411.0,20.36412558806773,3.0,4407.23,8.391228527329972,3939386.52,552.03,33.0584,177.26,47.2966,0,0,0,0,0,0,0,0
BMS,BRISTOL MYERS SQUIBB,unspecified,none,POINT OF CONTACT,USA,United States,search,editorial_videos,code_8,unknown,Dermatology,Southwest,2023-12-27,2023,4,12,842,3899,1476,5285,0.3786,3.58,560.77,51.8481,22.0241,10.82,206115.0,8.268731832117737,7.29776828253138,8.572817095164234,12.236194396082697,179154233.0,19.003757635262364,39.0,33898.62,10.431159083866188,1130627.29,719.23,66.4986,158.46,28.2567,0,0,0,1,0,0,0,0
BMS,BRISTOL MYERS SQUIBB,unspecified,none,TARGET LIST MEDIA,USA,United States,search,editorial_videos,code_23,unknown,Hematology,Mid-Atlantic,2024-01-02,2024,1,1,836,9734,834,1133,0.0857,1.36,1105.89,58.2735,68.2649,18.98,44187.0,9.1834829178063,6.727431724850855,7.033506484287697,10.696208537992165,258023599.0,19.368561611570723,39.0,227734.86,12.335941727574616,2761266.53,1199.34,63.1974,93.44,8.4497,0,0,0,1,0,0,0,0
BMS,BRISTOL MYERS SQUIBB,unspecified,none,TARGET LIST MEDIA,USA,United States,search,editorial_videos,code_8,unknown,Cardiology,Mountain,2023-07-12,2023,3,7,1010,16267,2209,8347,0.1358,3.78,969.94,110.7087,66.2494,8.76,325533.0,9.696955267027116,7.700747794511798,9.029777268197092,12.69322218986085,2616296615.0,21.685025649434834,39.0,313441.55,12.655371368673606,8856270.68,1265.36,144.4274,295.42,30.4571,0,0,0,1,0,0,0,0
BMS,BRISTOL MYERS SQUIBB,unspecified,none,TARGET LIST MEDIA,USA,United States,search,sponsored_videos,code_8,unknown,Pulmonology,Mountain,2023-12-26,2023,4,12,843,46551,6549,25752,0.1407,3.93,756.64,36.1122,39.4808,20.95,1004328.0,10.748325246336506,8.787220328629298,10.156306404160087,13.819830214798445,1199963960.0,20.90555736078938,39.0,46596.92,10.749311183924425,8402673.67,899.44,42.928,142.81,18.874,0,0,0,1,0,0,0,0
BMS,BRISTOL MYERS SQUIBB,unspecified,none,TARGET LIST MEDIA,USA,United States,reference and tools,editorial_videos,code_99,unknown,Rheumatology,Mid-Atlantic,2025-02-14,2025,1,2,427,3528,649,2386,0.184,3.68,455.64,18.912,17.7799,24.09,93054.0,8.16876982367527,6.476972362889683,7.77779262633883,11.440945995178064,269819424.0,19.413263496922344,39.0,113084.42,11.635898741327441,3707591.96,528.42,21.9325,72.77,15.9718,0,0,0,1,0,0,0,0
BMS,BRISTOL MYERS SQUIBB,unspecified,none,TARGET LIST MEDIA,USA,United States,search,editorial_videos,code_99,unknown,Pulmonology,Southwest,2025-02-25,2025,1,2,416,26394,3038,11661,0.1151,3.84,502.06,36.4444,17.1919,13.78,454779.0,10.180929877257716,8.019283792916793,9.364090971782101,13.027569064517783,969824286.0,20.692625465629845,39.0,83168.19,11.328632245726695,8624684.52,614.51,44.6069,112.45,22.3972,0,0,0,1,0,0,0,0
BMS,BRISTOL MYERS SQUIBB,unspecified,none,TARGET LIST MEDIA,VGB,British Virgin Islands,reference and tools,editorial_videos,code_99,unknown,Nephrology,Mountain,2025-03-20,2025,1,3,393,18556,1963,7700,0.1058,3.92,931.96,55.4966,36.8777,16.79,300300.0,9.828602355344339,7.582738488914411,8.94910546953925,12.612540583969206,1487817600.0,21.120576185870654,39.0,193223.06,12.171605727168311,7119761.53,1140.93,67.9404,208.97,22.4227,0,0,0,1,0,0,0,1
BMS,BRISTOL MYERS SQUIBB,unspecified,none,TARGET LIST MEDIA,ZAF,South Africa,reference and tools,editorial_videos,code_99,unknown,Endocrinology,Mountain,2025-02-20,2025,1,2,421,5890,537,974,0.0912,1.81,1051.17,72.7886,38.7828,14.44,37986.0,8.681181041521688,6.2878585601617845,6.882437470997847,10.54499927491401,282463104.0,19.459058498251704,39.0,290003.19,12.577650650134144,1962979.15,1195.07,82.7526,143.9,13.689,0,0,0,1,0,0,0,1
BMS,BRISTOL MYERS SQUIBB,unspecified,none,TARGET LIST MEDIA,ZAF,South Africa,search,editorial_videos,code_99,unknown,Hematology,Northeast,2025-02-27,2025,1,2,414,10838,1516,2998,0.1399,1.98,871.42,107.3967,39.5002,8.11,116922.0,9.29090601981575,7.324489979348532,8.00603417874901,11.66927087746597,172493200.0,18.965868379166164,39.0,57536.09,10.96018506231258,895425.68,1064.06,131.1379,192.64,22.1061,0,0,0,1,0,0,0,1
BMS,BRISTOL MYERS SQUIBB,unspecified,none,TARGET LIST MEDIA,ZAF,South Africa,search,editorial_videos,psychologist,urology,Nephrology,Southwest,2023-12-26,2023,4,12,843,45740,8068,26555,0.1764,3.29,1009.53,69.3365,37.7986,14.56,1035645.0,10.730750330040017,8.995784837848506,10.18701098983905,13.850535944567515,1054000479.0,20.77585874247345,39.0,39691.22,10.588910477697397,3575308.07,1304.33,89.5839,294.8,29.2017,0,1,0,1,0,0,0,1
BOEHRINGER INGELHEIM,BOEHRINGER INGELHEIM,unspecified,none,BRAND ALERT,USA,United States,reference and tools,editorial_videos,code_99,unknown,Neurology,Southwest,2025-12-03,2025,4,12,135,75232,6762,28373,0.0899,4.2,3253.3,151.6036,126.6446,21.46,1106547.0,11.228345243467533,8.81922185757494,10.253228511871932,13.916755817559467,582618400.0,20.183042986268212,39.0,20534.25,9.929898200653051,726986.89,4054.71,188.9496,801.42,24.6339,0,0,0,0,0,0,0,0
BOEHRINGER INGELHEIM,BOEHRINGER INGELHEIM,unspecified,none,BRAND ALERT,VGB,British Virgin Islands,search,sponsored_videos,code_8,unknown,Hematology,South Atlantic,2023-11-16,2023,4,11,883,291110,68581,153857,0.2356,2.24,1279.05,70.5419,72.9232,18.13,6000423.0,12.581459916721599,11.135785388612968,11.943785378098335,15.607340691362225,7588737111.0,22.749931026104065,39.0,49323.31,10.806172341943503,24521952.95,1588.52,87.6096,309.47,24.195,0,0,0,0,0,0,0,1
BOEHRINGER INGELHEIM,BOEHRINGER INGELHEIM,unspecified,none,BRAND ALERT,VNM,Vietnam,search,sponsored_videos,code_8,unknown,Nephrology,South Atlantic,2023-12-01,2023,4,12,868,36777,5707,17928,0.1552,3.14,2156.62,221.8425,102.5021,9.72,699192.0,10.512655119300799,8.649623978596727,9.794174792595427,13.4576820918317,924892032.0,20.645187567583182,39.0,51589.25,10.851087980127323,1333955.45,2849.97,293.1639,693.35,32.1496,0,0,0,0,0,0,0,1
BOEHRINGER INGELHEIM,BOEHRINGER INGELHEIM,unspecified,none,BRAND ALERT,ZAF,South Africa,search,editorial_videos,code_8,unknown,Oncology,Mountain,2024-04-11,2024,2,4,736,25627,3094,10686,0.1207,3.45,1289.55,57.5656,49.4173,22.4,416754.0,10.151440782758913,8.037543185118697,9.276783328524896,12.94025379814155,3850587170.0,22.071491485565392,39.0,360339.43,12.794804502486402,9648662.12,1688.63,75.3806,399.08,30.9473,0,0,0,0,0,0,0,1
BOEHRINGER INGELHEIM,BOEHRINGER INGELHEIM,unspecified,none,BRAND ALERT,ZAF,South Africa,search,editorial_videos,code_99,unknown,Hematology,West,2024-10-31,2024,4,10,533,88792,8520,22930,0.096,2.69,1552.75,91.1859,142.1788,17.03,894270.0,11.394063097044278,9.050288983827956,10.040244985890988,13.703764140211483,14610717612.0,23.405021179435696,39.0,637187.86,13.364821374128232,27381974.16,2086.34,122.521,533.59,34.364,0,0,0,0,0,0,0,1
BOEHRINGER INGELHEIM,BOEHRINGER INGELHEIM,unspecified,none,BRANDSPOT,USA,United States,reference and tools,editorial_videos,code_99,unknown,Gastroenterology,South Atlantic,2025-12-03,2025,4,12,135,815,132,469,0.162,3.55,3581.63,160.5443,136.9042,22.31,31892.0,6.704414354964107,4.890349128221754,6.152732694704104,10.370141828956715,22408400.0,16.92494649115646,68.0,47779.1,10.774364513803521,104939.46,3795.17,170.1159,213.54,5.962,0,0,0,0,0,0,0,0
BOEHRINGER INGELHEIM,BOEHRINGER INGELHEIM,unspecified,none,BRANDSPOT,VGB,British Virgin Islands,search,sponsored_videos,code_8,unknown,Endocrinology,Mountain,2023-11-16,2023,4,11,883,58021,19434,81018,0.3349,4.17,2313.25,129.4942,170.6221,17.86,5509224.0,10.968577527953402,9.874830843286324,11.302438974049062,15.521934517878954,1782470810.0,21.30126633480308,68.0,22000.92,9.998885001259683,3472750.62,2826.53,158.2269,513.27,22.1884,0,0,0,0,0,0,0,1
BOEHRINGER INGELHEIM,BOEHRINGER INGELHEIM,unspecified,none,BRANDSPOT,ZAF,South Africa,search,editorial_videos,code_8,unknown,Urology,Pacific,2024-10-31,2024,4,10,533,10433,2783,9071,0.2667,3.26,2513.15,143.4878,123.8389,17.51,616828.0,9.252824983582338,7.931644021454311,9.112948025967533,13.332347116987219,190326420.0,19.064251161304956,68.0,20981.86,9.951461192964572,457140.62,2929.49,167.2587,416.34,16.5665,0,0,0,0,0,0,0,1
BOEHRINGER INGELHEIM,BOEHRINGER INGELHEIM,unspecified,none,BRANDSPOT,ZAF,South Africa,search,editorial_videos,code_99,unknown,Endocrinology,Midwest,2024-10-31,2024,4,10,533,58001,13852,41296,0.2388,2.98,1371.03,140.0521,52.3983,9.79,2808128.0,10.96823277169266,9.536257094657879,10.628545137085586,14.848028983243562,2081324989.0,21.45627054227515,68.0,50400.16,10.827769469667615,7435934.26,1650.93,168.6443,279.9,20.4154,0,0,0,0,0,0,0,1
BOEHRINGER INGELHEIM,BOEHRINGER INGELHEIM,unspecified,none,EMAIL ALERT,USA,United States,reference and tools,editorial_videos,code_99,unknown,Rheumatology,Midwest,2025-12-03,2025,4,12,135,26016,11632,30799,0.4471,2.65,1799.27,165.906,119.3433,10.85,92397.0,10.166505449493199,9.361601165816767,10.335269968961667,11.433860612373874,515393200.0,20.060440664399756,3.0,16734.09,9.725262991581369,870723.37,2391.18,220.4848,591.91,32.8974,0,0,0,0,0,0,0,0
BOEHRINGER INGELHEIM,BOEHRINGER INGELHEIM,unspecified,none,EMAIL ALERT,VGB,British Virgin Islands,search,sponsored_videos,code_8,unknown,Dermatology,Southwest,2023-11-16,2023,4,11,883,234969,89453,277814,0.3807,3.11,1536.79,62.6635,103.0285,24.52,833442.0,12.367213125402651,11.401479805656454,12.534710703525011,13.633320592511799,7200476143.0,22.697412991892968,3.0,25918.33,10.162744301366693,9622116.58,2285.11,93.177,748.33,48.6941,0,0,0,0,0,0,0,1
BOEHRINGER INGELHEIM,BOEHRINGER INGELHEIM,unspecified,none,EMAIL ALERT,ZAF,South Africa,search,editorial_videos,code_8,unknown,Urology,West,2024-10-31,2024,4,10,533,17612,8260,19598,0.469,2.37,1459.8,122.8342,80.8514,11.88,58794.0,9.776392544732296,9.019300924562506,9.88323382350886,10.981812096257515,1089454680.0,20.808943115338785,3.0,55590.09,10.92577821559842,2121993.88,1973.21,166.0351,513.41,35.17,0,0,0,0,0,0,0,1
BOEHRINGER INGELHEIM,BOEHRINGER INGELHEIM,unspecified,none,EMAIL ALERT,ZAF,South Africa,search,editorial_videos,code_99,unknown,Rheumatology,Northeast,2024-10-31,2024,4,10,533,204243,53984,134522,0.2643,2.49,2841.47,115.4288,101.8711,24.62,403566.0,12.227070636525779,10.896461509181242,11.809490467122034,12.90809779999583,10130664953.0,23.038832795105964,3.0,75308.61,11.229363028486848,14606930.82,3535.03,143.6029,693.55,24.4082,0,0,0,0,0,0,0,1
BOEHRINGER INGELHEIM,BOEHRINGER INGELHEIM,unspecified,none,POINT OF CONTACT,VGB,British Virgin Islands,search,sponsored_videos,code_8,unknown,Rheumatology,South Atlantic,2023-11-16,2023,4,11,883,70387,24037,71032,0.3415,2.96,1622.03,95.1754,162.0593,17.04,2770248.0,11.161778073071652,10.087391190512735,11.170899836775021,14.834447765820256,1200079357.0,20.90565352322043,39.0,16894.91,9.734826859787256,2752400.89,2058.04,120.7592,436.01,26.8807,0,0,0,1,0,0,0,1
BOEHRINGER INGELHEIM,BOEHRINGER INGELHEIM,unspecified,none,POINT OF CONTACT,VNM,Vietnam,search,sponsored_videos,code_8,unknown,Oncology,Pacific,2023-12-01,2023,4,12,868,69638,16689,23695,0.2397,1.42,2822.45,273.8006,100.7023,10.31,924105.0,11.151080034215557,9.722565016655881,10.07306153650758,13.736582062658863,649121472.0,20.291130426645864,39.0,27394.87,10.218147551088258,1225329.11,3352.2,325.1909,529.75,18.7693,0,0,0,1,0,0,0,1
BOEHRINGER INGELHEIM,BOEHRINGER INGELHEIM,unspecified,none,POINT OF CONTACT,ZAF,South Africa,search,editorial_videos,code_8,unknown,Oncology,Mountain,2024-04-11,2024,2,4,736,38483,8852,17312,0.23,1.96,987.05,101.8828,75.4852,9.69,675168.0,10.557997849481156,9.08851166361105,9.759212943379076,13.422718308887607,806191230.0,20.507831531634576,39.0,46568.35,10.748697878395658,4465728.41,1167.58,120.5168,180.53,18.2896,0,0,0,1,0,0,0,1
BOEHRINGER INGELHEIM,BOEHRINGER INGELHEIM,unspecified,none,POINT OF CONTACT,ZAF,South Africa,search,editorial_videos,code_99,unknown,Internal Medicine,West,2024-10-31,2024,4,10,533,73822,21073,63037,0.2855,2.99,1253.68,108.5371,42.0673,11.55,2458443.0,11.20942561515135,9.955795332159473,11.051492998140159,14.715039187457968,2969313151.0,21.81159650106299,39.0,47104.29,10.760140587922791,9547057.12,1564.7,135.4635,311.02,24.8085,0,0,0,1,0,0,0,1
BOEHRINGER-INGELHEIM,BOEHRINGER INGELHEIM,unspecified,none,BRAND ALERT,USA,United States,reference and tools,editorial_videos,code_99,unknown,Primary Care,Southwest,2025-12-03,2025,4,12,135,63555,6076,15943,0.0956,2.62,1678.53,70.7171,57.6875,23.74,621777.0,11.059676686008258,8.712266432135355,9.676837861892631,13.340338394829367,2714215600.0,21.72176883551338,39.0,170244.97,12.044999552659641,8856356.06,1985.0,83.6288,306.47,18.2583,0,0,0,0,0,0,0,0
BOEHRINGER-INGELHEIM,BOEHRINGER INGELHEIM,unspecified,none,BRAND ALERT,ZAF,South Africa,search,editorial_videos,code_99,unknown,Cardiology,South Atlantic,2024-12-03,2024,4,12,500,12748,1223,2810,0.0959,2.3,2710.55,180.2161,136.253,15.04,109590.0,9.453208116138121,7.1098794630722715,7.941295570906532,11.604510533335963,137877915.0,18.741879184906313,39.0,49066.87,10.800959720764606,274193.04,3213.4,213.649,502.85,18.5516,0,0,0,0,0,0,0,1
BOEHRINGER-INGELHEIM,BOEHRINGER INGELHEIM,unspecified,none,BRANDSPOT,USA,United States,reference and tools,editorial_videos,code_99,unknown,Primary Care,West,2025-12-03,2025,4,12,135,32159,6162,22249,0.1916,3.61,2962.69,201.2373,146.274,14.72,1512932.0,10.378478723292902,8.726318950962243,10.010097287594386,14.229560708908286,1120420000.0,20.83696945285101,68.0,50358.22,10.826936999555413,1084240.25,3996.06,271.4276,1033.37,34.8794,0,0,0,0,0,0,0,0
BOEHRINGER-INGELHEIM,BOEHRINGER INGELHEIM,unspecified,none,EMAIL ALERT,USA,United States,reference and tools,editorial_videos,code_99,unknown,Primary Care,South Atlantic,2025-12-03,2025,4,12,135,59974,32617,113809,0.5439,3.49,2216.69,166.3622,112.9181,13.32,341427.0,11.001683087707896,10.392619562216863,11.642285670275935,12.740892101210813,2106389600.0,21.46824122927509,3.0,18508.11,9.826018322293788,2660314.94,3008.48,225.7852,791.78,35.719,0,0,0,0,0,0,0,0
BOEHRINGER-INGELHEIM,BOEHRINGER INGELHEIM,unspecified,none,POINT OF CONTACT,USA,United States,reference and tools,editorial_videos,code_99,unknown,Dermatology,Northeast,2025-12-03,2025,4,12,135,55994,13653,23895,0.2438,1.75,2226.53,212.0495,98.0467,10.5,931905.0,10.933017680016794,9.521787797978225,10.081466359895945,13.744987230212082,1075603200.0,20.796147458367944,39.0,45013.74,10.714745270673403,1834651.13,2812.8,267.8846,586.27,26.3312,0,0,0,1,0,0,0,0
BRISTOL-MYERS SQUIBB,BRISTOL MYERS SQUIBB,unspecified,none,BRAND ALERT,USA,United States,reference and tools,editorial_videos,code_99,unknown,Cardiology,Northeast,2025-03-07,2025,1,3,406,29541,2449,10039,0.0829,4.1,924.52,56.7416,78.2532,16.29,391521.0,10.293568258600546,7.803843303538772,9.214332393245721,12.877796986959323,848038384.0,20.558436458061923,39.0,84474.39,11.344215528322351,3238888.97,1186.35,72.8112,261.83,28.3207,0,0,0,0,0,0,0,0
BRISTOL-MYERS SQUIBB,BRISTOL MYERS SQUIBB,unspecified,none,BRAND ALERT,USA,United States,search,editorial_videos,code_99,unknown,Neurology,Midwest,2025-02-25,2025,1,2,416,5152,1080,3061,0.2096,2.83,215.82,21.1365,20.2604,10.21,119379.0,8.547334348328224,6.985641817639208,8.026823576217629,11.690066961722641,427418430.0,19.8732740234572,39.0,139633.59,11.846784217987798,12933001.52,248.87,24.3732,33.05,15.313,0,0,0,0,0,0,0,0
BRISTOL-MYERS SQUIBB,BRISTOL MYERS SQUIBB,unspecified,none,BRAND ALERT,VIR,U.S. Virgin Islands,reference and tools,editorial_videos,code_99,unknown,Urology,Southeast,2025-11-17,2025,4,11,151,12147,2638,9620,0.2172,3.65,541.09,24.37,48.5106,22.2,375180.0,9.404919826165639,7.878155336503324,9.171703488361265,12.835163855173127,362880000.0,19.709582761819338,39.0,37721.41,10.538009626540967,4788129.51,616.88,27.7833,75.79,14.0064,0,0,0,0,0,0,0,1
BRISTOL-MYERS SQUIBB,BRISTOL MYERS SQUIBB,unspecified,none,BRAND ALERT,ZAF,South Africa,reference and tools,editorial_videos,code_99,unknown,Pulmonology,Southeast,2025-02-20,2025,1,2,421,1911,265,819,0.1387,3.09,1018.71,71.2545,53.9361,14.3,31941.0,7.555905093611346,5.583496308781699,6.709304340258298,10.371677037216255,18720000.0,16.74510308243252,39.0,22857.14,10.037062569209109,160796.89,1135.13,79.3976,116.42,11.4282,0,0,0,0,0,0,0,1
BRISTOL-MYERS SQUIBB,BRISTOL MYERS SQUIBB,unspecified,none,BRAND ALERT,ZAF,South Africa,search,editorial_videos,code_99,unknown,Primary Care,South Atlantic,2025-02-27,2025,1,2,414,1525,242,1087,0.1587,4.49,803.22,55.8891,51.784,14.37,42393.0,7.330405211844402,5.493061443340548,6.992096427415888,10.654762121772682,13799456.0,16.4401398015272,39.0,12694.99,9.449041474556282,278964.05,852.69,59.3311,49.47,6.1586,0,0,0,0,0,0,0,1
BRISTOL-MYERS SQUIBB,BRISTOL MYERS SQUIBB,unspecified,none,BRANDSPOT,USA,United States,search,editorial_videos,code_99,unknown,Dermatology,Southeast,2025-02-25,2025,1,2,416,3021,814,2997,0.2694,3.68,537.23,33.4552,23.9398,16.06,203796.0,8.013674142832684,6.703188113240863,8.005700678662542,12.224879679348383,55352052.0,17.829224307668635,68.0,18469.15,9.823911194438056,464218.4,656.46,40.8805,119.24,22.1949,0,0,0,0,0,0,0,0
BRISTOL-MYERS SQUIBB,BRISTOL MYERS SQUIBB,unspecified,none,TARGET LIST MEDIA,USA,United States,search,editorial_videos,code_99,unknown,Internal Medicine,Southwest,2025-02-27,2025,1,2,414,1913,165,582,0.0863,3.53,1105.52,71.0941,37.0374,15.55,22698.0,7.5569505720129,5.111987788356544,6.368187186350492,10.030076149635702,34397214.0,17.35348615976392,39.0,59101.74,10.987032564417639,405965.92,1190.25,76.5428,84.73,7.6642,0,0,0,1,0,0,0,0
BRISTOL-MYERS SQUIBB,BRISTOL MYERS SQUIBB,unspecified,none,TARGET LIST MEDIA,ZAF,South Africa,search,editorial_videos,code_99,unknown,Hematology,Southeast,2025-02-27,2025,1,2,414,1065,226,851,0.2122,3.77,972.62,39.0414,54.8684,24.91,33189.0,6.97166860472579,5.424950017481403,6.747586526829315,10.41000390471402,13799456.0,16.4401398015272,39.0,16215.58,9.69378945463577,141505.77,1070.14,42.9559,97.52,10.0264,0,0,0,1,0,0,0,1
CALLIDITAS,CALLIDITAS,unspecified,none,EMAIL ALERT,UNKNOWN,Unknown,unknown,unknown,unknown,unknown,Hematology,Mid-Atlantic,2026-02-17,2026,1,2,59,1629,840,1404,0.5157,1.67,464.9,26.9169,21.6464,17.27,4212.0,7.396335293800808,6.734591659972948,7.247792581767846,8.345930261979017,40996800.0,17.529004597234277,3.0,29200.0,10.281958234245314,459708.8,554.08,32.0804,89.18,19.1828,1,0,0,0,0,0,0,0
DAY ONE BIOPHARMACEUTICALS,DAY ONE BIOPHARMACEUTICALS,unspecified,none,BRAND ALERT,USA,United States,reference and tools,editorial_videos,code_99,unknown,Rheumatology,Mountain,2025-10-23,2025,4,10,176,1202,149,279,0.124,1.87,845.29,88.9832,46.1602,9.5,10881.0,7.0925737159746784,5.0106352940962555,5.634789603169249,9.294865327045871,44496000.0,17.610909877929814,39.0,159483.87,11.979704337773473,507498.59,932.97,98.2129,87.68,10.3724,0,0,0,0,0,0,0,0
DAY ONE BIOPHARMACEUTICALS,DAY ONE BIOPHARMACEUTICALS,unspecified,none,EMAIL ALERT,UNKNOWN,Unknown,unknown,unknown,unknown,unknown,Cardiology,Southwest,2025-03-14,2025,1,3,399,901,229,814,0.2542,3.55,795.75,43.4435,29.5319,18.32,2442.0,6.804614520062624,5.438079308923196,6.703188113240863,7.8009820712577405,11904000.0,16.292385120060384,3.0,14624.08,9.590493142170567,159732.88,870.28,47.5121,74.52,9.3653,1,0,0,0,0,0,0,0
DAY ONE BIOPHARMACEUTICALS,DAY ONE BIOPHARMACEUTICALS,unspecified,none,EMAIL ALERT,USA,United States,reference and tools,editorial_videos,code_99,unknown,Rheumatology,West,2025-10-23,2025,4,10,176,1229,651,1842,0.5297,2.83,601.19,56.8395,21.4368,10.58,5526.0,7.114769448366463,6.480044561926653,7.519149957669823,8.617400451833262,22248000.0,16.917762719843797,3.0,12078.18,9.399238588390098,194967.42,715.3,67.6282,114.11,18.981,0,0,0,0,0,0,0,0
DAY_ONE_BIO,DAY ONE BIOPHARMACEUTICALS,unspecified,none,BRAND ALERT,USA,United States,search,editorial_videos,code_8,unknown,Dermatology,Southwest,2024-03-26,2024,1,3,752,661,109,402,0.1649,3.69,566.96,66.4978,20.5813,8.53,15678.0,6.495265555937008,4.700480365792417,5.998936561946683,9.66007751636045,48735000.0,17.70190803627258,39.0,121231.34,11.705464148707277,754949.62,631.51,74.0693,64.55,11.3861,0,0,0,0,0,0,0,0
DAY_ONE_BIO,DAY ONE BIOPHARMACEUTICALS,unspecified,none,EMAIL ALERT,UNKNOWN,Unknown,unknown,unknown,unknown,unknown,Gastroenterology,Midwest,2025-03-14,2025,1,3,399,6297,2593,3992,0.4118,1.54,543.56,22.1838,18.4336,24.5,11976.0,8.74798740166097,7.860956364876389,8.292298107063221,9.390743422947507,90024000.0,18.315586870520118,3.0,22551.1,10.023583466980641,637464.2,684.78,27.9473,141.22,25.9809,1,0,0,0,0,0,0,0
DAY_ONE_BIO,DAY ONE BIOPHARMACEUTICALS,unspecified,none,EMAIL ALERT,USA,United States,search,editorial_videos,code_8,unknown,Gastroenterology,West,2024-03-26,2024,1,3,752,12173,5541,16458,0.4552,2.97,817.16,38.6359,77.4527,21.15,49374.0,9.40705780905387,8.620110725422924,9.708627719044069,10.807199502203423,219849000.0,19.208451509573493,3.0,13358.18,9.499959067961468,1267300.45,990.63,46.8381,173.48,21.2295,0,0,0,0,0,0,0,0
EISAI,EISAI,unspecified,none,BRAND ALERT,USA,United States,search,editorial_videos,code_8,unknown,Internal Medicine,Pacific,2024-04-29,2024,2,4,718,2995,553,1354,0.1846,2.45,642.41,26.0487,23.9738,24.66,52806.0,8.005033344637111,6.317164686747284,7.2115567333138015,10.87439903666454,126321000.0,18.654336852199453,39.0,93294.68,11.443529083512649,857884.21,789.66,32.0194,147.25,22.9211,0,0,0,0,0,0,0,0
EISAI,EISAI,unspecified,none,BRAND ALERT,USA,United States,reference and tools,editorial_videos,code_99,unknown,Nephrology,Mountain,2025-04-04,2025,2,4,378,13534,3254,8812,0.2404,2.71,1031.86,63.9957,41.2161,16.12,343668.0,9.513034202048402,8.08794755464267,9.08398318309966,12.747434263832671,174150000.0,18.97542756051846,39.0,19762.82,9.891608272456043,934595.4,1218.2,75.5523,186.34,18.0583,0,0,0,0,0,0,0,0
EISAI,EISAI,unspecified,none,BRAND ALERT,VIR,U.S. Virgin Islands,reference and tools,editorial_videos,code_99,unknown,Pulmonology,Mountain,2025-04-04,2025,2,4,378,14743,3546,11322,0.2405,3.19,869.6,51.0079,59.6685,17.05,441558.0,9.59859149934966,8.173857454773621,9.33459133431404,12.998066925431834,54000000.0,17.804494623047066,39.0,4769.48,8.470202207750454,257501.48,1079.31,63.3087,209.71,24.1153,0,0,0,0,0,0,0,1
EISAI,EISAI,unspecified,none,BRAND ALERT,ZAF,South Africa,search,editorial_videos,physician assistant,urology,Oncology,Mountain,2024-04-29,2024,2,4,718,9629,2189,6255,0.2273,2.86,269.93,24.8516,9.2676,10.86,243945.0,9.172638504792172,7.691656822810547,8.741296282225147,12.404702168306931,267884760.0,19.40606744973157,39.0,42827.3,10.664954378016866,4295660.54,332.29,30.593,62.36,23.1028,0,1,0,0,0,0,0,1
EISAI,EISAI,unspecified,none,BRAND ALERT,ZMB,Zambia,search,editorial_videos,code_8,unknown,Oncology,Mountain,2024-04-29,2024,2,4,718,13990,2632,7847,0.1881,2.98,840.17,68.8808,64.81,12.2,306033.0,9.546169544733285,7.87587915949631,8.9680140012452,12.631451485873246,119244000.0,18.596682380387666,39.0,15196.13,9.628861873216948,727699.27,1004.03,82.3151,163.86,19.5038,0,0,0,0,0,0,0,1
EISAI,EISAI,unspecified,none,TARGET LIST MEDIA,UNKNOWN,Unknown,unknown,unknown,unknown,unknown,Cardiology,South Atlantic,2026-04-17,2026,2,4,0,1775,341,956,0.1921,2.8,471.15,21.1701,19.9715,22.26,37284.0,7.4821189235521155,5.834810737062605,6.863803391452954,10.526346379977895,5820000.0,15.576810991528912,39.0,6087.87,8.714217793405295,117842.23,520.54,23.3892,49.39,10.4825,1,0,0,1,0,0,0,0
EMD SERONO,EMD SERONO,unspecified,none,BRAND ALERT,USA,United States,reference and tools,editorial_videos,code_99,unknown,Cardiology,Mountain,2025-02-21,2025,1,2,420,1516,295,752,0.1946,2.55,792.81,56.4072,54.685,14.06,29328.0,7.324489979348532,5.69035945432406,6.6240652277998935,10.286332066606759,33677762.0,17.33234832589264,39.0,44784.26,10.709634346407682,299773.58,905.16,64.4003,112.34,14.1703,0,0,0,0,0,0,0,0
EMD SERONO,EMD SERONO,unspecified,none,EMAIL ALERT,UNKNOWN,Unknown,unknown,unknown,unknown,unknown,Primary Care,Mountain,2026-01-15,2026,1,1,92,795,335,1255,0.4214,3.75,880.13,39.9047,47.2488,22.06,3765.0,6.679599185844383,5.817111159963204,7.135687347028144,8.233768709217097,6944000.0,15.753388679331529,3.0,5533.07,8.618678809345296,52844.31,1011.54,45.8625,131.4,14.9301,1,0,0,0,0,0,0,0
EMD SERONO,EMD SERONO,unspecified,none,EMAIL ALERT,USA,United States,reference and tools,editorial_videos,code_99,unknown,Gastroenterology,Mountain,2025-02-21,2025,1,2,420,9892,2854,3539,0.2885,1.24,430.83,21.4843,17.6691,20.05,10617.0,9.199582715323222,7.956827122090111,8.17188200612782,9.270305953143616,105877150.0,18.47779002714098,3.0,29917.25,10.306223941073034,1009978.47,535.66,26.7119,104.83,24.3324,0,0,0,0,0,0,0,0
FERRING,FERRING,unspecified,none,BRAND ALERT,USA,United States,search,editorial_videos,code_8,unknown,Primary Care,South Atlantic,2024-03-15,2024,1,3,763,8863,1931,6130,0.2179,3.17,656.86,59.6499,30.887,11.01,239070.0,9.089753408987065,7.566311014772463,8.721113147762688,12.384515857926464,76500000.0,18.15280131186866,39.0,12479.61,9.431931518934046,802534.18,752.18,68.3062,95.32,14.512,0,0,0,0,0,0,0,0
FERRING,FERRING,unspecified,none,BRAND ALERT,USA,United States,reference and tools,editorial_videos,code_8,unknown,Oncology,Northeast,2025-04-29,2025,2,4,353,837,183,561,0.2186,3.07,390.32,23.4759,21.0417,16.63,21879.0,6.731018100482083,5.214935757608986,6.331501849893691,9.993328256535918,3640000.0,15.10749451433816,39.0,6488.41,8.777926896474744,91652.79,430.04,25.8646,39.72,10.1749,0,0,0,0,0,0,0,0
FERRING,FERRING,unspecified,none,EMAIL ALERT,USA,United States,search,editorial_videos,code_8,unknown,Nephrology,Southwest,2024-03-15,2024,1,3,763,2878,1259,4486,0.4375,3.56,252.34,12.9301,15.2685,19.52,13458.0,7.965198290612176,7.138866999945524,8.408939605975984,9.507403306233716,184500000.0,19.03316002686491,3.0,41127.95,10.624467532087516,3133952.71,311.21,15.9468,58.87,23.3303,0,0,0,0,0,0,0,0
FERRING,FERRING,unspecified,none,EMAIL ALERT,USA,United States,reference and tools,editorial_videos,code_8,unknown,Urology,Southwest,2025-04-29,2025,2,4,353,1576,781,2481,0.4956,3.18,578.48,48.2239,21.5904,12.0,7443.0,7.3632795869630385,6.661854740545311,7.8168199657645525,8.915163617762142,17360000.0,16.669679324800164,3.0,6997.18,8.85340539423159,126899.02,715.28,59.6282,136.8,23.6486,0,0,0,0,0,0,0,0
GILEAD,GILEAD,unspecified,none,BRAND ALERT,USA,United States,search,editorial_videos,code_8,unknown,Urology,West,2022-11-09,2022,4,11,1255,36271,6918,27176,0.1907,3.93,562.94,25.4476,43.7195,22.12,1059864.0,10.49880137274731,8.842026529498812,10.210126306337397,13.873652099486902,1457845450.0,21.100225464228537,39.0,53644.59,10.890154545239465,7462263.3,758.31,34.2789,195.36,34.7037,0,0,0,0,0,0,0,0
GILEAD,GILEAD,unspecified,none,BRAND ALERT,VGB,British Virgin Islands,search,sponsored_videos,code_99,unknown,Cardiology,Mid-Atlantic,2023-12-20,2023,4,12,849,92185,10613,46325,0.1151,4.36,1195.48,69.2548,64.266,17.26,1806675.0,11.431563554197458,9.26992916338784,10.74345863753687,14.406999250786036,15603500565.0,23.470761121285463,39.0,336826.78,12.727327040134114,57349212.57,1467.56,85.0164,272.08,22.7589,0,0,0,0,0,0,0,1
GILEAD,GILEAD,unspecified,none,BRAND ALERT,ZAF,South Africa,search,editorial_videos,code_99,unknown,Nephrology,Southwest,2024-06-19,2024,2,6,667,716,90,209,0.1257,2.32,646.35,59.797,23.0222,10.81,39.94,6.57507584059962,4.51085950651685,5.3471075307174685,3.7121075802331434,45.0,3.828641396489095,39.0,0.22,0.1988508587451652,1.39,678.64,62.784,32.29,4.9953,0,0,0,0,0,1,1,1
GILEAD,GILEAD,unspecified,none,BRAND ALERT,ZAF,South Africa,reference and tools,editorial_videos,code_99,unknown,Rheumatology,Southeast,2024-11-18,2024,4,11,515,36243,4221,8232,0.1165,1.95,533.57,29.7905,19.8228,17.91,321048.0,10.498029129341951,8.348064228408266,9.015905747298426,12.679349038437714,2635702758.0,21.69241568508894,39.0,320177.69,12.676634525175155,18122971.96,679.0,37.9104,145.43,27.2569,0,0,0,0,0,0,0,1
GILEAD,GILEAD,unspecified,none,EMAIL ALERT,UNKNOWN,Unknown,unknown,unknown,unknown,unknown,Oncology,Mid-Atlantic,2024-10-10,2024,4,10,554,54099,19647,51040,0.3632,2.6,780.48,31.2251,43.3144,25.0,153120.0,10.898589464834572,9.88573083094687,10.840384510303231,11.938983737490952,3018199997.0,21.827926463486076,3.0,59134.01,10.987578413789794,12750849.01,1017.18,40.6952,236.71,30.3284,1,0,0,0,0,0,0,0
GILEAD,GILEAD,unspecified,none,EMAIL ALERT,USA,United States,search,editorial_videos,code_8,unknown,Urology,Mountain,2022-11-09,2022,4,11,1255,23571,6168,13262,0.2617,2.15,288.77,27.3483,11.4308,10.56,39786.0,10.067814845957804,8.72729202920964,9.492733482494353,10.591295504750468,1530737722.0,21.149015628038665,3.0,115422.84,11.656366197508792,26035522.38,347.56,32.9166,58.79,20.3604,0,0,0,0,0,0,0,0
GILEAD,GILEAD,unspecified,none,EMAIL ALERT,VGB,British Virgin Islands,search,sponsored_videos,code_99,unknown,Nephrology,Mountain,2023-12-20,2023,4,12,849,118044,51405,166004,0.4355,3.23,1161.67,53.0808,43.8974,21.88,498012.0,11.678821186682313,10.847510176148173,12.019773187366996,13.118381460083747,14662396791.0,23.40855201199245,3.0,88325.56,11.388796134114964,27749184.72,1690.06,77.2249,528.39,45.4856,0,0,0,0,0,0,0,1
GILEAD,GILEAD,unspecified,none,EMAIL ALERT,ZAF,South Africa,search,editorial_videos,code_99,unknown,Nephrology,South Atlantic,2024-06-19,2024,2,6,667,514,180,757,0.3502,4.21,834.96,72.4524,30.0586,11.52,24.26,6.244166900663736,5.198497031265826,6.630683385642372,3.229222116922345,37.0,3.6375861597263857,3.0,0.05,0.04879016416943201,0.28,967.32,83.9374,132.36,15.8518,0,0,0,0,0,1,1,1
GILEAD,GILEAD,unspecified,none,EMAIL ALERT,ZAF,South Africa,reference and tools,editorial_videos,code_99,unknown,Oncology,Mid-Atlantic,2024-11-18,2024,4,11,515,272300,121640,201810,0.4467,1.66,954.84,44.8268,45.7076,21.3,605430.0,12.514663351075232,11.70882936273745,12.215086894831325,13.31369588007312,6037336232.0,22.52122873058827,3.0,29915.94,10.306180154130928,12009257.96,1457.56,68.4282,502.72,52.6501,0,0,0,0,0,0,0,1
GILEAD,GILEAD,unspecified,none,TARGET LIST MEDIA,UNKNOWN,Unknown,unknown,unknown,unknown,unknown,Endocrinology,Southeast,2023-06-02,2023,2,6,1050,64216,8602,13183,0.134,1.53,370.48,18.0828,26.2951,20.49,514137.0,11.070023252133169,9.059866258621348,9.486759252149254,13.150246990892601,2906923152.0,21.790361023017216,39.0,220505.44,12.303682179791746,42007948.88,439.68,21.4604,69.2,18.6784,1,0,0,1,0,0,0,0
GILEAD,GILEAD,unspecified,none,TARGET LIST MEDIA,USA,United States,search,editorial_videos,code_8,unknown,Nephrology,South Atlantic,2022-11-09,2022,4,11,1255,63984,11224,22951,0.1754,2.04,609.48,46.4955,40.3463,13.11,895089.0,11.066403959871696,9.325898712610455,10.0411603576612,13.704679550860527,1202722496.0,20.90785357151872,39.0,52403.93,10.86675594985298,8417593.01,752.36,57.3956,142.88,23.4433,0,0,0,1,0,0,0,0
GILEAD,GILEAD,unspecified,none,TARGET LIST MEDIA,VGB,British Virgin Islands,search,sponsored_videos,code_99,unknown,Nephrology,West,2023-12-20,2023,4,12,849,120774,15421,55455,0.1277,3.6,622.69,45.9923,39.1286,13.54,2162745.0,11.701684589422607,9.643550340392906,10.923345192515333,14.586889268543743,15245881131.0,23.44757521381412,39.0,274923.47,12.524251684378786,79825588.33,813.68,60.0989,190.99,30.6718,0,0,0,1,0,0,0,1
GILEAD,GILEAD,unspecified,none,TARGET LIST MEDIA,ZAF,South Africa,search,editorial_videos,code_99,unknown,Hematology,Mid-Atlantic,2024-06-19,2024,2,6,667,1020,118,372,0.1157,3.15,1021.81,47.5859,46.7089,21.47,7.06,6.928537818164665,4.77912349311153,5.921578419643816,2.086913556518537,9.0,2.302585092994046,0.02,0.02,0.019802627296179712,0.09,1126.7,52.4709,104.89,10.2655,0,0,0,1,0,1,1,1
GILEAD,GILEAD,unspecified,none,TARGET LIST MEDIA,ZAF,South Africa,reference and tools,editorial_videos,code_99,unknown,Gastroenterology,Mountain,2024-11-18,2024,4,11,515,200151,29911,45982,0.1494,1.54,201.24,12.7007,18.8845,15.84,1793298.0,12.206832356876415,10.30601501665695,10.736027041947786,14.399567498305178,8199964136.0,22.82739561767047,39.0,178329.87,12.09139592403052,128847959.11,264.88,16.7172,63.64,31.6248,0,0,0,1,0,0,0,1
GSK,GSK,unspecified,none,BRAND ALERT,USA,United States,search,sponsored_videos,code_8,unknown,Primary Care,Mountain,2024-07-31,2024,3,7,625,4027,796,3368,0.1977,4.23,500.85,24.5229,22.0438,20.42,131352.0,8.301025253838453,6.680854678790215,8.122371243406553,11.785643634594013,98115863.0,18.401659623999755,39.0,29131.79,10.279619622916023,995873.88,599.38,29.3468,98.52,19.6709,0,0,0,0,0,0,0,0
GSK,GSK,unspecified,none,BRAND ALERT,USA,United States,search,sponsored_videos,psychologist,urology,Oncology,Midwest,2023-11-16,2023,4,11,883,4695,653,2486,0.1391,3.81,1181.24,112.3304,68.3306,10.52,96954.0,8.454466361507933,6.483107351457199,7.818832443803404,11.482002232316718,70923600.0,18.077113813402963,39.0,28529.2,10.258718454347713,482339.67,1328.28,126.3134,147.04,12.448,0,1,0,0,0,0,0,0
GSK,GSK,unspecified,none,BRAND ALERT,VGB,British Virgin Islands,search,editorial_videos,code_8,unknown,Hematology,South Atlantic,2024-03-04,2024,1,3,774,1995,477,608,0.2391,1.27,674.89,30.0036,42.4328,22.49,23712.0,7.59890045687141,6.169610732491456,6.411818267709897,10.073778699946109,8060488.0,15.902484782617648,39.0,13257.38,9.492385084330552,81790.12,773.44,34.385,98.55,14.6026,0,0,0,0,0,0,0,1
GSK,GSK,unspecified,none,BRAND ALERT,ZAF,South Africa,search,sponsored_videos,code_8,unknown,Nephrology,Northeast,2024-11-22,2024,4,11,511,1586,137,458,0.0864,3.34,582.53,29.003,21.1137,20.09,17862.0,7.369600720526409,4.927253685157205,6.129050210060545,9.790486813448885,27663942.0,17.135640426463524,39.0,60401.62,11.008787760465575,708348.73,621.58,30.9474,39.05,6.7043,0,0,0,0,0,0,0,1
GSK,GSK,unspecified,none,EMAIL ALERT,UNKNOWN,Unknown,unknown,unknown,unknown,unknown,Endocrinology,Northeast,2023-11-16,2023,4,11,883,7258,2724,10201,0.3753,3.74,319.83,13.6574,16.6577,23.42,30603.0,8.889997357284841,7.9102237070973445,9.230339058482873,10.328885998351742,353815537.0,19.68428625619311,3.0,34684.4,10.454074128115597,5864600.07,380.16,16.2336,60.33,18.8634,1,0,0,0,0,0,0,0
GSK,GSK,unspecified,none,EMAIL ALERT,USA,United States,search,editorial_videos,code_8,unknown,Primary Care,South Atlantic,2023-05-02,2023,2,5,1081,1092,589,1434,0.5394,2.43,1174.16,114.549,98.6605,10.25,4302.0,6.996681488176539,6.380122536899765,7.268920128193722,8.3670677328386,14058850.0,16.458762719812555,3.0,9803.94,9.19064161928485,52577.13,1441.56,140.6354,267.39,22.7732,0,0,0,0,0,0,0,0
GSK,GSK,unspecified,none,EMAIL ALERT,USA,United States,search,sponsored_videos,code_8,unknown,Oncology,Pacific,2024-07-31,2024,3,7,625,2391,990,1413,0.4141,1.43,220.03,12.1688,8.2919,18.08,4239.0,7.779885115070522,6.898714534329988,7.254177846456518,8.352318548226004,249562486.0,19.335219890696553,3.0,176618.89,12.081755188216576,5347223.11,266.7,14.75,46.67,21.2117,0,0,0,0,0,0,0,0
GSK,GSK,unspecified,none,EMAIL ALERT,VGB,British Virgin Islands,search,editorial_videos,code_8,unknown,Cardiology,South Atlantic,2024-03-04,2024,1,3,774,918,346,503,0.3769,1.45,937.18,51.5358,85.5652,18.19,1509.0,6.823286122355687,5.849324779946859,6.222576268071369,7.31986492980897,5373659.0,15.49701979857143,3.0,10683.22,9.276523165556599,43489.27,1060.74,58.3305,123.56,13.1845,0,0,0,0,0,0,0,1
GSK,GSK,unspecified,none,EMAIL ALERT,VIR,U.S. Virgin Islands,search,editorial_videos,code_8,unknown,Hematology,West,2024-04-10,2024,2,4,737,788,331,511,0.4201,1.54,968.6,69.1421,39.4783,14.01,1533.0,6.670766320845874,5.805134968916488,6.238324625039508,7.335633981927201,23730000.0,16.982250670552695,3.0,46438.36,10.745902654493783,119287.36,1167.53,83.3425,198.93,20.538,0,0,0,0,0,0,0,1
HORIZON,HORIZON,unspecified,none,BRAND ALERT,USA,United States,search,sponsored_videos,code_8,unknown,Primary Care,Mountain,2024-07-31,2024,3,7,625,14666,2609,10366,0.1779,3.97,443.66,28.0903,17.4132,15.79,404274.0,9.593355351246755,7.867105500316739,9.246382963323112,12.909850618446145,82607249.0,18.22960800703653,39.0,7969.06,8.98344729998679,1101397.32,518.66,32.8391,75.0,16.9055,0,0,0,0,0,0,0,0
HORIZON,HORIZON,unspecified,none,BRAND ALERT,USA,United States,search,sponsored_videos,psychologist,urology,Oncology,Southeast,2023-11-16,2023,4,11,883,730,149,626,0.2041,4.2,871.56,100.8085,51.1116,8.65,24414.0,6.594413459749778,5.0106352940962555,6.440946540632921,10.10295297649576,3940200.0,15.186742295201311,39.0,6294.25,8.747550659748642,35431.95,982.76,113.6709,111.2,12.7593,0,1,0,0,0,0,0,0
HORIZON,HORIZON,unspecified,none,EMAIL ALERT,UNKNOWN,Unknown,unknown,unknown,unknown,unknown,Hematology,Pacific,2023-11-16,2023,4,11,883,8184,2359,3786,0.2882,1.6,292.93,14.1651,11.0557,20.68,11358.0,9.010058489805235,7.7664168980196555,8.239329427901795,9.33776566023142,175313608.0,18.982086979507983,3.0,46305.76,10.743043233736387,3290901.28,346.2,16.7412,53.27,18.186,1,0,0,0,0,0,0,0
HORIZON,HORIZON,unspecified,none,EMAIL ALERT,USA,United States,search,editorial_videos,code_8,unknown,Endocrinology,Mid-Atlantic,2024-08-19,2024,3,8,606,1551,504,997,0.325,1.98,457.05,26.3603,22.5,17.34,2991.0,7.347299700743164,6.22455842927536,6.905753276311464,8.003697339094368,5091950.0,15.443171615675192,3.0,5107.27,8.538616074017032,65948.05,534.26,30.8135,77.21,16.8936,0,0,0,0,0,0,0,0
HORIZON,HORIZON,unspecified,none,EMAIL ALERT,VGB,British Virgin Islands,search,editorial_videos,code_8,unknown,Oncology,Pacific,2024-03-04,2024,1,3,774,634,268,467,0.4227,1.74,987.9,109.9918,51.2773,8.98,1401.0,6.453624998892692,5.594711379601839,6.148468295917647,7.2456550675945355,5373659.0,15.49701979857143,3.0,11506.76,9.350776869396617,36914.27,1133.47,126.1995,145.57,14.7354,0,0,0,0,0,0,0,1
HORIZON THERAPEUTICS,HORIZON,unspecified,none,EMAIL ALERT,UNKNOWN,Unknown,unknown,unknown,unknown,unknown,Oncology,Southeast,2025-03-31,2025,1,3,382,23392,11933,21656,0.5101,1.81,1064.69,54.3961,97.6054,19.57,64968.0,10.060192111293768,9.387146748082028,9.983084006807271,11.081665512036867,4724469096.0,22.27602103115593,3.0,218159.82,12.29298777622161,12966374.96,1429.05,73.0118,364.36,34.2226,1,0,0,0,0,0,0,0
INTRA-CELLULAR THERAPIES,INTRA-CELLULAR THERAPIES,unspecified,none,EMAIL ALERT,UNKNOWN,Unknown,unknown,unknown,unknown,unknown,Anesthesiology,Southwest,2026-01-27,2026,1,1,80,5104,2136,8466,0.4185,3.96,190.38,11.9468,12.0487,15.94,25398.0,8.537975730598767,7.667158255319148,9.043931533642278,10.142465082152865,79040000.0,18.185464624055708,3.0,9336.17,9.14175848745109,1277627.24,252.24,15.8291,61.86,32.496,1,0,0,0,0,0,0,0
J&J,JANSSEN,unspecified,none,EMAIL ALERT,UNKNOWN,Unknown,unknown,unknown,unknown,unknown,Internal Medicine,Mountain,2026-02-03,2026,1,2,73,1571,505,1159,0.3215,2.3,706.84,82.3261,24.6972,8.59,3477.0,7.360103972989152,6.226536669287466,7.05617528410041,8.154212694914229,36816000.0,17.421443118419386,3.0,31765.31,10.366161573209158,309333.38,825.86,96.1881,119.02,16.838,1,0,0,0,0,0,0,0
JANSSEN,JANSSEN,unspecified,none,BRANDSTORY,ZAF,South Africa,search,sponsored_videos,psychologist,urology,Pulmonology,Northeast,2023-11-10,2023,4,11,889,14790,5075,11305,0.3431,2.23,359.3,14.6755,20.1443,24.48,440895.0,9.60177416667137,8.532278828834277,9.333088837235236,12.996564298952867,117110832.0,18.578631334963735,39.0,10359.21,9.245727785878305,1420862.38,441.73,18.0419,82.42,22.9394,0,1,0,1,0,0,0,1
JANSSEN,JANSSEN,unspecified,none,EMAIL ALERT,UNKNOWN,Unknown,unknown,unknown,unknown,unknown,Internal Medicine,South Atlantic,2023-04-27,2023,2,4,1086,115222,54381,106065,0.472,1.95,263.11,10.9016,12.5685,24.13,318195.0,11.654624660093742,10.903788495737448,11.57181682084284,12.670422824096566,8179435811.0,22.824889013544272,3.0,77117.2,11.253094588763076,79628565.43,365.83,15.1577,102.72,39.0408,1,0,0,0,0,0,0,0
JANSSEN,JANSSEN,unspecified,none,EMAIL ALERT,USA,United States,reference and tools,sponsored_videos,psychologist,unknown,Nephrology,South Atlantic,2023-11-22,2023,4,11,877,26837,8627,27658,0.3215,3.21,317.65,18.9989,15.3896,16.72,82974.0,10.197574072660903,9.062768007509048,10.227706451275253,11.326294636588175,1009584000.0,20.732804202755613,3.0,36502.42,10.505161233811277,8403542.53,437.79,26.1845,120.14,37.821,0,0,0,0,0,0,0,0
JANSSEN,JANSSEN,unspecified,none,TARGET LIST MEDIA,ZAF,South Africa,search,sponsored_videos,psychologist,urology,Cardiology,Northeast,2023-11-10,2023,4,11,889,29039,3858,9458,0.1329,2.45,427.36,44.5515,19.5958,9.59,368862.0,10.276429468938732,8.258163361537619,9.15472194821317,12.818180580370779,936886656.0,20.658072869172017,39.0,99057.59,11.503466772243229,8917748.5,532.42,55.5038,105.06,24.5833,0,1,0,1,0,0,0,1
JANSSEN BIOTECH,JANSSEN,unspecified,none,BRAND ALERT,USA,United States,reference and tools,editorial_videos,code_8,unknown,Nephrology,Pacific,2025-11-10,2025,4,11,158,1304,222,811,0.1702,3.65,541.67,26.0063,48.2491,20.83,31629.0,7.173958319756794,5.407171771460119,6.699500340161678,10.361861316299695,17056000.0,16.652012664578102,39.0,21030.83,9.953792283455787,267810.79,605.36,29.064,63.69,11.7574,0,0,0,0,0,0,0,0
JANSSEN BIOTECH,JANSSEN,unspecified,none,BRAND ALERT,USA,United States,reference and tools,editorial_videos,code_99,unknown,Endocrinology,Mountain,2025-12-23,2025,4,12,115,598,98,184,0.1639,1.88,580.91,35.5018,33.6886,16.36,0.77,6.395261598115449,4.59511985013459,5.220355825078324,0.5709795465857378,1.0,0.6931471805599453,39.0,0.01,0.009950330853168083,0.01,647.84,39.5919,66.93,11.5209,0,0,0,0,0,1,1,0
JANSSEN BIOTECH,JANSSEN,unspecified,none,EMAIL ALERT,UNKNOWN,Unknown,unknown,unknown,unknown,unknown,Internal Medicine,Southwest,2025-11-05,2025,4,11,163,34115,12516,47557,0.3669,3.8,546.32,41.5719,22.333,13.14,142671.0,10.437521761439,9.434842999328023,10.769705297775843,11.86830356837466,4527904000.0,22.233524976429965,3.0,95210.04,11.463851180442429,36891551.05,669.06,50.9114,122.74,22.4658,1,0,0,0,0,0,0,0
JANSSEN BIOTECH,JANSSEN,unspecified,none,EMAIL ALERT,USA,United States,reference and tools,editorial_videos,code_8,unknown,Primary Care,West,2025-11-10,2025,4,11,158,1225,415,1324,0.3388,3.19,439.06,26.8468,31.336,16.35,3972.0,7.111512116496157,6.030685260261263,7.1891677384203225,8.287276755814599,11808000.0,16.284287910510734,3.0,8918.43,9.095987322186986,219467.8,492.86,30.1367,53.8,12.2542,0,0,0,0,0,0,0,0
JANSSEN BIOTECH,JANSSEN,unspecified,none,EMAIL ALERT,USA,United States,reference and tools,editorial_videos,code_99,unknown,Dermatology,Southeast,2025-12-23,2025,4,12,115,1460,408,643,0.2795,1.58,709.72,42.0414,50.4368,16.88,0.0,7.2868764117507,6.013715156042802,6.467698726104354,0.0,0.0,0.0,3.0,0.0,0.0,0.0,812.56,48.1328,102.83,14.4891,0,0,0,0,0,1,1,0
JANSSEN CNS,JANSSEN,unspecified,none,EMAIL ALERT,UNKNOWN,Unknown,unknown,unknown,unknown,unknown,Pulmonology,Pacific,2025-11-11,2025,4,11,157,47482,12632,32437,0.266,2.57,1025.29,58.3673,100.5004,17.57,97311.0,10.768127031226284,9.444067716830038,10.387085854047635,11.485677590477092,552448000.0,20.129869871089905,3.0,17031.41,9.74287327861801,2458039.81,1250.04,71.1619,224.75,21.9209,1,0,0,0,0,0,0,0
JANSSEN PHARMACEUTICALS,JANSSEN,unspecified,none,EMAIL ALERT,UNKNOWN,Unknown,unknown,unknown,unknown,unknown,Rheumatology,Mid-Atlantic,2025-11-10,2025,4,11,158,62716,33713,136524,0.5376,4.05,479.7,30.947,25.5847,15.5,409572.0,11.046387822247667,10.425668460340253,11.824263027020354,12.922870432566,3442120000.0,21.959353397870043,3.0,25212.56,10.135137224016281,21691336.69,638.39,41.1843,158.69,33.0801,1,0,0,0,0,0,0,0
JANSSEN_DARZALEX,JANSSEN,DARZALEX,none,EMAIL ALERT,UNKNOWN,Unknown,unknown,unknown,unknown,unknown,Dermatology,Midwest,2024-11-12,2024,4,11,521,23110,11650,49463,0.5041,4.25,1142.39,62.4329,41.309,18.3,148389.0,10.048063973643371,9.36314729221994,10.809000411238404,11.907599222000172,3331723200.0,21.926755484871087,3.0,67357.89,11.117790170158106,6305404.06,1670.78,91.3102,528.39,46.2533,1,0,0,0,0,0,0,0
JANSSEN_DARZALEX_MDALERT,JANSSEN,DARZALEX,MDALERT,EMAIL ALERT,UNKNOWN,Unknown,unknown,unknown,unknown,unknown,Pulmonology,South Atlantic,2025-04-29,2025,2,4,353,12882,4592,12567,0.3565,2.74,1073.34,45.4448,97.24,23.62,37701.0,9.463663891791525,8.432288684325794,9.438909179935457,10.537468422426857,109257188.0,18.5092151929787,3.0,8693.98,9.070501126613225,419069.79,1334.05,56.4833,260.71,24.29,1,0,0,0,0,0,0,0
JANSSEN_ERLEADA,JANSSEN,ERLEADA,none,EMAIL ALERT,UNKNOWN,Unknown,unknown,unknown,unknown,unknown,Gastroenterology,Pacific,2024-11-12,2024,4,11,521,264064,141813,395199,0.537,2.79,361.76,25.5509,26.1724,14.16,1185597.0,12.483950563944436,11.862271618813107,12.88714724485585,13.985757846612955,5902291200.0,22.498606451626493,3.0,14934.99,9.611529015698036,32014943.09,546.12,38.5721,184.36,50.9615,1,0,0,0,0,0,0,0
JANSSEN_INVEGA,JANSSEN,INVEGA,none,EMAIL ALERT,UNKNOWN,Unknown,unknown,unknown,unknown,unknown,Gastroenterology,Midwest,2024-11-12,2024,4,11,521,32412,14683,62122,0.453,4.23,986.28,48.4962,60.8749,20.34,186366.0,10.386314855875257,9.594513744616725,11.036871569721765,12.135473126933832,1242608000.0,20.940478234491536,3.0,20002.7,9.903672535425738,3465192.28,1344.87,66.1288,358.6,36.3587,1,0,0,0,0,0,0,0
JANSSEN_RYBREVANT,JANSSEN,RYBREVANT,none,EMAIL ALERT,UNKNOWN,Unknown,unknown,unknown,unknown,unknown,Oncology,Southeast,2025-06-12,2025,2,6,309,1741,687,2155,0.3946,3.14,774.59,33.3792,31.4432,23.21,6465.0,7.462789157412448,6.5337888379333435,7.6760099320288875,8.774312958285378,43335000.0,17.584471203626617,3.0,20109.05,9.908974969088819,323634.89,908.49,39.1494,133.9,17.2867,1,0,0,0,0,0,0,0
JANSSEN_SPRAVATO,JANSSEN,SPRAVATO,none,EMAIL ALERT,UNKNOWN,Unknown,unknown,unknown,unknown,unknown,Nephrology,South Atlantic,2024-11-13,2024,4,11,520,48270,19207,25130,0.3979,1.31,766.58,48.6664,33.603,15.75,75390.0,10.784586245241275,9.86308213790109,10.13185742282192,11.230443183476446,3448599600.0,21.961234072831175,3.0,137230.39,11.829423758192926,17974710.16,958.43,60.8466,191.86,25.028,1,0,0,0,0,0,0,0
JANSSEN_TALVEY,JANSSEN,TALVEY,none,EMAIL ALERT,UNKNOWN,Unknown,unknown,unknown,unknown,unknown,Pulmonology,South Atlantic,2024-11-12,2024,4,11,521,21910,6024,25373,0.2749,4.21,591.04,38.0367,32.2641,15.54,76119.0,9.99474407280768,8.703672758358856,10.141480306700544,11.240066321410087,1148431000.0,20.86166250079632,3.0,45261.93,10.720243654166854,7539780.1,743.36,47.8391,152.32,25.7708,1,0,0,0,0,0,0,0
JANSSEN_TECVAYLI,JANSSEN,TECVAYLI,none,EMAIL ALERT,UNKNOWN,Unknown,unknown,unknown,unknown,unknown,Rheumatology,Southwest,2024-11-12,2024,4,11,521,60453,16776,33873,0.2775,2.02,701.15,38.4489,27.8441,18.24,101619.0,11.009638024242527,9.7277641797704,10.430403037451066,11.528995645147722,1750049200.0,21.28290973934376,3.0,51665.02,10.852555591025915,10119491.34,874.09,47.9322,172.94,24.6649,1,0,0,0,0,0,0,0
JANSSEN_TREMFYAPSA,JANSSEN,TREMFYA,PSA,EMAIL ALERT,UNKNOWN,Unknown,unknown,unknown,unknown,unknown,Pulmonology,Pacific,2024-11-12,2024,4,11,521,170982,73647,228761,0.4307,3.11,597.18,33.0775,26.9089,18.05,686283.0,12.049319415338099,11.207052266057023,12.340437440778235,13.439046815205177,6272550583.0,22.559448900580463,3.0,27419.67,10.219052387536966,27151973.14,828.2,45.8734,231.02,38.6846,1,0,0,0,0,0,0,0
JANSSEN_TREMFYAPSO,JANSSEN,TREMFYA,PSO,EMAIL ALERT,UNKNOWN,Unknown,unknown,unknown,unknown,unknown,Cardiology,Mountain,2024-11-12,2024,4,11,521,201626,83898,146502,0.4161,1.75,739.73,34.0702,26.4939,21.71,439506.0,12.214174734783148,11.337368973433135,11.89480118504529,12.993408923170522,10911541191.0,23.113086890975868,3.0,74480.49,11.218305917121413,31174833.41,1089.74,50.1908,350.01,47.3159,1,0,0,0,0,0,0,0
JAZZ PHARMACEUTICALS,JAZZ PHARMACEUTICALS,unspecified,none,BRAND ALERT,USA,United States,reference and tools,editorial_videos,code_19,unknown,Dermatology,Northeast,2026-01-27,2026,1,1,80,892,103,135,0.1155,1.31,827.95,51.4248,31.4087,16.1,5265.0,6.794586580876499,4.6443908991413725,4.912654885736052,8.569026340056254,1500000.0,14.220976332738882,39.0,11111.11,9.315790783593247,25113.64,887.68,55.1346,59.73,7.214,0,0,0,0,0,0,0,0
JAZZ PHARMACEUTICALS,JAZZ PHARMACEUTICALS,unspecified,none,EMAIL ALERT,USA,United States,reference and tools,editorial_videos,code_8,unknown,Cardiology,Northeast,2025-02-13,2025,1,2,428,706,376,837,0.5326,2.23,874.3,35.0646,58.0691,24.93,2511.0,6.561030665896573,5.932245187448011,6.731018100482083,7.828834527588089,15744000.0,16.57196996179043,3.0,18810.04,9.842199210506156,86390.86,1056.55,42.3735,182.24,20.8442,0,0,0,0,0,0,0,0
JAZZ_ZEPZELCA_BA,JAZZ PHARMACEUTICALS,ZEPZELCA,BA,BRAND ALERT,USA,United States,reference and tools,editorial_videos,code_8,unknown,Rheumatology,West,2025-02-13,2025,1,2,428,1538,327,1234,0.2126,3.77,732.48,81.2873,47.475,9.01,48126.0,7.338888133838879,5.793013608384144,7.118826249062078,10.781598629168116,31488000.0,17.265117110592247,39.0,25517.02,10.147140148241863,413040.67,808.72,89.7475,76.23,10.4077,0,0,0,0,0,0,0,0
JAZZ_ZEPZELCA_EA,JAZZ PHARMACEUTICALS,ZEPZELCA,EA,EMAIL ALERT,USA,United States,reference and tools,editorial_videos,code_8,unknown,Pulmonology,Mid-Atlantic,2025-02-13,2025,1,2,428,7977,2265,4792,0.2839,2.12,921.42,114.4076,73.6717,8.05,14376.0,8.984443032465352,7.725771441587952,8.474911799159631,9.573384986422592,74784000.0,18.130114529692566,3.0,15606.01,9.655475451280479,531683.01,1062.08,131.8719,140.66,15.265,0,0,0,0,0,0,0,0
LILLY,LILLY,unspecified,none,BRAND ALERT,IND,India,news and perspectives,unknown,code_15,unknown,Hematology,Midwest,2021-11-23,2021,4,11,1606,1391,331,637,0.238,1.92,1252.09,66.3065,74.7994,18.88,24843.0,7.238496840894365,5.805134968916488,6.45833828334479,10.120371553679194,13005396.0,16.38087498311945,39.0,20416.63,9.924154022299218,90106.57,1396.42,73.9499,144.33,11.5274,0,0,0,0,0,0,0,1
LILLY,LILLY,unspecified,none,BRAND ALERT,USA,United States,news and perspectives,unknown,code_10,code_35,Nephrology,Pacific,2021-11-16,2021,4,11,1613,1984,487,926,0.2455,1.9,1478.34,113.0804,49.2931,13.07,36114.0,7.59337419312129,6.1903154058531475,6.831953565565855,10.494463570484948,30776076.0,17.242248225360708,39.0,33235.5,10.411403948599984,210016.75,1624.89,124.2895,146.54,9.9125,0,1,0,0,0,0,0,0
LILLY,LILLY,unspecified,none,BRAND ALERT,USA,United States,reference and tools,unknown,code_11,code_45,Cardiology,Mid-Atlantic,2021-12-07,2021,4,12,1592,1363,339,983,0.2487,2.9,3419.95,282.9563,188.7909,12.09,38337.0,7.218176838403408,5.8289456176102075,6.891625897052253,10.554196850398105,22773912.0,16.94112627219961,39.0,23167.76,10.050560098514811,66866.39,3760.54,311.1356,340.59,9.9589,0,1,0,0,0,0,0,0
LILLY,LILLY,unspecified,none,BRAND ALERT,USA,United States,search,unknown,code_8,unknown,Cardiology,Southwest,2022-10-03,2022,4,10,1292,66942,5991,26475,0.0895,4.42,1832.09,137.7274,127.1422,13.3,1032525.0,11.11159679001446,8.698180525197055,10.183993941238814,13.847518785098337,4371138741.0,22.198289393801762,39.0,165104.39,12.014339276256,16239803.2,2101.25,157.9617,269.16,14.6915,0,0,0,0,0,0,0,0
LILLY,LILLY,unspecified,none,BRAND ALERT,USA,United States,search,editorial_videos,code_8,unknown,Urology,South Atlantic,2022-10-04,2022,4,10,1291,71560,14690,39878,0.2053,2.71,873.26,70.6933,34.585,12.35,1555242.0,11.178305511812328,9.594990340370426,10.593605148535708,14.257142361483035,4582576811.0,22.24552729956711,39.0,114914.91,11.651955922484252,22245055.14,1079.26,87.37,206.0,23.5903,0,0,0,0,0,0,0,0
LILLY,LILLY,unspecified,none,BRAND ALERT,VGB,British Virgin Islands,search,editorial_videos,code_8,unknown,Pulmonology,Mountain,2024-03-04,2024,1,3,774,10755,1858,5646,0.1728,3.04,1292.13,151.5976,61.9745,8.52,220194.0,9.283219017388756,7.527793987721444,8.638879709672837,12.302268796382581,333166500.0,19.62415292598787,39.0,59009.3,10.985467283922379,1239559.46,1560.91,183.1316,268.78,20.8011,0,0,0,0,0,0,0,1
LILLY,LILLY,unspecified,none,BRAND ALERT,VGB,British Virgin Islands,search,unknown,code_8,unknown,Nephrology,Pacific,2022-11-21,2022,4,11,1243,69268,13853,55967,0.2,4.04,1515.57,61.8193,116.6535,24.52,2182713.0,11.145752754648552,9.536329278582551,10.93253537781833,14.59607961458091,1922732944.0,21.377013419754178,39.0,34354.76,10.444524969182359,5799782.38,1847.08,75.3418,331.52,21.8742,0,0,0,0,0,0,0,1
LILLY,LILLY,unspecified,none,BRANDSPOT,USA,United States,reference and tools,editorial_videos,code_12,code_59,Cardiology,Mid-Atlantic,2023-11-16,2023,4,11,883,14383,4930,14621,0.3428,2.97,3863.43,328.728,219.3413,11.75,994228.0,9.573871756711402,8.503297086224126,9.590282522853261,13.809722841398548,173784767.37,18.973328128117313,68.0,11885.97,9.383198121211981,221848.36,4646.78,395.3809,783.35,20.276,0,1,1,0,1,0,0,0
LILLY,LILLY,unspecified,none,BRANDSPOT,USA,United States,search,editorial_videos,code_8,unknown,Internal Medicine,Mid-Atlantic,2022-10-04,2022,4,10,1291,8019,2231,4035,0.2782,1.81,2633.73,128.6096,144.0033,20.48,274380.0,8.98969370086056,7.710653323501202,8.3030093814735,12.522272930454022,394295280.0,19.792610630731602,68.0,97718.78,11.48985927403881,656133.52,3234.67,157.9544,600.94,22.817,0,0,0,0,0,0,0,0
LILLY,LILLY,unspecified,none,BRANDSPOT,USA,United States,search,unknown,code_8,unknown,Endocrinology,Mountain,2022-12-19,2022,4,12,1215,3757,1174,2569,0.3125,2.19,3784.74,180.5339,150.9271,20.96,174692.0,8.231642179973411,7.069023426578259,7.851661177889265,12.070785426630195,86483107.0,18.27545966959486,68.0,33664.11,10.424217268462533,129623.02,4451.93,212.3592,667.19,17.6284,0,0,0,0,0,0,0,0
LILLY,LILLY,unspecified,none,CONDITION MESSAGE,USA,United States,news and perspectives,editorial_videos,code_13,unknown,Pulmonology,West,2023-08-14,2023,3,8,977,984,268,595,0.2724,2.22,2640.52,110.9586,253.569,23.8,0.0,6.892641641172089,5.594711379601839,6.39024066706535,0.0,0.0,0.0,11.0,0.0,0.0,0.0,3065.04,128.7972,424.51,16.0769,0,0,0,0,0,1,1,0
LILLY,LILLY,unspecified,none,EMAIL ALERT,USA,United States,news and perspectives,unknown,code_10,code_35,Gastroenterology,Midwest,2021-11-16,2021,4,11,1613,1930,967,2428,0.501,2.51,2333.93,273.9571,151.7474,8.52,7284.0,7.565793282428515,6.875232087276577,7.795234929002173,8.893572718629306,13678256.0,16.431318049760343,3.0,5633.55,8.636672565254885,28748.15,2809.73,329.8061,475.8,20.386,0,1,0,0,0,0,0,0
LILLY,LILLY,unspecified,none,EMAIL ALERT,USA,United States,reference and tools,unknown,code_11,code_45,Urology,Midwest,2021-12-07,2021,4,12,1592,730,275,717,0.3767,2.61,1803.93,79.0336,88.6368,22.82,2151.0,6.594413459749778,5.62040086571715,6.576469569048224,7.674152921281675,9760248.0,16.093828470358925,3.0,13612.62,9.518826041175265,33950.61,2091.41,91.6289,287.48,15.9365,0,1,0,0,0,0,0,0
LILLY,LILLY,unspecified,none,EMAIL ALERT,USA,United States,search,editorial_videos,code_8,unknown,Cardiology,Mid-Atlantic,2022-10-04,2022,4,10,1291,267116,84615,324860,0.3168,3.84,2740.39,161.5523,178.2141,16.96,974580.0,12.495442043647012,11.345878653007889,12.69115267751774,13.789762914024001,7297585960.0,22.7108094401367,3.0,22463.79,10.019704473586097,6981141.93,3785.72,223.1769,1045.33,38.1453,0,0,0,0,0,0,0,0
LILLY,LILLY,unspecified,none,EMAIL ALERT,USA,United States,search,unknown,code_8,unknown,Urology,Southeast,2022-10-03,2022,4,10,1292,278286,102686,241617,0.369,2.35,1245.43,66.4116,55.1842,18.75,724851.0,12.536408234241835,11.539440805625956,12.395113245578822,13.493722775066793,6998130109.0,22.668908823174057,3.0,28963.73,10.27383416189225,17884393.67,1636.73,87.2772,391.3,31.4186,0,0,0,0,0,0,0,0
LILLY,LILLY,unspecified,none,EMAIL ALERT,VGB,British Virgin Islands,search,unknown,code_8,unknown,Gastroenterology,Mid-Atlantic,2022-11-21,2022,4,11,1243,67394,34881,95754,0.5176,2.75,3674.44,193.8404,187.1147,18.96,287262.0,11.11832611017237,10.459726215828614,11.46954812500066,12.568153451431941,2380210782.0,21.590454884993925,3.0,24857.56,10.120957439010512,1626070.31,5138.22,271.0603,1463.78,39.8369,0,0,0,0,0,0,0,1
LILLY,LILLY,unspecified,none,EMAIL ALERT,VGB,British Virgin Islands,search,editorial_videos,code_8,unknown,Rheumatology,Mid-Atlantic,2024-03-04,2024,1,3,774,6636,1950,6361,0.2939,3.26,3453.86,157.4478,200.4075,21.94,19083.0,8.800415333145924,7.576097340623111,8.758098072309089,9.856605566635997,304195500.0,19.533181148068003,3.0,47821.96,10.775261137883783,454059.06,4123.81,187.988,669.95,19.397,0,0,0,0,0,0,0,1
LILLY,LILLY,unspecified,none,POINT OF CONTACT,USA,United States,search,editorial_videos,code_8,unknown,Rheumatology,Mountain,2023-12-11,2023,4,12,858,3059,1004,2456,0.3282,2.45,1816.1,132.8732,62.6584,13.67,95784.0,8.026170194946426,6.912742820493176,7.806696372521179,11.469861375499201,109861128.0,18.514727662541762,39.0,44731.73,10.708460727428314,214858.79,2327.42,170.2832,511.32,28.1547,0,0,0,1,0,0,0,0
LILLY,LILLY,unspecified,none,POINT OF CONTACT,USA,United States,search,unknown,code_8,unknown,Dermatology,South Atlantic,2022-10-03,2022,4,10,1292,70820,18293,72452,0.2583,3.96,3848.95,188.1036,169.9828,20.46,2825628.0,11.167910845871203,9.81432841621631,11.190693354759041,14.85424155264602,1170005105.0,20.880273949849116,39.0,16148.69,9.689656133420137,1394466.17,4687.99,229.1084,839.03,21.799,0,0,0,1,0,0,0,0
LILLY,LILLY,unspecified,none,POINT OF CONTACT,VGB,British Virgin Islands,search,unknown,code_8,unknown,Pulmonology,Mountain,2022-11-21,2022,4,11,1243,11914,4114,12912,0.3453,3.14,3440.64,202.5596,273.0923,16.99,503568.0,9.385553389532843,8.32239411311117,9.465989834846651,13.129476022466529,318245453.0,19.578333510932133,39.0,24647.26,10.112461588744075,399510.33,4237.23,249.4569,796.59,23.1523,0,0,0,1,0,0,0,1
LILLY,LILLY,unspecified,none,TARGET LIST MEDIA,USA,United States,reference and tools,editorial_videos,code_12,code_59,Gastroenterology,Pacific,2023-11-16,2023,4,11,883,13506,2712,5885,0.2008,2.17,2932.18,136.4586,138.2985,21.49,229515.0,9.510963348560765,7.905810312658931,8.680331928793418,12.343728022828234,173784815.05,18.97332840247964,39.0,29530.13,10.293200240175834,302845.69,3506.02,163.1641,573.84,19.5704,0,1,1,1,1,0,0,0
LILLY_MOUNJARO_MDALERT,LILLY,MOUNJARO,MDALERT,BRAND ALERT,USA,United States,search,sponsored_videos,code_8,unknown,Neurology,Mid-Atlantic,2024-07-31,2024,3,7,625,5157,1184,4210,0.2296,3.56,1189.64,47.8934,46.4437,24.84,164190.0,8.54830418644129,7.077498053569231,8.345455428161928,12.008785663292429,104129431.0,18.46114522177114,39.0,24733.83,10.115967650785958,689312.15,1340.7,53.975,151.06,12.6982,0,0,0,0,0,0,0,0
LILLY_MOUNJARO_MDALERT,LILLY,MOUNJARO,MDALERT,BRAND ALERT,USA,United States,search,sponsored_videos,psychologist,urology,Dermatology,Midwest,2023-11-16,2023,4,11,883,1077,129,379,0.1198,2.94,2330.35,204.2183,96.4158,11.41,14781.0,6.982862751468942,4.867534450455582,5.940171252720432,9.601165503344832,39402000.0,17.489327159780586,39.0,103963.06,11.551800541474968,232228.4,2500.02,219.0871,169.67,7.2808,0,1,0,0,0,0,0,0
LILLY_MOUNJARO_MDALERT,LILLY,MOUNJARO,MDALERT,BRAND ALERT,VGB,British Virgin Islands,search,editorial_videos,code_8,unknown,Neurology,Midwest,2024-03-04,2024,1,3,774,1181,276,817,0.2337,2.96,2419.54,97.1352,180.0017,24.91,31863.0,7.074963197966044,5.6240175061873385,6.706862336602747,10.36923212486148,8060488.0,15.902484782617648,39.0,9865.96,9.196947080931851,24516.43,2748.32,110.3344,328.78,13.5885,0,0,0,0,0,0,0,1
LILLY_MOUNJARO_MDALERT,LILLY,MOUNJARO,MDALERT,EMAIL ALERT,UNKNOWN,Unknown,unknown,unknown,unknown,unknown,Pulmonology,Northeast,2023-11-16,2023,4,11,883,144044,61588,171682,0.4276,2.79,1544.16,162.0862,52.4363,9.53,515046.0,11.877881029740182,11.028238562147264,12.053405032082773,13.15201343761766,13858991701.0,23.352200079288398,3.0,80724.78,11.298813258013984,18596107.45,2289.43,240.3143,745.26,48.2632,1,0,0,0,0,0,0,0
LILLY_MOUNJARO_MDALERT,LILLY,MOUNJARO,MDALERT,EMAIL ALERT,USA,United States,search,editorial_videos,code_8,unknown,Oncology,West,2023-05-02,2023,2,5,1081,1512,536,1522,0.3545,2.84,1055.89,131.3393,55.6426,8.04,4566.0,7.321849713788356,6.285998094508865,7.328437352895162,8.426611813185,5410950.0,15.503935420956445,3.0,3555.16,8.176436589997282,36128.73,1205.66,149.9687,149.77,14.1841,0,0,0,0,0,0,0,0
LILLY_MOUNJARO_MDALERT,LILLY,MOUNJARO,MDALERT,EMAIL ALERT,USA,United States,search,sponsored_videos,code_8,unknown,Nephrology,Southwest,2024-07-31,2024,3,7,625,1145,529,1970,0.462,3.72,3285.52,375.4552,249.2709,8.75,5910.0,7.044032897274685,6.272877006546167,7.58629630715272,8.684570300824369,7754307.0,15.863759117858235,3.0,3936.2,8.278225089755056,11040.04,3987.9,455.7203,702.38,21.3781,0,0,0,0,0,0,0,0
LILLY_MOUNJARO_MDALERT,LILLY,MOUNJARO,MDALERT,EMAIL ALERT,USA,United States,search,sponsored_videos,psychologist,urology,Urology,Pacific,2023-11-16,2023,4,11,883,5627,2219,3416,0.3943,1.54,1190.51,86.2047,87.5125,13.81,10248.0,8.63550941823428,7.705262474866325,8.136518252115291,9.234935418831563,126086400.0,18.652477952137914,3.0,36910.54,10.516279518263929,336257.38,1565.48,113.3561,374.97,31.4965,0,1,0,0,0,0,0,0
LILLY_MOUNJARO_MDALERT,LILLY,MOUNJARO,MDALERT,EMAIL ALERT,VGB,British Virgin Islands,search,editorial_videos,code_8,unknown,Urology,Pacific,2024-03-04,2024,1,3,774,1863,677,1559,0.3634,2.3,2701.73,144.02,225.8085,18.76,4677.0,7.530479995245536,6.519147287940395,7.352441100243583,8.450625947144124,13434147.0,16.41331038157125,3.0,8617.16,9.061626883795968,26643.31,3205.95,170.8984,504.22,18.6629,0,0,0,0,0,0,0,1
LILLY_MOUNJARO_MEDSCAPE,LILLY,MOUNJARO,MEDSCAPE,BRAND ALERT,USA,United States,search,sponsored_videos,code_8,unknown,Nephrology,West,2024-07-31,2024,3,7,625,63925,12776,18514,0.1999,1.45,3796.64,413.87,145.6304,9.17,722046.0,11.06548144336906,9.455401958591324,9.826336493347712,13.489845512709158,2477426114.0,21.630486001322105,39.0,133813.66,11.804210987191482,3463528.38,4511.93,491.8435,715.29,18.8401,0,0,0,0,0,0,0,0
LILLY_MOUNJARO_MEDSCAPE,LILLY,MOUNJARO,MEDSCAPE,BRAND ALERT,USA,United States,search,sponsored_videos,psychologist,urology,Nephrology,Southwest,2023-11-16,2023,4,11,883,1854,226,832,0.1219,3.68,3603.54,445.0833,289.6592,8.1,32448.0,7.5256399750415355,5.424950017481403,6.725033642166843,10.387424905016408,47282400.0,17.671648712344638,39.0,56829.81,10.947833887224963,130256.98,3966.53,489.9177,362.99,10.0732,0,1,0,0,0,0,0,0
LILLY_MOUNJARO_MEDSCAPE,LILLY,MOUNJARO,MEDSCAPE,BRAND ALERT,VGB,British Virgin Islands,search,editorial_videos,code_8,unknown,Rheumatology,South Atlantic,2024-03-04,2024,1,3,774,1871,254,533,0.1358,2.1,1688.81,70.5712,135.0776,23.93,20787.0,7.534762657037537,5.541263545158426,6.280395838960195,9.942131176128333,32241952.0,17.288779050691073,39.0,60491.47,11.010274173462877,256118.18,1814.7,75.8318,125.89,7.4542,0,0,0,0,0,0,0,1
LILLY_MOUNJARO_MEDSCAPE,LILLY,MOUNJARO,MEDSCAPE,BRAND ALERT,ZAF,South Africa,search,sponsored_videos,code_8,unknown,Neurology,Mid-Atlantic,2024-11-22,2024,4,11,511,36976,5689,23674,0.1539,4.16,3524.64,160.4094,130.4965,21.97,923286.0,10.518051376717915,8.646465527120377,10.072174918054278,13.735695407730912,1991803824.0,21.412306509833503,39.0,84134.66,11.340185775115346,1677381.2,4712.08,214.4512,1187.45,33.69,0,0,0,0,0,0,0,1
LILLY_MOUNJARO_MEDSCAPE,LILLY,MOUNJARO,MEDSCAPE,BRAND ALERT,ZAF,South Africa,search,editorial_videos,code_99,unknown,Nephrology,Southwest,2025-02-27,2025,1,2,414,124262,15299,44944,0.1231,2.94,801.06,36.8202,47.4225,21.76,1752816.0,11.730155566252371,9.635608107380527,10.7131947990075,14.376734765984047,29350113111.0,24.102562237114284,39.0,653037.4,13.389391212042609,124989515.13,1035.88,47.6135,234.82,29.3136,0,0,0,0,0,0,0,1
LILLY_MOUNJARO_MEDSCAPE,LILLY,MOUNJARO,MEDSCAPE,BRANDSPOT,USA,United States,search,sponsored_videos,psychologist,urology,Internal Medicine,Southeast,2023-11-16,2023,4,11,883,12429,2649,10178,0.2131,3.84,856.6,37.1866,80.6808,23.04,692104.0,9.427868184504756,7.882314918980268,9.22808205345234,13.447492957193399,51222600.0,17.75169141839129,68.0,5032.68,8.523906605935375,445946.2,971.46,42.173,114.86,13.4091,0,1,0,0,0,0,0,0
LILLY_MOUNJARO_MEDSCAPE,LILLY,MOUNJARO,MEDSCAPE,EMAIL ALERT,UNKNOWN,Unknown,unknown,unknown,unknown,unknown,Primary Care,Northeast,2023-11-16,2023,4,11,883,9392,3958,17535,0.4214,4.43,2728.17,137.09,247.1637,19.9,52605.0,9.147720009994515,8.28374674710613,9.772011189747742,10.870585460661555,76424314.0,18.15181146266535,3.0,4358.39,8.380087418298126,96948.47,3516.47,176.7018,788.3,28.8948,1,0,0,0,0,0,0,0
LILLY_MOUNJARO_MEDSCAPE,LILLY,MOUNJARO,MEDSCAPE,EMAIL ALERT,USA,United States,search,editorial_videos,code_8,unknown,Nephrology,Southwest,2023-05-02,2023,2,5,1081,1908,901,3578,0.4722,3.97,1967.35,201.2665,153.1801,9.77,10734.0,7.554334823725748,6.804614520062624,8.182838710766026,9.28126471031288,7188925.0,15.788052344409065,3.0,2009.2,7.605989498590639,20423.26,2319.35,237.2769,352.0,17.8919,0,0,0,0,0,0,0,0
LILLY_MOUNJARO_MEDSCAPE,LILLY,MOUNJARO,MEDSCAPE,EMAIL ALERT,USA,United States,search,sponsored_videos,code_8,unknown,Cardiology,Southwest,2024-07-31,2024,3,7,625,77840,37375,151782,0.4802,4.06,2036.67,137.7555,142.7456,14.78,455346.0,11.26242356364273,10.5287840661879,11.930207148212563,13.028815044635621,3262194977.0,21.905666111891115,3.0,21492.63,9.975511891146672,3453639.65,2981.24,201.6437,944.57,46.3779,0,0,0,0,0,0,0,0
LILLY_MOUNJARO_MEDSCAPE,LILLY,MOUNJARO,MEDSCAPE,EMAIL ALERT,USA,United States,search,sponsored_videos,psychologist,urology,Cardiology,Northeast,2023-11-16,2023,4,11,883,3306,1642,4181,0.4967,2.55,2606.21,128.4257,111.8405,20.29,12543.0,8.103796712981794,7.404279118037268,8.338544879988579,9.436997742590188,63043200.0,17.959330779509038,3.0,15078.5,9.621091484513585,68552.89,3525.84,173.742,919.63,35.286,0,1,0,0,0,0,0,0
LILLY_MOUNJARO_MEDSCAPE,LILLY,MOUNJARO,MEDSCAPE,EMAIL ALERT,VGB,British Virgin Islands,search,editorial_videos,code_8,unknown,Cardiology,Mid-Atlantic,2024-03-04,2024,1,3,774,1132,535,1616,0.4726,3.02,1413.7,110.7425,107.5344,12.77,4848.0,7.0326242610280065,6.284134161070802,7.388327859577107,8.486527777105353,8060488.0,15.902484782617648,3.0,4987.93,8.514976736894695,27698.33,1704.71,133.5387,291.01,20.5849,0,0,0,0,0,0,0,1
LILLY_MOUNJARO_MEDSCAPE,LILLY,MOUNJARO,MEDSCAPE,EMAIL ALERT,ZAF,South Africa,search,sponsored_videos,code_8,unknown,Rheumatology,Southwest,2024-11-22,2024,4,11,511,42251,19195,39116,0.4543,2.04,1477.62,75.0596,119.3794,19.69,117348.0,10.651406968943053,9.862457202978137,10.574312434091581,11.67290767972603,1701332433.0,21.254677565715635,3.0,43494.54,10.680413683084714,4164556.59,1886.14,95.8119,408.53,27.6477,0,0,0,0,0,0,0,1
LILLY_MOUNJARO_MEDSCAPE,LILLY,MOUNJARO,MEDSCAPE,TARGET LIST MEDIA,USA,United States,search,editorial_videos,code_8,unknown,Gastroenterology,Northeast,2023-05-02,2023,2,5,1081,1472,166,306,0.1128,1.84,2350.73,279.3005,92.9347,8.42,11934.0,7.29505641646263,5.117993812416755,5.726847747587197,9.387230538772931,3710000.0,15.126542704125361,39.0,12124.18,9.403039561056318,16784.6,2571.76,305.5628,221.04,9.4029,0,0,0,1,0,0,0,0
MERCK,MERCK,unspecified,none,BRAND ALERT,USA,United States,reference and tools,editorial_videos,code_15,unknown,Internal Medicine,Northeast,2025-12-22,2025,4,12,116,1782,263,754,0.1476,2.87,3213.61,243.3755,137.2101,13.2,29406.0,7.48605261786314,5.575949103146316,6.626717749249025,10.288988020224695,3704625.0,15.125092866947703,39.0,4913.3,8.499904601278695,18696.91,3411.75,258.3812,198.14,6.1657,0,0,0,0,0,0,0,0
MERCK,MERCK,unspecified,none,BRAND ALERT,USA,United States,search,editorial_videos,code_19,unknown,Hematology,Northeast,2024-04-19,2024,2,4,728,1882,303,958,0.161,3.16,2782.39,160.5052,148.7395,17.34,37362.0,7.5406215286571525,5.717027701406222,6.8658910748834385,10.528436188904791,1619040.0,14.297344556613362,39.0,1690.02,7.4330871761497495,9538.83,2952.12,170.2964,169.73,6.1002,0,0,0,0,0,0,0,0
MERCK,MERCK,unspecified,none,BRAND ALERT,USA,United States,reference and tools,editorial_videos,code_19,unknown,Neurology,Mountain,2025-05-02,2025,2,5,350,1209,113,262,0.0935,2.32,1751.54,93.4376,83.4613,18.75,10218.0,7.098375638590786,4.736198448394496,5.572154032177765,9.23200401161221,44049800.0,17.600831392742613,39.0,168129.01,12.032492828150756,257299.83,1922.74,102.5704,171.2,9.7743,0,0,0,0,0,0,0,0
MERCK,MERCK,unspecified,none,BRAND ALERT,USA,United States,reference and tools,editorial_videos,code_20,unknown,Internal Medicine,Mountain,2025-12-23,2025,4,12,115,7575,1286,3959,0.1698,3.08,2177.08,122.2413,134.0592,17.81,154401.0,8.932740634865914,7.160069207596127,8.283999304248526,11.947314869856795,88421625.0,18.297627135697923,39.0,22334.33,10.01392500869386,307335.56,2464.78,138.3956,287.7,13.2151,0,0,0,0,0,0,0,0
MERCK,MERCK,unspecified,none,BRAND ALERT,USA,United States,reference and tools,editorial_videos,code_8,code_77,Dermatology,Southeast,2023-12-18,2023,4,12,851,1934,298,1230,0.1541,4.13,1346.13,67.7745,68.5052,19.86,47970.0,7.5678626054638825,5.700443573390687,7.115582126184454,10.778351940641137,7555520.0,15.837789112264291,39.0,6142.7,8.723182445510377,66443.33,1459.84,73.4997,113.71,8.4475,0,1,0,0,0,0,0,0
MERCK,MERCK,unspecified,none,BRAND ALERT,USA,United States,search,sponsored_videos,code_8,unknown,Neurology,South Atlantic,2022-12-15,2022,4,12,1219,14936,3231,9813,0.2163,3.04,1038.82,128.1933,51.5965,8.1,382707.0,9.611596635310292,8.080856419640986,9.191565216649849,12.855027575297736,204122558.0,19.134231150824554,39.0,20801.24,9.942815952198702,776918.71,1301.55,160.6155,262.73,25.2916,0,0,0,0,0,0,0,0
MERCK,MERCK,unspecified,none,BRAND ALERT,USA,United States,search,unknown,code_8,unknown,Internal Medicine,Mountain,2022-12-15,2022,4,12,1219,6413,1579,5650,0.2462,3.58,3304.63,340.1222,186.2313,9.72,220350.0,8.7662383802531,7.365180126021013,8.639587799629844,12.302977008494462,53564012.0,17.796388001297885,39.0,9480.36,9.15708304487529,92838.8,3881.58,399.5044,576.96,17.4591,0,0,0,0,0,0,0,0
MERCK,MERCK,unspecified,none,BRAND ALERT,USA,United States,search,editorial_videos,code_8,unknown,Primary Care,Mountain,2022-11-29,2022,4,11,1235,18748,3271,12618,0.1745,3.86,1649.24,72.4239,58.6262,22.77,492102.0,9.83889569664295,8.093156697722637,9.44295889365291,13.106443323157373,964346221.0,20.686960939547657,39.0,76426.23,11.244094325266934,2735486.29,2001.77,87.9048,352.53,21.3754,0,0,0,0,0,0,0,0
MERCK,MERCK,unspecified,none,BRAND ALERT,USA,United States,reference and tools,editorial_videos,code_8,unknown,Internal Medicine,South Atlantic,2025-12-23,2025,4,12,115,46968,6333,28262,0.1348,4.46,1368.85,69.876,132.6248,19.59,1102218.0,10.757243088609178,8.753687227098585,10.249308807716778,13.912835978533467,638576596.0,20.27475219021984,39.0,22594.88,10.025522867756596,1474104.39,1802.05,91.9895,433.2,31.6467,0,0,0,0,0,0,0,0
MERCK,MERCK,unspecified,none,BRAND ALERT,USA,United States,reference and tools,editorial_videos,code_99,code_70,Internal Medicine,West,2025-12-22,2025,4,12,116,1757,153,488,0.0871,3.19,3013.18,303.7527,117.5029,9.92,19032.0,7.471932078245122,5.0369526024136295,6.192362489474872,9.853929593687784,12258000.0,16.321689424607186,39.0,25118.85,10.131413649226726,91560.25,3147.06,317.2488,133.88,4.4431,0,1,0,0,0,0,0,0
MERCK,MERCK,unspecified,none,BRAND ALERT,USA,United States,reference and tools,editorial_videos,code_99,unknown,Internal Medicine,Northeast,2025-06-24,2025,2,6,297,77123,18292,70654,0.2372,3.86,2777.77,124.4783,222.4409,22.32,2755506.0,11.253169795159286,9.814273751991298,11.165564157016847,14.829112012675997,4559206994.0,22.240414540744283,39.0,64528.65,11.0748800870813,5054478.87,3679.78,164.8996,902.01,32.4726,0,0,0,0,0,0,0,0
MERCK,MERCK,unspecified,none,BRAND ALERT,USA,United States,search,sponsored_videos,physician assistant,urology,Urology,Pacific,2023-12-18,2023,4,12,851,2663,629,2752,0.2362,4.38,2826.21,233.2252,108.9057,12.12,107328.0,7.88758403166028,6.4457198193855785,7.920446505142607,11.58365416237263,335168640.0,19.630144369093212,39.0,121790.93,11.710069375905261,452695.64,3566.59,294.3234,740.38,26.1971,0,1,0,0,0,0,0,0
MERCK,MERCK,unspecified,none,BRAND ALERT,VGB,British Virgin Islands,search,unknown,code_8,unknown,Oncology,South Atlantic,2022-12-21,2022,4,12,1213,1897,233,1005,0.1228,4.31,1532.46,95.0045,68.6641,16.13,39195.0,7.5485559791698735,5.455321115357702,6.913737350659685,10.576329979755709,6758620.0,15.726329433126683,39.0,6725.0,8.813735892300215,39136.41,1705.16,105.7106,172.69,11.269,0,0,0,0,0,0,0,1
MERCK,MERCK,unspecified,none,BRAND ALERT,VGB,British Virgin Islands,reference and tools,editorial_videos,code_99,unknown,Pulmonology,Southeast,2025-12-15,2025,4,12,123,76087,15081,25118,0.1982,1.67,1544.47,147.5368,57.4887,10.47,979602.0,11.239645844162222,9.621257258762592,10.131379810872541,13.79490266652994,519042048.0,20.067495457116102,39.0,20664.15,9.93620398556938,1160094.91,1991.88,190.2765,447.41,28.9688,0,0,0,0,0,0,0,1
MERCK,MERCK,unspecified,none,BRAND ALERT,VGB,British Virgin Islands,search,editorial_videos,code_99,unknown,Dermatology,Mid-Atlantic,2024-12-13,2024,4,12,490,45303,4205,10685,0.0928,2.54,1506.57,75.0587,126.0696,20.07,416715.0,10.721150607793641,8.344267356262645,9.276689752517717,12.940160213601647,827390000.0,20.533786727074474,39.0,77434.72,11.257203451828053,2909807.46,1790.91,89.225,284.35,18.8737,0,0,0,0,0,0,0,1
MERCK,MERCK,unspecified,none,BRAND ALERT,VIR,U.S. Virgin Islands,search,editorial_videos,code_8,unknown,Dermatology,Southeast,2024-04-09,2024,2,4,738,3495,378,857,0.1082,2.27,1356.01,70.1268,64.0242,19.34,33423.0,8.159374736775426,5.937536205082426,6.754604099487962,10.417029483796346,175192384.0,18.98139527091008,39.0,204425.19,12.227962260219057,1092701.44,1516.34,78.4183,160.33,11.8236,0,0,0,0,0,0,0,1
MERCK,MERCK,unspecified,none,BRAND ALERT,VIR,U.S. Virgin Islands,search,editorial_videos,code_99,unknown,Urology,Northeast,2024-12-13,2024,4,12,490,18304,2138,3178,0.1168,1.49,2898.32,250.0939,144.7583,11.59,123942.0,9.814929525554337,7.668093709082406,8.064321960910803,11.727577061483766,4597292968.0,22.2487334822162,39.0,1446599.42,14.184726823733236,5447122.08,3742.3,322.9209,843.99,29.1199,0,0,0,0,0,0,0,1
MERCK,MERCK,unspecified,none,BRAND ALERT,VIR,U.S. Virgin Islands,reference and tools,editorial_videos,code_99,unknown,Nephrology,South Atlantic,2025-12-15,2025,4,12,123,198451,25811,84910,0.1301,3.29,3513.65,154.9378,145.6504,22.68,3311490.0,12.198302536265745,10.158594779055731,11.349358928099893,15.012909099101877,6898689796.0,22.654597346026527,39.0,81247.08,11.305262469143543,5198262.71,4840.77,213.4582,1327.11,37.7702,0,0,0,0,0,0,0,1
MERCK,MERCK,unspecified,none,BRAND ALERT,ZAF,South Africa,search,editorial_videos,code_8,unknown,Gastroenterology,Southeast,2022-12-13,2022,4,12,1221,265456,66175,240115,0.2493,3.63,3117.82,210.3477,150.7224,14.82,9364485.0,12.489208147978687,11.100073138428046,12.38887741888953,16.052435007143185,7727424140.0,22.76804141516403,39.0,32182.18,10.379199234806409,7102626.79,4205.78,283.7489,1087.97,34.8952,0,0,0,0,0,0,0,1
MERCK,MERCK,unspecified,none,BRAND ALERT,ZAF,South Africa,search,sponsored_videos,code_8,unknown,Pulmonology,Southeast,2023-12-15,2023,4,12,854,131005,26001,103973,0.1985,4.0,3334.7,257.0541,160.2089,12.97,4054947.0,11.782998402661148,10.165928737122114,11.5518961468683,15.21544842177495,39051857692.0,24.38815628426448,39.0,375596.14,12.836272411803762,43332667.13,4235.91,326.5235,901.21,27.0252,0,0,0,0,0,0,0,1
MERCK,MERCK,unspecified,none,BRAND ALERT,ZAF,South Africa,search,unknown,code_8,unknown,Neurology,West,2022-12-15,2022,4,12,1219,8585,1247,2001,0.1453,1.6,2095.35,197.8691,112.7025,10.59,78039.0,9.057888248784506,7.129297548929373,7.601901959875166,11.264976794737047,213985252.0,19.181417659396686,39.0,106939.16,11.580024704667677,919231.85,2328.14,219.8517,232.79,11.1097,0,0,0,0,0,0,0,1
MERCK,MERCK,unspecified,none,BRAND ALERT,ZAF,South Africa,search,editorial_videos,code_99,unknown,Gastroenterology,West,2023-12-18,2023,4,12,851,273075,56064,229428,0.2053,4.09,2893.04,230.9841,178.8402,12.52,8947692.0,12.517505423702659,10.934267010894981,12.343348892426805,16.00690629166071,36212172611.0,24.312661159255413,39.0,157836.76,11.96932294900938,52297760.1,3585.47,286.268,692.42,23.9341,0,0,0,0,0,0,0,1
MERCK,MERCK,unspecified,none,BRAND ALERT,ZAF,South Africa,search,sponsored_videos,code_99,unknown,Pulmonology,South Atlantic,2024-10-22,2024,4,10,542,1791,421,1398,0.2351,3.32,1933.56,230.8873,98.4234,8.37,299.59,7.491087593534876,6.045005314036012,7.243512974665482,5.7057472099657875,362.0,5.8944028342648505,39.0,0.26,0.23111172096338664,1.38,2195.12,262.1212,261.57,13.5278,0,0,0,0,0,1,1,1
MERCK,MERCK,unspecified,none,BRAND ALERT,ZAF,South Africa,search,sponsored_videos,physician,unknown,Primary Care,Northeast,2023-12-18,2023,4,12,851,5581,1356,4777,0.243,3.52,2481.61,138.5187,200.6181,17.92,186303.0,8.627302414096267,7.213031659834869,8.471777327885755,12.135135027105296,90762000.0,18.323751264790218,39.0,18999.79,9.852235836231566,197551.79,2941.05,164.1634,459.43,18.5135,0,0,0,0,0,0,0,1
MERCK,MERCK,unspecified,none,BRAND ALERT,ZAF,South Africa,search,editorial_videos,physician,unknown,Primary Care,Mountain,2022-12-14,2022,4,12,1220,1909,171,719,0.0896,4.2,2341.23,104.9036,80.0961,22.32,28041.0,7.554858521040676,5.147494476813453,6.579251212010101,10.241458665281076,5012532.0,15.427451934116437,39.0,6971.53,8.849733422109813,20927.68,2580.75,115.6357,239.52,10.2304,0,0,0,0,0,0,0,1
MERCK,MERCK,unspecified,none,BRAND ALERT,ZAF,South Africa,search,sponsored_videos,physician assistant,unknown,Endocrinology,Midwest,2023-12-18,2023,4,12,851,9554,1405,4582,0.1471,3.26,1366.04,78.813,56.2429,17.33,178698.0,9.164819856674374,7.2485040723706105,8.430109084509125,12.09345810516096,293330792.0,19.496811516503644,39.0,64018.07,11.066936286707937,1091520.49,1634.77,94.3176,268.74,19.6726,0,0,0,0,0,0,0,1
MERCK,MERCK,unspecified,none,BRAND ALERT,ZAF,South Africa,search,editorial_videos,physician assistant,urology,Nephrology,Southwest,2023-12-18,2023,4,12,851,38664,3794,8757,0.0981,2.31,2038.65,173.8328,70.1789,11.73,341523.0,10.562690077043136,8.24143968982973,9.077722847361343,12.741173233708066,1172672124.0,20.88255084921615,39.0,133912.54,11.804949646805941,3427401.66,2380.8,203.0071,342.15,16.783,0,1,0,0,0,0,0,1
MERCK,MERCK,unspecified,none,BRAND ALERT,ZAF,South Africa,search,editorial_videos,psychologist,urology,Hematology,Pacific,2023-12-15,2023,4,12,854,3636,498,1953,0.137,3.92,3884.23,453.1102,267.2413,8.57,76167.0,8.19891444498699,6.212606095751519,7.577633832602728,11.240696705965528,238814895.0,19.291199316096723,39.0,122281.05,11.714085540666337,348847.55,4568.81,532.9694,684.58,17.6247,0,1,0,0,0,0,0,1
MERCK,MERCK,unspecified,none,BRAND ALERT,ZAF,South Africa,search,sponsored_videos,psychologist,vascular medicine,Primary Care,Southwest,2023-12-18,2023,4,12,851,35080,3818,9155,0.1088,2.4,1595.46,136.9646,57.834,11.65,357045.0,10.465414952351203,8.247743887225516,9.122164681072457,12.785619904001745,3497241129.0,21.975240246039093,39.0,382003.4,12.853187405846985,10107447.31,1941.46,166.6681,346.01,21.687,0,1,0,0,0,0,0,1
MERCK,MERCK,unspecified,none,BRAND ALERT,ZAF,South Africa,search,editorial_videos,psychologist,vascular medicine,Neurology,West,2024-12-12,2024,4,12,491,75343,14312,18790,0.19,1.31,1228.17,81.4758,46.9201,15.07,732810.0,11.229819572483336,9.568923494184217,9.841133310789152,13.504643103146426,4284562959.0,22.17828439079568,39.0,228023.57,12.33720866528844,12801402.69,1562.87,103.6792,334.69,27.2515,0,1,0,0,0,0,0,1
MERCK,MERCK,unspecified,none,BRAND ALERT,ZMB,Zambia,reference and tools,editorial_videos,code_99,unknown,Oncology,South Atlantic,2025-12-15,2025,4,12,123,42728,6238,24584,0.146,3.94,2139.46,102.3008,90.8743,20.91,958776.0,10.662633125602696,8.738575192110787,10.10989177984604,13.77341379293591,543442500.0,20.113434465000722,39.0,22105.54,10.003628771329717,885502.4,2753.17,131.6462,613.71,28.6853,0,0,0,0,0,0,0,1
MERCK,MERCK,unspecified,none,BRAND ALERT,ZMB,Zambia,search,sponsored_videos,code_99,unknown,Cardiology,Southwest,2024-10-22,2024,4,10,542,1198,142,332,0.1185,2.34,3329.08,297.4165,147.9553,11.19,98.49,7.089243155027514,4.962844630259907,5.808142489980444,4.600057136601269,150.0,5.017279836814924,39.0,0.45,0.37156355643248307,0.43,3676.98,328.4979,347.9,10.4504,0,0,0,0,0,1,1,1
MERCK,MERCK,unspecified,none,BRAND ALERT,ZWE,Zimbabwe,search,editorial_videos,code_99,unknown,Endocrinology,Northeast,2024-12-13,2024,4,12,490,41736,5225,19612,0.1252,3.75,2662.87,131.588,163.0565,20.24,764868.0,10.639143304545533,8.561401446080557,9.883947890661512,13.54745985631505,4927889232.0,22.318176585855213,39.0,251269.08,12.434283655559968,6191405.97,3458.8,170.9192,795.92,29.8897,0,0,0,0,0,0,0,1
MERCK,MERCK,unspecified,none,BRAND ALERT,ZWE,Zimbabwe,search,sponsored_videos,psychologist,vascular medicine,Cardiology,Pacific,2023-12-18,2023,4,12,851,14289,2018,4837,0.1412,2.4,2979.12,131.0202,113.1531,22.74,188643.0,9.567315270923913,7.610357618312838,8.484256691169973,12.147616919956905,213315180.0,19.1782813529671,39.0,44100.72,10.694254062941942,555442.63,3363.16,147.9103,384.05,12.8912,0,1,0,0,0,0,0,1
MERCK,MERCK,unspecified,none,BRAND INTERCEPT,UNKNOWN,Unknown,unknown,unknown,unknown,unknown,Dermatology,Southwest,2023-12-21,2023,4,12,848,1141,109,440,0.0955,4.04,1407.02,89.5218,70.2447,15.72,17160.0,7.040536390215956,4.700480365792417,6.089044875446846,9.750394646402302,532245.0,13.184861067462103,39.0,1209.65,7.098912684438491,9126.52,1465.34,93.2324,58.32,4.1448,1,0,0,1,0,0,0,0
MERCK,MERCK,unspecified,none,BRAND INTERCEPT,USA,United States,other,editorial_videos,code_99,unknown,Nephrology,Pacific,2025-04-25,2025,2,4,357,2854,352,677,0.1233,1.92,2780.63,126.5976,243.5344,21.96,26403.0,7.956827122090111,5.8664680569332965,6.519147287940395,10.181270792808661,52519250.0,17.77669034606336,39.0,77576.44,11.259031942254095,100169.37,3304.94,150.4684,524.3,18.8556,0,0,0,1,0,0,0,0
MERCK,MERCK,unspecified,none,BRAND INTERCEPT,USA,United States,reference and tools,editorial_videos,code_99,unknown,Internal Medicine,Mid-Atlantic,2024-12-02,2024,4,12,501,1748,112,494,0.0641,4.41,1835.2,105.2948,112.885,17.43,19266.0,7.466799475018602,4.727387818712341,6.20455776256869,9.86614906688076,33743745.0,17.334305654408258,39.0,68307.18,11.131784804126923,495084.55,1903.36,109.2053,68.16,3.7139,0,0,0,1,0,0,0,0
MERCK,MERCK,unspecified,none,BRAND INTERCEPT,ZAF,South Africa,reference and tools,editorial_videos,code_19,unknown,Hematology,Northeast,2025-05-13,2025,2,5,339,884,87,328,0.0984,3.77,3469.77,184.2629,120.8729,18.83,12792.0,6.785587645007929,4.477336814478207,5.796057750765372,9.456653425317034,6510350.0,15.688903929781972,39.0,19848.63,9.895940646143124,29902.35,3687.49,195.825,217.72,6.2748,0,0,0,1,0,0,0,1
MERCK,MERCK,unspecified,none,BRAND INTERCEPT,ZAF,South Africa,reference and tools,editorial_videos,code_8,unknown,Dermatology,Midwest,2023-06-21,2023,2,6,1031,1926,226,356,0.1173,1.58,2813.76,166.0353,104.1607,16.95,13884.0,7.563719668414366,5.424950017481403,5.877735781779639,9.538564399740899,8182320.0,15.91748640916341,39.0,22984.04,10.042598848504205,63354.46,2942.91,173.6563,129.15,4.59,0,0,0,1,0,0,0,1
MERCK,MERCK,unspecified,none,BRAND INTERCEPT,ZAF,South Africa,other,editorial_videos,code_8,unknown,Pulmonology,Southeast,2023-12-21,2023,4,12,848,1653,238,729,0.144,3.06,1436.34,90.4842,48.4626,15.87,28431.0,7.4109518755836366,5.476463551931511,6.593044534142437,10.255270550394432,10608000.0,16.177119085676253,39.0,14551.44,9.58551395613447,71333.58,1585.05,99.8524,148.71,10.3534,0,0,0,1,0,0,0,1
MERCK,MERCK,unspecified,none,BRAND PLAY,USA,United States,reference and tools,editorial_videos,code_20,unknown,Dermatology,Pacific,2025-12-23,2025,4,12,115,1576,234,1041,0.1485,4.45,1006.77,83.974,44.6267,11.99,40599.0,7.3632795869630385,5.459585514144159,6.948897222313312,10.611523345589823,25879500.0,17.068961746112787,39.0,24860.23,10.121064840912354,381955.52,1074.53,89.6254,67.76,6.7299,0,0,0,1,0,0,0,0
MERCK,MERCK,unspecified,none,BRAND PLAY,USA,United States,reference and tools,editorial_videos,code_8,unknown,Rheumatology,Northeast,2025-12-23,2025,4,12,115,1229,152,418,0.1237,2.75,936.43,71.1879,62.6364,13.15,16302.0,7.114769448366463,5.030437921392435,6.037870919922137,9.699104418939655,47686294.0,17.680154598013413,39.0,114082.04,11.64468188325941,535252.03,1025.52,77.9606,89.09,9.514,0,0,0,1,0,0,0,0
MERCK,MERCK,unspecified,none,BRAND PLAY,USA,United States,news and perspectives,editorial_videos,code_8,unknown,Nephrology,Pacific,2025-12-23,2025,4,12,115,1939,220,396,0.1135,1.8,1988.51,153.7963,150.0047,12.93,15444.0,7.570443252057374,5.3981627015177525,5.983936280687191,9.645040605352682,9361800.0,16.052148244474388,39.0,23640.91,10.07077626351854,40499.82,2219.66,171.6745,231.16,11.6246,0,0,0,1,0,0,0,0
MERCK,MERCK,unspecified,none,BRAND PLAY,USA,United States,reference and tools,editorial_videos,code_99,unknown,Primary Care,Pacific,2025-12-22,2025,4,12,116,746,200,559,0.2681,2.8,1650.72,93.9197,120.155,17.58,21801.0,6.616065185132817,5.303304908059076,6.327936783729195,9.989756987688304,48594195.0,17.699014657870812,39.0,86930.58,11.372876651451477,303190.25,1811.0,103.0387,160.28,9.7095,0,0,0,1,0,0,0,0
MERCK,MERCK,unspecified,none,BRAND PLAY,USA,United States,news and perspectives,editorial_videos,code_99,unknown,Oncology,Mountain,2025-01-29,2025,1,1,443,6931,1212,3504,0.1749,2.89,2867.49,285.6288,275.8284,10.04,136656.0,8.843903650835497,7.10085190894405,8.16194579946869,11.82522941580346,59500000.0,17.90148688732258,39.0,16980.59,9.7398850950574,179389.08,3199.17,318.6674,331.68,11.567,0,0,0,1,0,0,0,0
MERCK,MERCK,unspecified,none,BRAND PLAY,VIR,U.S. Virgin Islands,news and perspectives,editorial_videos,physician assistant,unknown,Hematology,Mountain,2024-12-18,2024,4,12,485,1962,401,1462,0.2044,3.65,2397.87,101.6672,134.6085,23.59,57018.0,7.5822291942764615,5.996452088619021,7.288244401020124,10.951139824606807,40261320.0,17.510901789361423,39.0,27538.52,10.223377342936855,172589.12,2631.15,111.558,233.28,9.7286,0,0,0,1,0,0,0,1
MERCK,MERCK,unspecified,none,BRAND PLAY,ZAF,South Africa,news and perspectives,editorial_videos,physician assistant,urology,Cardiology,Northeast,2024-12-19,2024,4,12,484,2202,584,2047,0.2652,3.51,1651.26,81.5392,119.4096,20.25,79833.0,7.697575346802343,6.371611847231857,7.6246189861593985,11.28770475786082,255583572.0,19.359060010014247,39.0,124857.63,11.734937416266575,606467.53,2072.69,102.3494,421.43,25.5217,0,1,0,1,0,0,0,1
MERCK,MERCK,unspecified,none,BRAND PLAY,ZAF,South Africa,search,editorial_videos,psychologist,urology,Endocrinology,Mountain,2023-12-15,2023,4,12,854,13447,1544,3903,0.1148,2.53,1277.56,86.1786,70.0682,14.82,152217.0,9.506585675088452,7.3427791893318455,8.269756947532983,11.933068982857128,125920581.0,18.651161964604896,39.0,32262.51,10.381692149232324,855758.64,1424.71,96.1043,147.14,11.5176,0,1,0,1,0,0,0,1
MERCK,MERCK,unspecified,none,BRAND PLAY,ZWE,Zimbabwe,search,editorial_videos,code_99,unknown,Primary Care,Midwest,2024-12-13,2024,4,12,490,68370,17625,33830,0.2578,1.92,1207.04,112.8432,42.0573,10.7,1319370.0,11.13270403709896,9.777130363659605,10.429132820900398,14.092665665841613,4726750896.0,22.276503889463278,39.0,139720.69,11.847407794467427,15359309.99,1514.78,141.6135,307.75,25.4959,0,0,0,1,0,0,0,1
MERCK,MERCK,unspecified,none,BRANDSPOT,UNKNOWN,Unknown,unknown,unknown,unknown,unknown,Neurology,South Atlantic,2023-01-27,2023,1,1,1176,14688,3625,12066,0.2468,3.33,3566.91,155.1246,191.6582,22.99,820488.0,9.594854193331415,8.195885391314796,9.3982297330736,13.61765578296294,261525433.0,19.3820420986899,68.0,21674.58,9.983941560229598,533903.7,4056.75,176.4275,489.84,13.7328,1,0,0,0,0,0,0,0
MERCK,MERCK,unspecified,none,BRANDSPOT,USA,United States,news and perspectives,editorial_videos,code_8,unknown,Primary Care,Northeast,2024-12-22,2024,4,12,481,10958,1730,4483,0.1579,2.59,1579.13,71.7648,57.2985,22.0,304844.0,9.301916315463393,7.456454555176209,8.40827078419205,12.627558729692517,486102080.0,20.00192920301866,68.0,108432.32,11.593890700829908,1511542.16,1900.72,86.3799,321.59,20.3652,0,0,0,0,0,0,0,0
MERCK,MERCK,unspecified,none,BRANDSPOT,USA,United States,search,sponsored_videos,code_8,unknown,Endocrinology,Northeast,2022-12-15,2022,4,12,1219,6389,1371,2243,0.2146,1.64,2885.47,142.3571,130.5048,20.27,152524.0,8.762489547371581,7.22402480828583,7.716015266642587,11.935083796020054,95733366.0,18.377077458141482,68.0,42680.95,10.66153139321922,190575.23,3387.81,167.1404,502.34,17.4092,0,0,0,0,0,0,0,0
MERCK,MERCK,unspecified,none,BRANDSPOT,ZAF,South Africa,search,unknown,code_8,unknown,Endocrinology,West,2022-12-15,2022,4,12,1219,4327,1293,5394,0.2988,4.17,3394.19,269.0325,227.1484,12.62,366792.0,8.372860820526318,7.165493475060845,8.593227877692234,12.81255293521288,63617237.0,17.968395029322107,68.0,11794.07,9.375436926542266,74468.78,4248.48,336.745,854.28,25.1689,0,0,0,0,0,0,0,1
MERCK,MERCK,unspecified,none,BRANDSPOT,ZAF,South Africa,search,editorial_videos,code_8,unknown,Rheumatology,West,2024-12-13,2024,4,12,490,10004,2305,8023,0.2304,3.48,2765.06,186.3048,161.5379,14.84,545564.0,9.210840247017833,7.743269700829004,8.990192329641772,13.2095772338936,181746023.0,19.01812079793504,68.0,22653.13,10.02809745424512,264830.83,3451.33,232.5446,686.27,24.8194,0,0,0,0,0,0,0,1
MERCK,MERCK,unspecified,none,BRANDSPOT,ZAF,South Africa,news and perspectives,sponsored_videos,code_99,unknown,Primary Care,Mountain,2024-12-18,2024,4,12,485,4931,1709,5903,0.3466,3.45,3550.61,364.2875,304.0324,9.75,401404.0,8.503499864284235,7.444248649496705,8.683385366280309,12.902726171669386,315398304.0,19.56934685835068,68.0,53430.17,10.886149562522283,461236.35,4234.42,434.4456,683.81,19.259,0,0,0,0,0,0,0,1
MERCK,MERCK,unspecified,none,BRANDSPOT,ZAF,South Africa,search,sponsored_videos,psychologist,vascular medicine,Dermatology,South Atlantic,2023-12-18,2023,4,12,851,55545,11478,44930,0.2066,3.91,2055.66,183.3173,123.3205,11.21,3055240.0,10.924966785274414,9.348274558065496,10.712883258660506,14.932369034546788,898373868.0,20.616096874812335,68.0,19994.97,9.903286032232275,1354965.41,2718.68,242.4436,663.02,32.2536,0,1,0,0,0,0,0,1
MERCK,MERCK,unspecified,none,BRANDSTORY,USA,United States,news and perspectives,editorial_videos,code_99,unknown,Primary Care,Mountain,2025-02-27,2025,1,2,414,2197,790,2328,0.3596,2.95,3859.91,181.1205,163.8971,21.31,90792.0,7.6953031349635665,6.673297967767654,7.753194269884341,11.41633746910659,203109900.0,19.12925777474694,39.0,87246.52,11.376504415591935,306146.31,4523.35,212.2515,663.44,17.188,0,0,0,1,0,0,0,0
MERCK,MERCK,unspecified,none,BRANDSTORY,VIR,U.S. Virgin Islands,reference and tools,editorial_videos,code_99,unknown,Nephrology,Mid-Atlantic,2025-12-23,2025,4,12,115,1481,406,1579,0.2741,3.89,1226.06,60.8298,107.1526,20.16,61581.0,7.301147805856032,6.008813185442595,7.365180126021013,11.028124899028388,20135412.0,16.81799066360439,39.0,12752.0,9.4535218170269,101868.68,1423.72,70.6365,197.66,16.1215,0,0,0,1,0,0,0,1
MERCK,MERCK,unspecified,none,BRANDSTORY,ZAF,South Africa,search,editorial_videos,code_8,unknown,Nephrology,Mid-Atlantic,2024-12-13,2024,4,12,490,3930,1489,4234,0.3789,2.84,1126.88,62.2955,79.875,18.09,165126.0,8.27664912542186,7.306531398939505,8.351138607086154,12.014470153787613,256582620.0,19.362961279870873,39.0,60600.52,11.012075254251096,863770.98,1423.93,78.7168,297.05,26.3604,0,0,0,1,0,0,0,1
MERCK,MERCK,unspecified,none,BRANDSTORY,ZAF,South Africa,news and perspectives,editorial_videos,code_99,unknown,Internal Medicine,Southeast,2024-12-17,2024,4,12,486,13774,4360,6198,0.3165,1.42,2907.81,125.1892,164.9466,23.23,241722.0,9.530610634021116,8.380456667842767,8.73214326770192,12.39554772145259,102185700.0,18.44230231400791,39.0,16486.88,9.710380844523431,128177.01,3705.04,159.5118,797.22,27.4166,0,0,0,1,0,0,0,1
MERCK,MERCK,unspecified,none,DIRECT MAIL,UNKNOWN,Unknown,unknown,unknown,unknown,unknown,Rheumatology,Mid-Atlantic,2024-06-13,2024,2,6,673,1251,70,177,0.056,2.53,3817.06,213.0587,128.7764,17.92,6903.0,7.132497551660044,4.2626798770413155,5.181783550292085,8.839856232763264,8624000.0,15.970059688086382,39.0,48723.16,10.793930284617101,83407.63,3920.46,218.83,103.4,2.7088,1,0,0,1,0,0,0,0
MERCK,MERCK,unspecified,none,EMAIL ALERT,UNKNOWN,Unknown,unknown,unknown,unknown,unknown,Gastroenterology,West,2021-12-23,2021,4,12,1576,37671,9833,27941,0.261,2.84,3388.43,212.5944,131.8596,15.94,83823.0,10.536672391923391,9.193601047971885,10.237886212210432,11.336474641648001,2364019884.0,21.58362934804541,3.0,84607.56,11.345790722508855,3186261.61,4130.37,259.1448,741.94,21.8963,1,0,0,0,0,0,0,0
MERCK,MERCK,unspecified,none,EMAIL ALERT,IND,India,reference and tools,editorial_videos,code_11,code_77,Gastroenterology,Midwest,2025-12-15,2025,4,12,123,1108,321,1148,0.2897,3.58,1044.53,75.7661,42.3407,13.79,3444.0,7.011213987350367,5.7745515455444085,7.046647277848756,8.144679183447758,20638496.0,16.842668676158706,3.0,17977.78,9.796947452553292,154877.79,1177.79,85.4319,133.26,12.7575,0,1,0,0,0,0,0,1
MERCK,MERCK,unspecified,none,EMAIL ALERT,USA,United States,reference and tools,editorial_videos,code_20,unknown,Internal Medicine,Mid-Atlantic,2025-12-23,2025,4,12,115,1724,438,679,0.2541,1.55,1693.98,70.6188,137.4555,23.99,2037.0,7.45298232946546,6.0844994130751715,6.522092798170152,7.61972421378267,12939750.0,16.37581460419346,3.0,19057.07,9.855245912899605,66088.25,1889.77,78.7811,195.8,11.5583,0,0,0,0,0,0,0,0
MERCK,MERCK,unspecified,none,EMAIL ALERT,USA,United States,reference and tools,editorial_videos,code_8,unknown,Pulmonology,Mountain,2025-12-23,2025,4,12,115,11339,3091,5137,0.2726,1.66,3777.02,401.5474,147.4252,9.41,15411.0,9.336091577281744,8.036573409707312,8.544419177669829,9.642901705746048,71813412.0,18.089581827156486,3.0,13979.64,9.545428794425208,113338.07,4410.64,468.9098,633.62,16.7757,0,0,0,0,0,0,0,0
MERCK,MERCK,unspecified,none,EMAIL ALERT,USA,United States,search,sponsored_videos,code_8,unknown,Gastroenterology,Pacific,2023-12-20,2023,4,12,849,6282,2874,5949,0.4575,2.07,1609.79,67.5669,62.6245,23.83,17847.0,8.745602852402946,7.963807953231451,8.691146498539675,9.789646736112369,60657300.0,17.920750565334398,3.0,10196.22,9.229870413104521,150399.04,2013.1,84.4948,403.31,25.0536,0,0,0,0,0,0,0,0
MERCK,MERCK,unspecified,none,EMAIL ALERT,USA,United States,reference and tools,editorial_videos,code_99,unknown,Nephrology,Northeast,2025-12-15,2025,4,12,123,13589,5575,11592,0.4103,2.08,3299.75,149.6202,149.8382,22.05,34776.0,9.51708950714519,8.62622695244036,9.358156746670401,10.456711527718735,265251852.0,19.39619032129636,3.0,22882.32,10.038163539862142,405869.0,3953.29,179.2536,653.54,19.8058,0,0,0,0,0,0,0,0
MERCK,MERCK,unspecified,none,EMAIL ALERT,VIR,U.S. Virgin Islands,reference and tools,editorial_videos,code_99,unknown,Internal Medicine,Midwest,2025-12-16,2025,4,12,122,66663,31663,114500,0.475,3.62,3440.42,337.0053,115.4224,10.21,343500.0,11.107420356062043,10.362935667842347,11.648338835562747,12.746945301848456,4233485952.0,22.166291592982756,3.0,36973.68,10.517988633045269,3601942.43,4615.76,452.1348,1175.33,34.1625,0,0,0,0,0,0,0,1
MERCK,MERCK,unspecified,none,EMAIL ALERT,ZAF,South Africa,search,unknown,code_8,unknown,Urology,Midwest,2022-12-15,2022,4,12,1219,11986,6280,12732,0.5239,2.03,2385.45,135.5003,144.528,17.6,38196.0,9.3915780082071,8.74528448245438,9.451952327573435,10.550512257479294,138801245.0,18.74855358294193,3.0,10901.76,9.296771247173913,173305.9,3186.35,180.9939,800.9,33.5746,0,0,0,0,0,0,0,1
MERCK,MERCK,unspecified,none,EMAIL ALERT,ZAF,South Africa,search,editorial_videos,code_8,unknown,Dermatology,Mountain,2023-12-18,2023,4,12,851,64811,27579,90713,0.4255,3.29,2036.32,89.582,70.643,22.73,272139.0,11.079246050380892,10.224846151347293,11.415466979208256,12.514071918744849,1278549282.0,20.9689918994692,3.0,14094.44,9.553606619804507,1859423.05,2723.92,119.8312,687.61,33.7671,0,0,0,0,0,0,0,1
MERCK,MERCK,unspecified,none,EMAIL ALERT,ZAF,South Africa,search,sponsored_videos,code_8,unknown,Primary Care,Northeast,2023-12-15,2023,4,12,854,213883,100062,283285,0.4678,2.83,2240.4,126.4279,79.1811,17.72,849855.0,12.273189090963717,11.513555266603538,12.55421226701898,13.652822202349999,25177945000.0,23.94923424988107,3.0,88878.5,11.395036798735132,35619154.34,2947.26,166.317,706.87,31.5509,0,0,0,0,0,0,0,1
MERCK,MERCK,unspecified,none,EMAIL ALERT,ZAF,South Africa,search,editorial_videos,code_99,unknown,Dermatology,West,2024-12-13,2024,4,12,490,136250,65008,200996,0.4771,3.09,1526.29,65.1636,149.2028,23.42,602988.0,11.822254051948098,11.08228100083132,12.211045261556693,13.309654233420213,20316500000.0,23.734699200775708,3.0,101079.13,11.523668847611315,32390037.62,2153.53,91.9433,627.25,41.0962,0,0,0,0,0,0,0,1
MERCK,MERCK,unspecified,none,EMAIL ALERT,ZAF,South Africa,search,sponsored_videos,physician assistant,unknown,Internal Medicine,Midwest,2023-12-18,2023,4,12,851,8546,3105,12313,0.3633,3.97,3646.05,151.7246,191.8739,24.03,36939.0,9.053335623166017,8.041091003708633,9.418492105471156,10.517050253753231,93325200.0,18.351600736526333,3.0,7579.4,8.933321247692655,152019.5,4259.95,177.2711,613.9,16.8375,0,0,0,0,0,0,0,1
MERCK,MERCK,unspecified,none,EMAIL ALERT,ZAF,South Africa,news and perspectives,editorial_videos,physician assistant,urology,Oncology,Southeast,2024-12-20,2024,4,12,483,11561,3726,9443,0.3223,2.53,2241.98,147.688,75.8912,15.18,28329.0,9.355479137642421,8.223358899479258,9.153134898205403,10.251676592824563,174001784.0,18.974576115746874,3.0,18426.54,9.821601563729926,268279.33,2890.57,190.4127,648.58,28.9291,0,1,0,0,0,0,0,1
MERCK,MERCK,unspecified,none,EMAIL ALERT,ZAF,South Africa,search,sponsored_videos,psychologist,vascular medicine,Primary Care,Mountain,2023-12-18,2023,4,12,851,49754,15499,58028,0.3115,3.74,3623.87,251.4074,300.4263,14.41,174084.0,10.814866240049263,9.648595302907339,10.968698164570208,12.067298964663705,3850173720.0,22.071384106565784,3.0,66350.27,11.102718180496536,4662207.25,4449.7,308.6995,825.83,22.7885,0,1,0,0,0,0,0,1
MERCK,MERCK,unspecified,none,EMAIL ALERT,ZAF,South Africa,search,editorial_videos,psychologist,vascular medicine,Urology,Midwest,2024-12-12,2024,4,12,491,222483,72403,187720,0.3254,2.59,1138.22,47.5895,54.3155,23.92,563160.0,12.312610467890416,11.190016825466444,12.142712096977055,13.241320834269183,7194228849.0,22.69654499294546,3.0,38324.25,10.553864226875946,15134441.99,1613.57,67.4643,475.35,41.763,0,1,0,0,0,0,0,1
MERCK,MERCK,unspecified,none,EMAIL ALERT,ZMB,Zambia,reference and tools,editorial_videos,code_99,unknown,Urology,South Atlantic,2025-12-15,2025,4,12,123,4911,1632,3864,0.3323,2.37,3962.48,203.4401,133.962,19.48,11592.0,8.499436469826978,7.398174092970465,8.259716961021523,9.358156746670401,483060000.0,19.995651429574355,3.0,125015.53,11.7362012475415,414958.84,5126.6,263.2077,1164.12,29.3785,0,0,0,0,0,0,0,1
MERCK,MERCK,unspecified,none,INFOSITE,USA,United States,reference and tools,editorial_videos,code_10,code_32,Dermatology,Northeast,2024-10-22,2024,4,10,542,3734,753,3285,0.2017,4.36,2218.47,222.4617,105.0916,9.97,128115.0,8.225503097566918,6.625392368007956,8.097426298597213,11.760691382505152,173784811.05,18.97332837946267,39.0,52902.53,10.876225345298703,344398.24,2723.08,273.0619,504.6,22.7456,0,1,1,1,1,0,0,0
MERCK,MERCK,unspecified,none,INFOSITE,USA,United States,reference and tools,editorial_videos,code_15,unknown,Cardiology,Mid-Atlantic,2025-12-22,2025,4,12,116,988,365,660,0.3694,1.81,953.06,109.3088,69.0807,8.72,25740.0,6.8966943316227125,5.902633333401366,6.493753839851686,10.155840330434325,5927400.0,15.59509639496864,39.0,8980.91,9.102967833557402,35266.16,1121.13,128.5858,168.08,17.6354,0,0,0,1,0,0,0,0
MERCK,MERCK,unspecified,none,INFOSITE,USA,United States,search,sponsored_videos,code_8,unknown,Primary Care,Midwest,2022-12-15,2022,4,12,1219,1428,484,725,0.3389,1.5,921.67,52.3715,42.5838,17.6,28275.0,7.264730177929867,6.184148890937483,6.587550014824796,10.249768667290844,29004593.0,17.18296478919771,39.0,40006.34,10.596818216262008,177258.15,1085.3,61.6693,163.63,17.7535,0,0,0,1,0,0,0,0
MERCK,MERCK,unspecified,none,INFOSITE,USA,United States,search,editorial_videos,code_8,unknown,Hematology,Mountain,2022-12-15,2022,4,12,1219,1050,169,632,0.161,3.74,3187.86,133.8712,226.2691,23.81,24648.0,6.957497370876951,5.135798437050262,6.450470422144176,10.112491610696615,4569618.0,15.33494038959187,39.0,7230.41,8.886189316885625,10937.07,3605.67,151.4168,417.81,13.1063,0,0,0,1,0,0,0,0
MERCK,MERCK,unspecified,none,INFOSITE,USA,United States,news and perspectives,editorial_videos,code_8,unknown,Urology,Mid-Atlantic,2024-12-22,2024,4,12,481,50153,10891,15522,0.2172,1.43,2908.91,130.1398,142.6352,22.35,605358.0,10.822853550927212,9.295783853793651,9.650078074026442,13.313576949457431,503937800.0,20.03796340770563,39.0,32466.04,10.38798069986971,595745.25,3754.81,167.9836,845.89,29.0794,0,0,0,1,0,0,0,0
MERCK,MERCK,unspecified,none,INFOSITE,USA,United States,reference and tools,editorial_videos,code_8,unknown,Oncology,Southeast,2025-12-23,2025,4,12,115,13111,2039,8079,0.1555,3.96,3366.82,172.7511,293.2552,19.49,315081.0,9.481283120423665,7.620705086838262,8.997147151515142,12.660588201391377,220259746.0,19.2103180760579,39.0,27263.24,10.2133312324072,373655.09,3956.29,202.997,589.47,17.5083,0,0,0,1,0,0,0,0
MERCK,MERCK,unspecified,none,INFOSITE,USA,United States,reference and tools,editorial_videos,code_99,unknown,Rheumatology,Mid-Atlantic,2025-12-22,2025,4,12,116,52504,14414,38092,0.2745,2.64,1137.18,109.7134,51.4335,10.37,1485588.0,10.868663682140093,9.576024610072503,10.547785817200792,14.211321884577496,1969419055.0,21.401004440774628,39.0,51701.64,10.853264123022594,5533152.56,1493.11,144.0532,355.93,31.2995,0,0,0,1,0,0,0,0
MERCK,MERCK,unspecified,none,INFOSITE,USA,United States,news and perspectives,editorial_videos,code_99,unknown,Pulmonology,South Atlantic,2024-12-18,2024,4,12,485,16802,4520,19079,0.269,4.22,913.83,74.1626,44.9369,12.32,744081.0,9.729312720877942,8.416488487294606,9.856395945002278,13.51990652279576,586359945.0,20.189444401292505,39.0,30733.26,10.333133272265835,2194375.06,1181.04,95.8484,267.21,29.2408,0,0,0,1,0,0,0,0
MERCK,MERCK,unspecified,none,INFOSITE,USA,United States,news and perspectives,editorial_videos,physician assistant,urology,Cardiology,West,2024-12-18,2024,4,12,485,972,347,1242,0.357,3.58,2427.45,106.0779,97.8685,22.88,48438.0,6.880384082186005,5.8522024797744745,7.1252830915107115,10.788060553358148,32662440.0,17.30173638245652,39.0,26298.26,10.177296080887878,80256.61,2834.43,123.8624,406.98,16.7655,0,1,0,1,0,0,0,0
MERCK,MERCK,unspecified,none,INFOSITE,USA,United States,search,sponsored_videos,physician assistant,urology,Rheumatology,Midwest,2023-12-18,2023,4,12,851,7534,1709,5493,0.2268,3.21,2040.3,183.6834,90.223,11.11,214227.0,8.927314111060596,7.444248649496705,8.611411866655219,12.274796147407056,186204800.0,19.042357706577953,39.0,33898.56,10.431157313933276,496134.89,2415.62,217.4717,375.31,18.3948,0,1,0,1,0,0,0,0
MERCK,MERCK,unspecified,none,INFOSITE,VIR,U.S. Virgin Islands,reference and tools,editorial_videos,code_99,unknown,Cardiology,Southwest,2025-12-23,2025,4,12,115,6061,2146,9298,0.3541,4.33,2278.23,178.9167,108.5278,12.73,362622.0,8.709795057617749,7.671826797878781,9.137662146478197,12.801119006068957,285251670.0,19.468882404708584,39.0,30678.82,10.33136038844964,648896.41,2717.83,213.4395,439.6,19.2955,0,0,0,1,0,0,0,1
MERCK,MERCK,unspecified,none,INFOSITE,VIR,U.S. Virgin Islands,news and perspectives,editorial_videos,physician assistant,unknown,Nephrology,Southwest,2024-12-18,2024,4,12,485,13561,5315,13335,0.3919,2.51,3973.08,389.3953,166.9673,10.2,520065.0,9.515027043243787,8.578476419833136,9.49822242443063,13.16171100558048,143964720.0,18.78507883446902,39.0,10796.0,9.28702359674714,189763.41,4731.74,463.7498,758.65,19.0948,0,0,0,1,0,0,0,1
MERCK,MERCK,unspecified,none,INFOSITE,VNM,Vietnam,news and perspectives,editorial_videos,code_99,unknown,Oncology,Mid-Atlantic,2024-10-11,2024,4,10,553,45306,7797,33905,0.1721,4.35,3906.4,200.3915,303.3193,19.49,1322295.0,10.72121682491962,8.961622569542543,10.431347268857898,14.094880177508198,550159524.0,20.125718839590284,39.0,16226.5,9.694462612907623,829760.74,4569.43,234.404,663.03,16.973,0,0,0,1,0,0,0,1
MERCK,MERCK,unspecified,none,INFOSITE,ZAF,South Africa,search,editorial_videos,code_8,unknown,Nephrology,Northeast,2022-12-13,2022,4,12,1221,2262,787,1295,0.3479,1.65,3815.41,158.6601,174.1624,24.05,50505.0,7.724446645633537,6.669498089857879,7.16703787691222,10.829847420087066,129297979.0,18.677630221036914,39.0,99844.0,11.511374262477492,171664.92,4568.61,189.9811,753.2,19.741,0,0,0,1,0,0,0,1
MERCK,MERCK,unspecified,none,INFOSITE,ZAF,South Africa,news and perspectives,sponsored_videos,code_8,unknown,Dermatology,Southwest,2024-06-21,2024,2,6,665,643,191,534,0.297,2.8,3308.3,263.1384,246.1125,12.57,20826.0,6.467698726104354,5.2574953720277815,6.282266746896006,9.944005500839015,22158786.0,16.913744680078015,39.0,41495.85,10.633372799723507,64617.07,3651.22,290.4143,342.92,10.3656,0,0,0,1,0,0,0,1
MERCK,MERCK,unspecified,none,INFOSITE,ZAF,South Africa,search,sponsored_videos,code_8,unknown,Endocrinology,Southwest,2023-12-20,2023,4,12,849,10815,2920,6104,0.27,2.09,1935.49,120.3521,67.8871,16.08,238056.0,9.288781798282745,7.979681302387741,8.716863386544805,12.380265419777391,235134900.0,19.275669954215104,39.0,38521.44,10.558996207623483,565686.1,2351.16,146.1988,415.66,21.4758,0,0,0,1,0,0,0,1
MERCK,MERCK,unspecified,none,INFOSITE,ZAF,South Africa,news and perspectives,editorial_videos,code_99,unknown,Primary Care,Northeast,2024-12-17,2024,4,12,486,56976,14536,43338,0.2551,2.98,2118.82,112.8005,186.4061,18.78,1690182.0,10.950402956613187,9.584452402426324,10.676808201450829,14.340347365060634,807652047.0,20.5096418900727,39.0,18636.12,9.832910569864465,1593605.13,2625.63,139.7816,506.81,23.9194,0,0,0,1,0,0,0,1
MERCK,MERCK,unspecified,none,INFOSITE,ZAF,South Africa,news and perspectives,sponsored_videos,code_99,unknown,Nephrology,Pacific,2024-12-18,2024,4,12,485,31371,10859,18836,0.3461,1.73,2558.77,102.388,137.5129,24.99,734604.0,10.353671054332557,9.292841593487926,9.84357829978222,13.507088218769805,2217804729.0,21.519783683225278,39.0,117742.87,11.676266951075542,2292587.88,3526.15,141.0973,967.38,37.8064,0,0,0,1,0,0,0,1
MERCK,MERCK,unspecified,none,INFOSITE,ZAF,South Africa,search,editorial_videos,code_99,unknown,Internal Medicine,Southwest,2023-12-18,2023,4,12,851,26835,8314,33065,0.3098,3.98,3457.71,353.4863,144.5776,9.78,1289535.0,10.197499548682778,9.025816391627028,10.40626084311129,14.069793021711439,570748500.0,20.162459217001917,39.0,17261.41,9.756286584090633,761186.55,4207.52,430.1408,749.81,21.6853,0,0,0,1,0,0,0,1
MERCK,MERCK,unspecified,none,INFOSITE,ZAF,South Africa,search,sponsored_videos,physician,unknown,Neurology,South Atlantic,2023-12-18,2023,4,12,851,4049,1422,5678,0.3512,3.99,1019.88,61.9021,53.2285,16.48,221442.0,8.306472160100585,7.260522598089852,8.644530439877432,12.307920499007533,116694000.0,18.57506569062272,39.0,20551.95,9.93075976193317,592312.35,1216.9,73.86,197.01,19.3174,0,0,0,1,0,0,0,1
MERCK,MERCK,unspecified,none,INFOSITE,ZAF,South Africa,news and perspectives,editorial_videos,physician,unknown,Hematology,Midwest,2024-12-11,2024,4,12,492,7423,2789,12138,0.3757,4.35,2157.75,148.3291,182.2131,14.55,473382.0,8.912473274466036,7.933796874815411,9.404178688897805,13.067660064982075,273771680.0,19.42780503595883,39.0,22554.93,10.023753281535132,463046.97,2748.99,188.9724,591.24,27.4007,0,0,0,1,0,0,0,1
MERCK,MERCK,unspecified,none,INFOSITE,ZAF,South Africa,search,sponsored_videos,physician assistant,unknown,Rheumatology,Midwest,2023-12-18,2023,4,12,851,62357,18976,32456,0.3043,1.71,1064.38,46.8497,50.522,22.72,1265784.0,11.040647250816477,9.85098299855398,10.387671415355683,14.051203041039823,820078615.0,20.524910766797767,39.0,25267.4,10.137309882192486,2422505.64,1402.9,61.7503,338.52,31.805,0,0,0,1,0,0,0,1
MERCK,MERCK,unspecified,none,INFOSITE,ZAF,South Africa,news and perspectives,editorial_videos,physician assistant,unknown,Primary Care,Mountain,2024-12-18,2024,4,12,485,13915,5498,17906,0.3951,3.26,2446.9,152.0624,107.167,16.09,698334.0,9.540794536271832,8.612321536507814,9.79294697683676,13.456454209302262,203209820.0,19.129749604193577,39.0,11348.7,9.336946590842164,451741.37,2896.74,180.0174,449.84,18.3839,0,0,0,1,0,0,0,1
MERCK,MERCK,unspecified,none,INFOSITE,ZAF,South Africa,search,editorial_videos,physician assistant,urology,Hematology,Mountain,2023-12-18,2023,4,12,851,35932,10852,30005,0.302,2.76,3676.48,371.8645,152.7042,9.89,1170195.0,10.48941137230805,9.292196818446016,10.309152640646959,13.972681814111322,1495070983.0,21.12543952359833,39.0,49827.39,10.816340180899974,1093526.96,5043.68,510.1526,1367.2,37.1877,0,1,0,1,0,0,0,1
MERCK,MERCK,unspecified,none,INFOSITE,ZAF,South Africa,news and perspectives,editorial_videos,physician assistant,urology,Endocrinology,Northeast,2023-12-18,2023,4,12,851,67260,20794,48584,0.3092,2.34,3303.95,175.8805,189.1735,18.79,1894776.0,11.116335852861406,9.942467852177012,10.79107012027354,14.454611711473788,1808134352.0,21.315561406443134,39.0,37216.66,10.524538658794837,1461023.41,4541.53,241.7611,1237.58,37.4576,0,1,0,1,0,0,0,1
MERCK,MERCK,unspecified,none,INFOSITE,ZAF,South Africa,news and perspectives,sponsored_videos,physician assistant,urology,Neurology,Southeast,2023-12-18,2023,4,12,851,14282,4123,9730,0.2887,2.36,1529.1,72.4578,71.879,21.1,379470.0,9.566825297862628,8.32457884513685,9.18307194482199,12.846533456560659,265894695.0,19.39861090866567,39.0,27327.31,10.215678440200772,926845.78,1815.98,86.0519,286.88,18.7615,0,1,0,1,0,0,0,1
MERCK,MERCK,unspecified,none,INFOSITE,ZAF,South Africa,news and perspectives,sponsored_videos,psychologist,urology,Hematology,Mountain,2023-12-19,2023,4,12,850,22158,3827,9805,0.1727,2.56,3923.17,487.4121,206.3336,8.05,382395.0,10.005999013489205,8.250097752572845,9.190749722211178,12.854211999853629,1050139636.0,20.77218897989282,39.0,107102.46,11.58155056216984,1208709.63,4791.98,595.3525,868.81,22.1456,0,1,0,1,0,0,0,1
MERCK,MERCK,unspecified,none,INFOSITE,ZWE,Zimbabwe,search,sponsored_videos,psychologist,vascular medicine,Hematology,Northeast,2023-12-18,2023,4,12,851,12248,4061,14320,0.3316,3.53,2935.52,129.8773,125.2296,22.6,558480.0,9.413199579987685,8.30943074214033,9.569482270478703,13.232975877217097,134552652.0,18.717466152519908,39.0,9396.13,9.148159602489779,154946.77,3803.9,168.2974,868.38,29.5818,0,1,0,1,0,0,0,1
MERCK,MERCK,unspecified,none,POINT OF CONTACT,USA,United States,search,unknown,code_12,unknown,Rheumatology,Mountain,2020-12-17,2020,4,12,1947,1756,591,1876,0.3366,3.17,833.37,74.6586,38.4552,11.16,73164.0,7.471363088187097,6.3835066348840055,7.537430036586509,11.200472443526527,14831905.0,16.512291229119363,39.0,7906.13,8.975520163063887,111004.92,966.98,86.6287,133.61,16.0331,0,0,0,1,0,0,0,0
MERCK,MERCK,unspecified,none,POINT OF CONTACT,ZAF,South Africa,search,editorial_videos,code_8,unknown,Gastroenterology,Mountain,2023-12-15,2023,4,12,854,5170,1616,4390,0.3126,2.72,1617.32,93.0288,78.8356,17.39,171210.0,8.550821372396221,7.388327859577107,8.387312270561717,12.050651992962134,391337620.0,19.785081226182957,39.0,89142.97,11.398007982192686,1079914.89,1979.7,113.8729,362.38,22.406,0,0,0,1,0,0,0,1
NEUROCRINE,NEUROCRINE,unspecified,none,BRAND ALERT,USA,United States,search,sponsored_videos,code_8,unknown,Neurology,Southeast,2024-07-31,2024,3,7,625,11874,2787,4042,0.2347,1.45,460.71,30.5745,30.7337,15.07,157638.0,9.382190628902842,7.933079771880415,8.304742269640771,11.968062887721198,55071499.0,17.824142898928365,39.0,13624.81,9.519721067305674,496842.32,571.56,37.9304,110.84,24.059,0,0,0,0,0,0,0,0
NEUROCRINE,NEUROCRINE,unspecified,none,BRAND ALERT,USA,United States,search,editorial_videos,code_8,unknown,Primary Care,Southwest,2024-08-19,2024,3,8,606,4255,555,808,0.1304,1.46,269.25,13.3069,26.8172,20.23,31512.0,8.35608503102148,6.320768294250582,6.695798917058491,10.358155438089856,50519700.0,17.73787393698091,39.0,62524.38,11.043327833296324,1446663.87,304.18,15.0328,34.92,12.9697,0,0,0,0,0,0,0,0
NEUROCRINE,NEUROCRINE,unspecified,none,BRAND ALERT,USA,United States,reference and tools,editorial_videos,code_99,unknown,Endocrinology,Mid-Atlantic,2025-07-01,2025,3,7,290,3154,533,643,0.169,1.21,1159.83,81.0515,86.0301,14.31,25077.0,8.056743774975313,6.280395838960195,6.467698726104354,10.129746246750484,438750000.0,19.899440335023552,39.0,682348.37,13.433297078385992,2337116.15,1347.56,94.1706,187.73,16.1862,0,0,0,0,0,0,0,0
NEUROCRINE,NEUROCRINE,unspecified,none,BRAND ALERT,VGB,British Virgin Islands,search,editorial_videos,code_8,unknown,Neurology,Pacific,2024-03-04,2024,1,3,774,903,179,786,0.1982,4.39,678.26,29.7664,54.9581,22.79,30654.0,6.806829360392176,5.19295685089021,6.668228248417403,10.330551060196788,5373659.0,15.49701979857143,39.0,6836.72,8.830209621715358,87994.88,739.32,32.4464,61.07,9.0037,0,0,0,0,0,0,0,1
NEUROCRINE,NEUROCRINE,unspecified,none,BRAND ALERT,ZAF,South Africa,search,sponsored_videos,code_8,unknown,Dermatology,Mountain,2024-11-22,2024,4,11,511,651,140,170,0.2151,1.21,1095.81,53.6679,57.7301,20.42,6630.0,6.480044561926653,4.948759890378168,5.14166355650266,8.799510901368867,27663942.0,17.135640426463524,39.0,162729.07,11.999848094814956,188287.72,1242.74,60.8635,146.92,13.4077,0,0,0,0,0,0,0,1
NEUROCRINE,NEUROCRINE,unspecified,none,BRANDSPOT,USA,United States,search,sponsored_videos,psychologist,urology,Oncology,Mountain,2023-11-16,2023,4,11,883,553,124,190,0.2242,1.53,522.22,27.4689,23.4755,19.01,12920.0,6.317164686747284,4.8283137373023015,5.25227342804663,9.46660917372222,11820600.0,16.2853544146733,68.0,62213.68,11.038346263742353,186725.62,585.52,30.7988,63.3,12.1223,0,1,0,0,0,0,0,0
NEUROCRINE,NEUROCRINE,unspecified,none,EMAIL ALERT,UNKNOWN,Unknown,unknown,unknown,unknown,unknown,Dermatology,South Atlantic,2023-11-16,2023,4,11,883,1643,825,1846,0.5021,2.24,325.23,15.1018,22.8047,21.54,5538.0,7.404887575616125,6.716594773520978,7.52131798019924,8.619569258033104,38764779.0,17.473022660396598,3.0,20999.34,9.952293907050686,553427.86,395.28,18.3542,70.04,21.5368,1,0,0,0,0,0,0,0
NEUROCRINE,NEUROCRINE,unspecified,none,EMAIL ALERT,USA,United States,search,sponsored_videos,code_8,unknown,Gastroenterology,Pacific,2024-07-31,2024,3,7,625,11888,5714,22081,0.4807,3.86,674.34,32.3914,23.4298,20.82,66243.0,9.383368881858544,8.65084957622891,10.002518075999083,11.101100173709382,165214498.0,18.92275518154374,3.0,7482.2,8.920415786971622,1025364.61,835.46,40.131,161.13,23.8943,0,0,0,0,0,0,0,0
NEUROCRINE,NEUROCRINE,unspecified,none,EMAIL ALERT,USA,United States,search,editorial_videos,code_8,unknown,Oncology,Southeast,2023-05-02,2023,2,5,1081,14183,3827,16742,0.2698,4.37,313.96,36.4601,30.9816,8.61,50226.0,9.559869847754044,8.250097752572845,9.725735539456544,10.82430800969668,290053550.0,19.48557612251818,3.0,17324.9,9.7599577707608,5566912.29,366.06,42.5109,52.1,16.5956,0,0,0,0,0,0,0,0
NEUROCRINE,NEUROCRINE,unspecified,none,EMAIL ALERT,USA,United States,search,sponsored_videos,psychologist,urology,Endocrinology,Midwest,2023-11-16,2023,4,11,883,1127,297,1130,0.2635,3.8,686.02,46.6345,26.9596,14.71,3390.0,7.028201432058005,5.697093486505405,7.030857476116121,8.128880142125638,47282400.0,17.671648712344638,3.0,41842.83,10.641699633746288,543515.32,773.01,52.5482,86.99,12.681,0,1,0,0,0,0,0,0
NOVARTIS,NOVARTIS,unspecified,none,BRAND ALERT,USA,United States,search,unknown,code_8,unknown,Rheumatology,Mountain,2022-12-07,2022,4,12,1227,14874,2759,9598,0.1855,3.48,1120.3,47.0244,49.7819,23.82,374322.0,9.607437230413831,7.9229859587111955,9.169414205363537,12.832874340041002,229042936.0,19.24942004175959,39.0,23863.61,10.080151887383147,975120.74,1355.18,56.8838,234.89,20.9665,0,0,0,0,0,0,0,0
NOVARTIS,NOVARTIS,unspecified,none,BRAND ALERT,USA,United States,reference and tools,unknown,code_8,unknown,Rheumatology,Mid-Atlantic,2023-06-15,2023,2,6,1037,1943,270,788,0.139,2.92,720.77,71.1005,41.2549,10.14,30732.0,7.572502985020384,5.602118820879701,6.670766320845874,10.333092274830772,13458080.0,16.41509030143721,39.0,17078.78,9.745650586697545,206465.13,785.95,77.5306,65.18,9.0436,0,0,0,0,0,0,0,0
NOVARTIS,NOVARTIS,unspecified,none,BRAND ALERT,VIR,U.S. Virgin Islands,search,unknown,code_8,unknown,Nephrology,Pacific,2022-06-27,2022,2,6,1390,11637,1344,1997,0.1155,1.49,816.5,39.7698,74.1613,20.53,77883.0,9.362030885216615,7.20414929203594,7.599901959208498,11.262975819235512,222554605.0,19.22068304968467,39.0,111444.47,11.621290691958333,3002219.72,890.63,43.3805,74.13,9.079,0,0,0,0,0,0,0,1
NOVARTIS,NOVARTIS,unspecified,none,BRAND ALERT,ZAF,South Africa,search,editorial_videos,psychologist,urology,Endocrinology,Southwest,2023-12-15,2023,4,12,854,6199,1106,4824,0.1784,4.36,356.64,14.5163,15.8156,24.57,188136.0,8.732304571033183,7.009408932708637,8.481566013773087,12.144925699826365,86133256.0,18.271406154981307,39.0,17855.15,9.790103265683388,1072444.5,436.95,17.7854,80.31,22.52,0,1,0,0,0,0,0,1
NOVARTIS,NOVARTIS,unspecified,none,EMAIL ALERT,UNKNOWN,Unknown,unknown,unknown,unknown,unknown,Cardiology,Mountain,2022-11-08,2022,4,11,1256,14115,4975,18420,0.3525,3.7,243.74,27.4249,13.7608,8.89,55260.0,9.55506418479516,8.512381634419015,9.821246597152218,10.91982269458584,435414258.0,19.89180845542462,3.0,23638.12,10.070658245784864,10488227.86,285.25,32.0961,41.51,17.0326,1,0,0,0,0,0,0,0
NOVARTIS,NOVARTIS,unspecified,none,EMAIL ALERT,USA,United States,search,unknown,code_8,unknown,Endocrinology,Midwest,2022-11-07,2022,4,11,1257,10445,4294,14206,0.4111,3.31,310.81,15.8597,10.82,19.6,42618.0,9.253974408996244,8.365206834418355,9.561490079872078,10.66005544221451,272306613.0,19.42243924673571,3.0,19168.42,9.86107157997426,2745559.53,409.99,20.9207,99.18,31.9106,0,0,0,0,0,0,0,0
NOVARTIS,NOVARTIS,unspecified,none,EMAIL ALERT,USA,United States,reference and tools,unknown,code_8,unknown,Dermatology,Midwest,2023-06-15,2023,2,6,1037,1750,679,2515,0.388,3.7,798.53,50.0376,38.3176,15.96,7545.0,7.467942332285852,6.522092798170152,7.830425617820331,8.928772900524256,34486330.0,17.35607360059393,3.0,13712.26,9.526118526930958,333389.71,901.97,56.5195,103.44,12.954,0,0,0,0,0,0,0,0
NOVARTIS,NOVARTIS,unspecified,none,EMAIL ALERT,USA,United States,reference and tools,editorial_videos,code_99,unknown,Gastroenterology,Mountain,2024-11-04,2024,4,11,529,75527,32131,115335,0.4254,3.59,295.01,16.531,10.2459,17.85,346005.0,11.232258727412352,10.377607697293703,11.655604886491739,12.75421139492997,838464314.0,20.54708258018238,3.0,7269.82,8.891624356464103,7452901.32,407.51,22.835,112.5,38.1347,0,0,0,0,0,0,0,0
NOVARTIS,NOVARTIS,unspecified,none,EMAIL ALERT,VIR,U.S. Virgin Islands,search,unknown,code_8,unknown,Urology,West,2022-06-27,2022,2,6,1390,4557,1686,5568,0.37,3.3,575.99,60.9465,39.9727,9.45,16704.0,8.42463920980563,7.430707082545968,8.624970783589669,9.723463354790857,380496582.0,19.7569877549366,3.0,68336.31,11.132211162881116,3701796.83,678.78,71.8225,102.79,17.8452,0,0,0,0,0,0,0,1
NOVARTIS,NOVARTIS,unspecified,none,EMAIL ALERT,ZAF,South Africa,search,editorial_videos,psychologist,urology,Rheumatology,Midwest,2023-12-15,2023,4,12,854,7592,3487,15467,0.4593,4.44,750.09,85.9102,30.5979,8.73,46401.0,8.934982049213234,8.15708378502887,9.646528652727188,10.745097840733695,86133256.0,18.271406154981307,3.0,5568.84,8.625121607194567,348625.25,997.16,114.2073,247.07,32.938,0,1,0,0,0,0,0,1
NOVARTIS,NOVARTIS,unspecified,none,EMAIL ALERT,ZWE,Zimbabwe,reference and tools,editorial_videos,psychologist,urology,Pulmonology,Northeast,2023-11-16,2023,4,11,883,31482,9571,40017,0.304,4.18,588.65,30.4422,26.3438,19.34,120051.0,10.357202996593003,9.166597449028265,10.597084631876438,11.695680261235742,2254867677.0,21.536357128800194,3.0,56347.74,10.939315158969482,13138623.51,760.27,39.3176,171.62,29.1549,0,1,0,0,0,0,0,1
NOVO NORDISK,NOVO NORDISK,unspecified,none,TARGET LIST MEDIA,IND,India,news and perspectives,editorial_videos,code_11,code_77,Gastroenterology,Midwest,2025-12-05,2025,4,12,133,17200,3053,10178,0.1775,3.33,1323.79,60.1824,53.404,22.0,396942.0,9.75272280064639,8.024207485778577,9.22808205345234,12.891547972534992,677275200.0,20.33358824901606,39.0,66543.05,11.105619413364954,2770736.83,1568.23,71.2952,244.44,18.4651,0,1,0,1,0,0,0,1
NOVONORDISK_OZEMPIC,NOVO NORDISK,OZEMPIC,none,EMAIL ALERT,UNKNOWN,Unknown,unknown,unknown,unknown,unknown,Internal Medicine,Pacific,2025-04-29,2025,2,4,353,4961,1852,6458,0.3733,3.49,1676.13,78.7129,117.2665,21.29,19374.0,8.509564164251746,7.52456122628536,8.773229786032473,9.871738854221547,369600000.0,19.72793190043743,3.0,57231.34,10.95487440221361,1016527.44,2039.72,95.7875,363.59,21.6922,1,0,0,0,0,0,0,0
NOVONORDISK_WEGOVY,NOVO NORDISK,WEGOVY,none,BRAND ALERT,USA,United States,search,editorial_videos,code_8,unknown,Gastroenterology,West,2024-11-20,2024,4,11,513,1377,314,430,0.228,1.37,3770.62,218.6537,161.8298,17.24,16770.0,7.228388451573604,5.752572638825633,6.066108090103747,9.727406483331627,6807904.0,15.733594994966424,39.0,15832.33,9.669872490828284,19709.74,4116.02,238.6835,345.41,9.1605,0,0,0,0,0,0,0,0
NOVONORDISK_WEGOVY,NOVO NORDISK,WEGOVY,none,EMAIL ALERT,USA,United States,search,editorial_videos,code_8,unknown,Gastroenterology,Southeast,2024-11-20,2024,4,11,513,837,338,1152,0.4038,3.41,2963.14,305.55,148.4481,9.7,3456.0,6.731018100482083,5.82600010738045,7.050122520269059,8.148156439921625,6807904.0,15.733594994966424,3.0,5909.64,8.684509395569242,15739.19,3395.69,350.1527,432.54,14.5975,0,0,0,0,0,0,0,0
OTSUKA PHARMACEUTICAL,OTSUKA,unspecified,none,BRAND ALERT,USA,United States,reference and tools,editorial_videos,code_99,unknown,Nephrology,South Atlantic,2026-02-17,2026,1,2,59,1321,324,436,0.2453,1.35,696.05,35.3382,28.0026,19.7,17004.0,7.186901020411631,5.783825182329737,6.07993319509559,9.741262697441297,44554400.0,17.61222149488068,39.0,102188.99,11.534589006749316,411328.45,804.37,40.8375,108.32,15.5619,0,0,0,0,0,0,0,0
PFIZER,PFIZER,unspecified,none,BRAND ALERT,USA,United States,reference and tools,editorial_videos,code_99,unknown,Hematology,Southeast,2025-11-17,2025,4,11,151,1686,307,964,0.1821,3.14,840.69,69.4088,50.8248,12.11,37596.0,7.430707082545968,5.730099782973574,6.872128101338986,10.534679538960773,34635588.0,17.36039229521311,39.0,35929.03,10.489328715064076,419894.73,923.17,76.2191,82.49,9.8118,0,0,0,0,0,0,0,0
PFIZER,PFIZER,unspecified,none,BRAND ALERT,ZAF,South Africa,search,editorial_videos,code_8,unknown,Gastroenterology,Southwest,2024-02-13,2024,1,2,794,13983,1650,7421,0.118,4.5,3975.73,169.2652,143.006,23.49,289419.0,9.545669097895317,7.409136443920128,8.912203841620542,12.575634199291983,358164517.0,19.6965029862914,39.0,48263.65,10.784454687624805,465899.28,4744.49,201.9948,768.76,19.3363,0,0,0,0,0,0,0,1
PFIZER,PFIZER,unspecified,none,TARGET LIST MEDIA,ZAF,South Africa,search,editorial_videos,code_8,unknown,Nephrology,South Atlantic,2024-02-13,2024,1,2,794,65108,12699,38530,0.195,3.03,2948.66,132.5208,252.3232,22.25,1502670.0,11.083818067489096,9.449357272446683,10.559218391085642,14.222754749231736,716329033.0,20.389650164059333,39.0,18591.46,9.830511401170005,848729.88,3792.66,170.4526,844.0,28.6233,0,0,0,1,0,0,0,1
PFIZER_ELREXFIO,PFIZER,ELREXFIO,none,TARGET LIST MEDIA,USA,United States,reference and tools,editorial_videos,code_99,unknown,Rheumatology,Southwest,2024-12-19,2024,4,12,484,14259,1829,5050,0.1283,2.76,516.92,25.7694,19.7723,20.06,196950.0,9.565213693968287,7.512071245835466,8.527341522468053,12.190710245816982,311232721.0,19.556051492555778,39.0,61630.24,11.028924163825277,3312934.64,610.87,30.4527,93.94,18.1739,0,0,0,1,0,0,0,0
PFIZER_PAXLOVID,PFIZER,PAXLOVID,none,BRAND ALERT,USA,United States,reference and tools,editorial_videos,code_99,unknown,Urology,South Atlantic,2025-03-12,2025,1,3,401,10352,1439,3212,0.139,2.23,1079.27,44.7265,39.6405,24.13,125268.0,9.245031611766112,7.272398392570047,8.074960359115858,11.738218704049132,67017794.0,18.02046873910552,39.0,20864.82,9.945867692517018,556164.88,1199.77,49.7202,120.5,11.165,0,0,0,0,0,0,0,0
PROACT,PROACT,unspecified,none,EMAIL ALERT,UNKNOWN,Unknown,unknown,unknown,unknown,unknown,Urology,South Atlantic,2023-12-08,2023,4,12,861,7699,1998,3192,0.2595,1.6,458.43,53.7172,17.4011,8.53,9576.0,8.948975607841776,7.6004023345004,8.068716192714781,9.16711966952162,70200000.0,18.066858883241053,3.0,21992.48,9.998501324779708,930490.57,533.88,62.5574,75.44,16.457,1,0,0,0,0,0,0,0
RIGEL,RIGEL,unspecified,none,EMAIL ALERT,UNKNOWN,Unknown,unknown,unknown,unknown,unknown,Gastroenterology,Northeast,2023-07-20,2023,3,7,1002,38328,15891,57404,0.4146,3.61,172.32,8.3998,8.508,20.51,172212.0,10.55396206880912,9.67357111693449,10.957886686527912,12.056487361738347,4366825592.0,22.197302173166623,3.0,76071.8,11.239446055516913,63983150.08,240.57,11.7265,68.25,39.6053,1,0,0,0,0,0,0,0
RIGEL PHARMACEUTICALS,RIGEL,unspecified,none,EMAIL ALERT,UNKNOWN,Unknown,unknown,unknown,unknown,unknown,Internal Medicine,Mid-Atlantic,2023-07-20,2023,3,7,1002,68645,28166,51700,0.4103,1.84,198.1,14.551,10.5554,13.61,155100.0,11.136718142928999,10.245906358926657,10.853232402669228,11.951831796597101,785010032.0,20.481207056556727,3.0,15183.95,9.628060084751347,9180230.94,283.61,20.8321,85.51,43.1656,1,0,0,0,0,0,0,0
SEAGEN,SEAGEN,unspecified,none,BRAND ALERT,USA,United States,search,sponsored_videos,psychologist,urology,Oncology,Pacific,2023-11-16,2023,4,11,883,1800,252,398,0.14,1.58,81.9,3.4994,2.7367,23.4,15522.0,7.496097345175956,5.53338948872752,5.988961416889864,9.650078074026442,27581400.0,17.13265222671875,39.0,69300.0,11.146214615088313,4694461.28,87.77,3.7505,5.88,7.174,0,1,0,0,0,0,0,0
SEAGEN,SEAGEN,unspecified,none,BRAND ALERT,ZAF,South Africa,reference and tools,editorial_videos,code_8,unknown,Rheumatology,Southeast,2024-12-03,2024,4,12,500,6911,1603,4154,0.2319,2.59,293.95,23.4533,20.1565,12.53,162006.0,8.841014310483892,7.38025578842646,8.332067707289548,11.995394823157545,291870000.0,19.491819059045902,39.0,70262.4,11.160006316336993,6173085.03,341.23,27.2257,47.28,16.0847,0,0,0,0,0,0,0,1
SEAGEN,SEAGEN,unspecified,none,BRANDSPOT,USA,United States,search,sponsored_videos,psychologist,urology,Nephrology,Midwest,2023-11-16,2023,4,11,883,1915,286,1093,0.1493,3.82,229.49,11.2926,10.9609,20.32,74324.0,7.557994958530806,5.659482215759621,6.9975959829819265,11.216202647866298,27581400.0,17.13265222671875,68.0,25234.58,10.136010182461098,1336546.61,250.13,12.308,20.64,8.9921,0,1,0,0,0,0,0,0
SEAGEN,SEAGEN,unspecified,none,EMAIL ALERT,UNKNOWN,Unknown,unknown,unknown,unknown,unknown,Rheumatology,West,2023-11-16,2023,4,11,883,3218,1123,4108,0.349,3.66,176.19,7.6871,7.525,22.92,12324.0,8.076826031298808,7.024649030453636,8.32093496888341,9.41938499891089,301960724.0,19.525807517213078,3.0,73505.53,11.205129524791989,5689422.97,229.26,10.0027,53.07,30.1236,1,0,0,0,0,0,0,0
SEAGEN,SEAGEN,unspecified,none,EMAIL ALERT,USA,United States,search,sponsored_videos,psychologist,urology,Internal Medicine,Pacific,2023-11-16,2023,4,11,883,900,311,429,0.3456,1.38,70.57,8.1035,2.9381,8.71,1287.0,6.803505257608338,5.7430031878094825,6.063785208687608,7.160845906664299,43342200.0,17.58463733727769,3.0,101030.77,11.523190300816962,4523989.93,80.15,9.2037,9.58,13.5766,0,1,0,0,0,0,0,0
SEAGEN,SEAGEN,unspecified,none,EMAIL ALERT,ZAF,South Africa,reference and tools,editorial_videos,code_8,unknown,Neurology,Southwest,2024-12-03,2024,4,12,500,6735,1870,5052,0.2777,2.7,35.08,2.3767,2.4914,14.76,15156.0,8.815221555922163,7.534228326274089,8.527737405291909,9.626217750431657,464830000.0,19.95718230746028,3.0,92009.11,11.429653741297917,68025986.25,41.91,2.8397,6.83,19.4785,0,0,0,0,0,0,0,1
SEAGEN_ADCETRIS_MDALERT,SEAGEN,ADCETRIS,MDALERT,BRAND ALERT,USA,United States,search,editorial_videos,code_8,unknown,Dermatology,Northeast,2024-11-22,2024,4,11,511,1556,251,733,0.1613,2.92,109.62,5.23,4.7495,20.96,28587.0,7.350516171833998,5.529429087511423,6.598509028614515,10.26074232833987,1536000.0,14.24469284373121,39.0,2095.5,7.648024566610817,112589.31,123.26,5.8809,13.64,12.4456,0,0,0,0,0,0,0,0
SEAGEN_ADCETRIS_MDALERT,SEAGEN,ADCETRIS,MDALERT,BRAND ALERT,USA,United States,search,sponsored_videos,code_8,unknown,Internal Medicine,Southwest,2024-07-31,2024,3,7,625,1187,233,775,0.1963,3.33,230.89,14.6751,8.7567,15.73,30225.0,7.080026499922591,5.455321115357702,6.654152520183219,10.316457760130065,41303624.0,17.536460826476585,39.0,53295.0,10.883616560433461,2559755.79,247.03,15.7007,16.14,6.9884,0,0,0,0,0,0,0,0
SEAGEN_ADCETRIS_MDALERT,SEAGEN,ADCETRIS,MDALERT,BRAND ALERT,USA,United States,search,sponsored_videos,psychologist,urology,Nephrology,Mid-Atlantic,2023-11-16,2023,4,11,883,959,160,535,0.1668,3.34,95.41,7.6067,8.6736,12.54,20865.0,6.866933284461882,5.081404364984463,6.284134161070802,9.945876319027915,3940200.0,15.186742295201311,39.0,7364.86,8.90461109057948,650146.85,101.47,8.0898,6.06,6.3519,0,1,0,0,0,0,0,0
SEAGEN_ADCETRIS_MDALERT,SEAGEN,ADCETRIS,MDALERT,EMAIL ALERT,UNKNOWN,Unknown,unknown,unknown,unknown,unknown,Internal Medicine,West,2023-11-16,2023,4,11,883,11146,3311,7957,0.2971,2.4,171.08,14.5761,6.06,11.74,23871.0,9.318925682389624,8.10530751550515,8.981932990986873,10.080461503003487,61404880.0,17.93299988507181,3.0,7717.09,8.951322203081661,1566624.7,210.27,17.9157,39.2,22.9113,1,0,0,0,0,0,0,0
SEAGEN_ADCETRIS_MDALERT,SEAGEN,ADCETRIS,MDALERT,EMAIL ALERT,USA,United States,search,editorial_videos,code_8,unknown,Nephrology,Northeast,2024-08-19,2024,3,8,606,969,351,1070,0.3622,3.05,223.83,21.8669,21.1354,10.24,3210.0,6.877296071497429,5.863631175598097,6.976348070447749,8.074337694089515,10183900.0,16.13631869804094,3.0,9517.66,9.161009361575791,238863.76,266.46,26.0321,42.63,19.0482,0,0,0,0,0,0,0,0
SEAGEN_ADCETRIS_MDALERT,SEAGEN,ADCETRIS,MDALERT,EMAIL ALERT,USA,United States,search,sponsored_videos,code_8,unknown,Primary Care,Southwest,2024-07-31,2024,3,7,625,1898,475,1324,0.2503,2.79,50.22,2.2251,2.9338,22.57,3972.0,7.549082710812286,6.16541785423142,7.1891677384203225,8.287276755814599,13767875.0,16.43784861044132,3.0,10398.7,9.24953223855956,2636765.92,55.45,2.4565,5.22,10.3964,0,0,0,0,0,0,0,0
SEAGEN_ADCETRIS_MDALERT,SEAGEN,ADCETRIS,MDALERT,EMAIL ALERT,USA,United States,search,sponsored_videos,psychologist,urology,Cardiology,Mid-Atlantic,2023-11-16,2023,4,11,883,1545,788,3246,0.51,4.12,211.88,11.9163,20.5388,17.78,9738.0,7.343426229147367,6.670766320845874,8.085486772102845,9.1838937219612,15760800.0,16.573036465975562,3.0,4855.45,8.488062997309102,367169.92,254.81,14.3303,42.93,20.2588,0,1,0,0,0,0,0,0
SEAGEN_ADCETRIS_MDALERT,SEAGEN,ADCETRIS,MDALERT,EMAIL ALERT,ZAF,South Africa,search,sponsored_videos,code_8,unknown,Nephrology,Southwest,2024-11-22,2024,4,11,511,1249,343,1011,0.2746,2.95,45.72,4.9173,3.9612,9.3,3033.0,7.1308988302963465,5.840641657373398,6.919683849847411,8.017637159908478,13831971.0,16.442493282051718,3.0,13681.47,9.523870730433904,2371334.73,51.56,5.5446,5.83,12.757,0,0,0,0,0,0,0,1
SEAGEN_ADCETRIS_MEDSCAPE,SEAGEN,ADCETRIS,MEDSCAPE,BRAND ALERT,USA,United States,search,editorial_videos,code_8,unknown,Internal Medicine,Pacific,2024-08-19,2024,3,8,606,537,97,257,0.1806,2.65,290.24,20.011,10.2835,14.5,10023.0,6.2878585601617845,4.584967478670572,5.552959584921617,9.212737496575905,5333925.0,15.48959811036202,39.0,20754.57,9.940569923371894,183931.55,319.24,22.0104,29.0,9.9917,0,0,0,0,0,0,0,0
SEAGEN_ADCETRIS_MEDSCAPE,SEAGEN,ADCETRIS,MEDSCAPE,BRAND ALERT,USA,United States,search,sponsored_videos,psychologist,urology,Cardiology,West,2023-11-16,2023,4,11,883,729,180,456,0.2469,2.53,156.75,10.9989,9.1682,14.25,17784.0,6.593044534142437,5.198497031265826,6.124683390894205,9.786110684382555,3940200.0,15.186742295201311,39.0,8640.79,9.06436501626606,190637.92,177.42,12.4492,20.67,13.1856,0,1,0,0,0,0,0,0
SEAGEN_ADCETRIS_MEDSCAPE,SEAGEN,ADCETRIS,MEDSCAPE,BRAND ALERT,VGB,British Virgin Islands,search,editorial_videos,code_8,unknown,Nephrology,Mountain,2024-03-04,2024,1,3,774,1888,323,997,0.1711,3.09,62.19,5.6079,3.3624,11.09,38883.0,7.543802867501509,5.780743515792329,6.905753276311464,10.56833813394096,48362929.0,17.694244169137733,39.0,48508.45,10.789513903306508,8062889.33,68.19,6.1488,6.0,9.6451,0,0,0,0,0,0,0,1
SEAGEN_ADCETRIS_MEDSCAPE,SEAGEN,ADCETRIS,MEDSCAPE,BRANDSPOT,USA,United States,search,sponsored_videos,psychologist,urology,Nephrology,Pacific,2023-11-16,2023,4,11,883,1062,353,1360,0.3324,3.85,115.87,7.5221,8.0987,15.4,92480.0,6.968850378341948,5.869296913133774,7.215975002651466,11.434758496996531,7880400.0,15.879889348864168,68.0,5794.41,8.664821503918253,468390.91,132.69,8.6143,16.82,14.5204,0,1,0,0,0,0,0,0
SEAGEN_ADCETRIS_MEDSCAPE,SEAGEN,ADCETRIS,MEDSCAPE,EMAIL ALERT,UNKNOWN,Unknown,unknown,unknown,unknown,unknown,Oncology,West,2023-11-16,2023,4,11,883,937,300,893,0.3202,2.98,135.76,9.9487,6.1871,13.65,2679.0,6.843749949006225,5.707110264748875,6.795705775173514,7.893572073504902,32191994.0,17.287228377123444,3.0,36049.27,10.49266963228283,1651224.43,155.25,11.3774,19.5,14.3609,1,0,0,0,0,0,0,0
SEAGEN_ADCETRIS_MEDSCAPE,SEAGEN,ADCETRIS,MEDSCAPE,EMAIL ALERT,USA,United States,search,sponsored_videos,code_8,unknown,Cardiology,Mid-Atlantic,2024-07-31,2024,3,7,625,1806,863,2919,0.4779,3.38,232.29,16.8197,10.6088,13.81,8757.0,7.499423290592229,6.761572768804055,7.979338895262328,9.077722847361343,41303624.0,17.536460826476585,3.0,14149.92,9.557534918625672,879713.96,279.24,20.2194,46.95,20.2122,0,0,0,0,0,0,0,0
SEAGEN_ADCETRIS_MEDSCAPE,SEAGEN,ADCETRIS,MEDSCAPE,EMAIL ALERT,USA,United States,search,editorial_videos,code_8,unknown,Neurology,Northeast,2024-08-19,2024,3,8,606,526,215,781,0.4087,3.63,228.16,11.0953,13.0795,20.56,2343.0,6.267200548541362,5.375278407684165,6.661854740545311,7.759614150696903,18589825.0,16.738124999782926,3.0,23802.59,10.07759168862044,462286.42,268.37,13.0509,40.21,17.6249,0,0,0,0,0,0,0,0
SEAGEN_ADCETRIS_MEDSCAPE,SEAGEN,ADCETRIS,MEDSCAPE,EMAIL ALERT,USA,United States,search,sponsored_videos,psychologist,urology,Internal Medicine,South Atlantic,2023-11-16,2023,4,11,883,725,337,982,0.4648,2.91,191.34,16.2218,11.4847,11.8,2946.0,6.587550014824796,5.823045895483019,6.890609120147166,7.988542982737695,7880400.0,15.879889348864168,3.0,8024.85,8.990422861392311,187718.31,233.32,19.7807,41.98,21.9396,0,1,0,0,0,0,0,0
SEAGEN_ADCETRIS_MEDSCAPE,SEAGEN,ADCETRIS,MEDSCAPE,EMAIL ALERT,VGB,British Virgin Islands,search,editorial_videos,code_8,unknown,Internal Medicine,Southwest,2024-03-04,2024,1,3,774,6893,1852,4830,0.2687,2.61,49.66,2.6259,1.7928,18.91,14490.0,8.83840674707681,7.52456122628536,8.482808764554406,9.581283046045924,77918052.0,18.171168229820044,3.0,16132.1,9.688628341122108,11081016.48,56.69,2.9977,7.03,14.1595,0,0,0,0,0,0,0,1
SEAGEN_TIVDAK,SEAGEN,TIVDAK,none,BRAND ALERT,USA,United States,reference and tools,editorial_videos,code_99,unknown,Endocrinology,Southeast,2025-04-01,2025,2,4,381,783,82,335,0.1047,4.09,62.44,3.5274,3.5345,17.7,13065.0,6.664409020350408,4.418840607796598,5.817111159963204,9.477768715400696,6946200.0,15.753705449385471,39.0,20734.93,9.939623223374698,1090424.85,68.81,3.8873,6.37,10.2022,0,0,0,0,0,0,0,0
SEAGEN_TIVDAK,SEAGEN,TIVDAK,none,EMAIL ALERT,USA,United States,reference and tools,editorial_videos,code_99,unknown,Cardiology,West,2025-04-01,2025,2,4,381,1378,399,1028,0.2896,2.58,46.25,2.6194,2.3277,17.66,3084.0,7.229113877793302,5.991464547107982,6.9363427358340495,8.034306936339489,9261600.0,16.041387485846354,3.0,9009.34,9.106128085739462,1235580.76,53.75,3.0439,7.5,16.2063,0,0,0,0,0,0,0,0
SEAGEN_TIVDAK_MDALERT,SEAGEN,TIVDAK,MDALERT,EMAIL ALERT,UNKNOWN,Unknown,unknown,unknown,unknown,unknown,Rheumatology,Midwest,2025-03-26,2025,1,3,387,1459,665,1811,0.4558,2.72,181.61,9.4239,11.5924,19.27,5433.0,7.286191714702382,6.501289670540389,7.502186486602924,8.600430789986293,15323400.0,16.544891695027978,3.0,8461.29,9.043375101550733,493756.21,212.64,11.0343,31.03,17.0886,1,0,0,0,0,0,0,0
SERONO,EMD SERONO,unspecified,none,BRAND ALERT,USA,United States,search,editorial_videos,code_20,unknown,Internal Medicine,Mid-Atlantic,2024-01-22,2024,1,1,816,7600,1699,7591,0.2236,4.47,1077.14,62.1815,41.8544,17.32,296049.0,8.936035096566041,7.438383530044307,8.934850340289763,12.598283637959922,344781606.0,19.658421751363456,39.0,45419.79,10.723725208727135,1733723.04,1276.01,73.6618,198.87,18.4626,0,0,0,0,0,0,0,0
SERONO,EMD SERONO,unspecified,none,BRAND ALERT,USA,United States,search,editorial_videos,code_8,unknown,Dermatology,Mountain,2024-03-15,2024,1,3,763,952,197,236,0.2069,1.2,633.8,27.6198,35.3113,22.95,9204.0,6.859614903654202,5.288267030694535,5.4680601411351315,9.127502093667179,750000.0,13.527829818844937,39.0,3177.97,8.064312523936422,11220.64,700.64,30.5326,66.84,10.5461,0,0,0,0,0,0,0,0
SERONO,EMD SERONO,unspecified,none,BRAND ALERT,USA,United States,reference and tools,editorial_videos,code_99,unknown,Endocrinology,South Atlantic,2025-02-21,2025,1,2,420,13259,1129,2045,0.0851,1.81,360.85,18.5194,17.8001,19.48,79755.0,9.492507263739853,7.029972911706386,7.6236419465115715,11.28672725292679,95046575.0,18.36987760310415,39.0,46477.54,10.74674597967272,2485729.04,399.09,20.4818,38.24,10.5964,0,0,0,0,0,0,0,0
SERONO,EMD SERONO,unspecified,none,EMAIL ALERT,USA,United States,search,editorial_videos,code_20,unknown,Cardiology,Midwest,2024-01-22,2024,1,1,816,9996,5099,12579,0.5101,2.47,758.04,43.8216,50.311,17.3,37737.0,9.210040326967182,8.536995818712418,9.439863530254431,10.53842282334766,290003220.0,19.485402587779664,3.0,23054.55,10.045661800352786,1415975.64,962.85,55.6613,204.81,27.018,0,0,0,0,0,0,0,0
SERONO,EMD SERONO,unspecified,none,EMAIL ALERT,USA,United States,reference and tools,editorial_videos,code_99,unknown,Rheumatology,Mountain,2025-02-21,2025,1,2,420,11007,3921,16772,0.3562,4.28,1011.75,45.7683,34.0048,22.11,50316.0,9.306377560173125,8.274357006756292,9.727525729694754,10.8260982711551,122059521.0,18.620019368966123,3.0,7277.58,8.892691067219987,715533.04,1182.34,53.485,170.59,16.8604,0,0,0,0,0,0,0,0
SERONO_TEPMETKO,EMD SERONO,TEPMETKO,none,EMAIL ALERT,USA,United States,reference and tools,editorial_videos,code_99,unknown,Rheumatology,Southeast,2025-02-21,2025,1,2,420,14946,5517,7895,0.3691,1.43,941.71,51.447,59.4894,18.3,23685.0,9.612265889785814,8.615770754777232,8.974111581113318,10.07263943528144,75284000.0,18.136778200075625,3.0,9535.66,9.162898598319527,387327.02,1136.08,62.0656,194.37,20.6399,0,0,0,0,0,0,0,0
SERVIER,SERVIER,unspecified,none,BRAND ALERT,USA,United States,search,editorial_videos,code_8,unknown,Gastroenterology,Pacific,2023-05-02,2023,2,5,1081,9683,947,1166,0.0978,1.23,1081.45,83.5132,42.5519,12.95,45474.0,9.178230318057949,6.854354502255021,7.062191632286556,10.724918003386323,53795000.0,17.800691102599234,39.0,46136.36,10.73937831292563,261669.05,1287.03,99.3891,205.58,19.01,0,0,0,0,0,0,0,0
SERVIER,SERVIER,unspecified,none,BRAND ALERT,USA,United States,search,sponsored_videos,psychologist,urology,Urology,Southwest,2023-11-16,2023,4,11,883,1046,214,294,0.2046,1.37,477.9,41.4823,25.763,11.52,11466.0,6.953684210870537,5.3706380281276624,5.68697535633982,9.347228624038305,7880400.0,15.879889348864168,39.0,26804.08,10.196346700774999,176604.04,522.52,45.3556,44.62,9.337,0,1,0,0,0,0,0,0
SERVIER,SERVIER,unspecified,none,BRAND ALERT,VGB,British Virgin Islands,search,editorial_videos,code_8,unknown,Oncology,Northeast,2024-03-04,2024,1,3,774,1715,190,283,0.1108,1.49,393.95,37.2021,27.8918,10.59,11037.0,7.447751280047908,5.25227342804663,5.648974238161206,9.309099143999447,10747317.0,16.19016679303845,39.0,37976.39,10.544746261625777,265347.7,434.46,41.0268,40.5,10.2811,0,0,0,0,0,0,0,1
SERVIER,SERVIER,unspecified,none,BRANDSPOT,USA,United States,search,sponsored_videos,psychologist,urology,Neurology,Mountain,2023-11-16,2023,4,11,883,1572,392,519,0.2494,1.32,1079.82,46.3625,41.5404,23.29,35292.0,7.360739903058278,5.973809611869261,6.253828811575473,10.471439922974001,7880400.0,15.879889348864168,68.0,15183.82,9.628051523606498,58075.51,1215.51,52.1885,135.69,12.5662,0,1,0,0,0,0,0,0
SERVIER,SERVIER,unspecified,none,EMAIL ALERT,UNKNOWN,Unknown,unknown,unknown,unknown,unknown,Hematology,South Atlantic,2023-11-27,2023,4,11,872,516,259,720,0.5019,2.78,857.56,42.7236,51.4367,20.07,2160.0,6.248042874508429,5.560681631015528,6.580639137284949,7.6783263565068856,4883634.0,15.401400377595287,3.0,6782.82,8.822295644100864,24436.97,1057.41,52.6799,199.85,23.304,1,0,0,0,0,0,0,0
SERVIER,SERVIER,unspecified,none,EMAIL ALERT,USA,United States,search,editorial_videos,code_8,unknown,Internal Medicine,West,2023-05-02,2023,2,5,1081,1695,469,1461,0.2767,3.12,510.93,21.3461,18.7127,23.94,4383.0,7.4360278163518485,6.152732694704104,7.2875606403097235,8.385716828627851,37100000.0,17.429127554531842,3.0,25393.57,10.142290650624968,528347.54,581.15,24.2798,70.22,13.7434,0,0,0,0,0,0,0,0
SERVIER,SERVIER,unspecified,none,TARGET LIST MEDIA,USA,United States,search,editorial_videos,code_8,unknown,Primary Care,West,2023-05-02,2023,2,5,1081,11435,1771,3713,0.1549,2.1,942.35,51.6187,33.2925,18.26,144807.0,9.344521553442203,7.4798641311650265,8.219864741912652,11.883164006026389,246715000.0,19.323744386298685,39.0,66446.27,11.104163979775995,2545677.34,1039.26,56.9273,96.92,10.2844,0,0,0,1,0,0,0,0
STEMLINE,STEMLINE,unspecified,none,TARGET LIST MEDIA,UNKNOWN,Unknown,unknown,unknown,unknown,unknown,Cardiology,South Atlantic,2024-11-18,2024,4,11,515,4205,473,1189,0.1125,2.51,248.23,15.4683,9.1274,16.05,46371.0,8.344267356262645,6.161207321695077,7.081708586105575,10.744451107790292,173567844.0,18.97207911837994,39.0,145978.0,11.8912180547287,3967012.1,291.99,18.1947,43.75,17.6257,1,0,0,1,0,0,0,0
SUMITOMO PHARMA,SUMITOMO PHARMA,unspecified,none,BRAND ALERT,USA,United States,reference and tools,editorial_videos,code_99,unknown,Cardiology,West,2025-03-13,2025,1,3,400,976,134,201,0.1373,1.5,814.98,90.4007,76.1651,9.02,7839.0,6.884486652042782,4.90527477843843,5.308267697401205,8.966994113344454,9067680.0,16.020227111340574,39.0,45112.84,10.716944352028884,201657.46,859.94,95.3884,44.97,5.5174,0,0,0,0,0,0,0,0
SUMITOMO_GEMTESA,SUMITOMO PHARMA,GEMTESA,none,BRAND ALERT,USA,United States,reference and tools,editorial_videos,code_99,unknown,Endocrinology,Mountain,2025-03-13,2025,1,3,400,3069,492,1136,0.1603,2.31,887.88,45.725,34.4843,19.42,44304.0,8.029432840581244,6.20050917404269,7.036148493750536,10.698852816481402,179842320.0,19.00759103050269,39.0,158311.9,11.972328733389082,1250468.61,1031.7,53.1315,143.82,16.1981,0,0,0,0,0,0,0,0
TAKEDA,TAKEDA,unspecified,none,BRAND ALERT,USA,United States,reference and tools,editorial_videos,code_19,unknown,Endocrinology,Mid-Atlantic,2024-12-26,2024,4,12,477,1896,266,777,0.1403,2.92,575.26,32.1418,31.5612,17.9,30303.0,7.5480289699350145,5.58724865840025,6.656726524178391,10.319034995985804,15308865.0,16.543942695654813,39.0,19702.53,9.88855308649112,221157.37,644.48,36.0095,69.22,12.0331,0,0,0,0,0,0,0,0
TAKEDA,TAKEDA,unspecified,none,BRAND ALERT,USA,United States,search,editorial_videos,code_8,unknown,Nephrology,West,2024-04-05,2024,2,4,742,12757,2427,8777,0.1902,3.62,738.7,29.7459,26.8866,24.83,342303.0,9.4539138048019,7.794823152179389,9.080003870248179,12.743454510105858,66000000.0,18.005165315142214,39.0,7519.65,8.925407849378708,673566.88,836.68,33.6916,97.99,13.2647,0,0,0,0,0,0,0,0
TAKEDA,TAKEDA,unspecified,none,BRAND ALERT,VIR,U.S. Virgin Islands,reference and tools,editorial_videos,code_99,unknown,Primary Care,Pacific,2026-03-24,2026,1,3,24,3060,494,598,0.1614,1.21,724.16,60.018,31.8185,12.07,23322.0,8.026496938945412,6.20455776256869,6.395261598115449,10.057195277130344,193256784.0,19.079530354776654,39.0,323171.88,12.685942691217273,1732688.74,835.69,69.262,111.54,15.4021,0,0,0,0,0,0,0,1
TAKEDA,TAKEDA,unspecified,none,BRAND ALERT,ZAF,South Africa,search,editorial_videos,code_99,unknown,Cardiology,Southeast,2025-03-07,2025,1,3,406,4327,775,2125,0.1791,2.74,1048.05,61.5683,39.2927,17.02,82875.0,8.372860820526318,6.654152520183219,7.661997558901893,11.325100793780374,200625000.0,19.116948056832978,39.0,94411.76,11.455431512490545,927144.44,1264.44,74.2802,216.39,20.647,0,0,0,0,0,0,0,1
TAKEDA,TAKEDA,unspecified,none,EMAIL ALERT,USA,United States,reference and tools,editorial_videos,code_19,unknown,Pulmonology,Northeast,2024-12-26,2024,4,12,477,5420,2553,5565,0.471,2.18,1039.96,54.5447,52.0278,19.07,16695.0,8.598035579260339,7.845416036592485,8.624431942085836,9.722924448757036,131891760.0,18.69749215174872,3.0,23700.23,10.073282224510708,385152.3,1382.4,72.5052,342.44,32.9281,0,0,0,0,0,0,0,0
TAKEDA,TAKEDA,unspecified,none,EMAIL ALERT,USA,United States,search,editorial_videos,code_8,unknown,Neurology,Mountain,2024-04-05,2024,2,4,742,2301,960,3853,0.4172,4.01,1032.68,54.4719,49.8867,18.96,11559.0,7.741533589281828,6.8679744089702925,8.256866848974312,9.355306142226368,255600000.0,19.359124284380016,3.0,66337.92,11.102532032597649,885235.71,1321.42,69.7022,288.74,27.9599,0,0,0,0,0,0,0,0
TAKEDA,TAKEDA,unspecified,none,EMAIL ALERT,VIR,U.S. Virgin Islands,reference and tools,editorial_videos,code_99,unknown,Nephrology,Midwest,2026-03-24,2026,1,3,24,14468,6162,21944,0.4259,3.56,211.03,12.0301,16.3746,17.54,65832.0,9.579763708737081,8.726318950962243,9.996294602122335,11.094876511351247,193256784.0,19.079530354776654,3.0,8806.82,9.083395242226397,4124558.75,257.89,14.7011,46.86,22.2029,0,0,0,0,0,0,0,1
TAKEDA,TAKEDA,unspecified,none,EMAIL ALERT,ZAF,South Africa,search,editorial_videos,code_99,unknown,Nephrology,South Atlantic,2025-03-07,2025,1,3,406,2606,1092,3433,0.419,3.14,949.55,44.7735,36.9764,21.21,10299.0,7.865955413933502,6.996681488176539,8.141481041457421,9.239899174217728,80250000.0,18.20065733243546,3.0,23376.06,10.05951047861606,300951.56,1216.2,57.3469,266.65,28.0823,0,0,0,0,0,0,0,1
TAKEDA_ZS,TAKEDA,unspecified,ZS,BRAND ALERT,USA,United States,search,sponsored_videos,code_8,unknown,Cardiology,Mountain,2024-07-31,2024,3,7,625,1622,234,494,0.1443,2.11,958.68,83.4744,52.1366,11.48,19266.0,7.392031567514591,5.459585514144159,6.20455776256869,9.86614906688076,13767875.0,16.43784861044132,39.0,27870.19,10.235348817806287,190414.99,1030.98,89.7701,72.3,7.5421,0,0,0,0,0,0,0,0
TAKEDA_ZS,TAKEDA,unspecified,ZS,BRAND ALERT,USA,United States,search,editorial_videos,code_8,unknown,Internal Medicine,Mid-Atlantic,2023-05-02,2023,2,5,1081,1199,164,689,0.1368,4.2,878.38,43.194,43.9154,20.34,26871.0,7.090076835776092,5.10594547390058,6.536691597591305,10.198840131292128,3632975.0,15.105562705070867,39.0,5272.82,8.570510236637968,39775.21,969.72,47.6855,91.34,10.3984,0,0,0,0,0,0,0,0
TAKEDA_ZS,TAKEDA,unspecified,ZS,BRAND ALERT,VIR,U.S. Virgin Islands,search,editorial_videos,code_8,unknown,Urology,Pacific,2024-04-10,2024,2,4,737,7088,1651,2226,0.2329,1.35,956.26,51.591,37.2059,18.54,86814.0,8.866299565855018,7.409741954080923,7.708410667257367,11.371534696778237,284760000.0,19.467157281711675,39.0,127924.53,11.75920357671728,1162910.87,1201.13,64.8018,244.87,25.6067,0,0,0,0,0,0,0,1
TAKEDA_ZS,TAKEDA,unspecified,ZS,BRAND ALERT,ZAF,South Africa,search,editorial_videos,code_99,unknown,Primary Care,South Atlantic,2025-03-07,2025,1,3,406,73483,13468,21026,0.1833,1.56,1041.97,44.8482,47.4121,23.23,820014.0,11.204822974428827,9.508146027598816,9.953562605168434,13.617077911756054,762375000.0,20.451949119892586,39.0,36258.68,10.498461659118218,2459594.14,1351.93,58.1894,309.96,29.7475,0,0,0,0,0,0,0,1
TAKEDA_ZS,TAKEDA,unspecified,ZS,EMAIL ALERT,UNKNOWN,Unknown,unknown,unknown,unknown,unknown,Nephrology,West,2023-11-27,2023,4,11,872,690,223,555,0.3232,2.49,670.32,29.9219,47.8049,22.4,1665.0,6.53813982376767,5.4116460518550396,6.320768294250582,7.418180822726788,9410421.0,16.057328356464623,3.0,16955.71,9.738418904679149,80579.58,787.1,35.1349,116.78,17.4222,1,0,0,0,0,0,0,0
TAKEDA_ZS,TAKEDA,unspecified,ZS,EMAIL ALERT,USA,United States,search,sponsored_videos,code_8,unknown,Internal Medicine,Mountain,2024-07-31,2024,3,7,625,752,300,483,0.3989,1.61,702.05,52.5585,32.1973,13.36,1449.0,6.6240652277998935,5.707110264748875,6.182084906716632,7.27931883541462,13767875.0,16.43784861044132,3.0,28504.92,10.257867063984321,149467.32,794.16,59.4545,92.11,13.1206,0,0,0,0,0,0,0,0
TAKEDA_ZS,TAKEDA,unspecified,ZS,EMAIL ALERT,USA,United States,search,editorial_videos,code_8,unknown,Pulmonology,Southeast,2024-08-19,2024,3,8,606,1480,516,2247,0.3486,4.35,324.71,25.576,17.888,12.7,6741.0,7.300472814267799,6.248042874508429,7.717796211013582,8.816111895794005,3555950.0,15.084133095993435,3.0,1582.53,7.367411811173405,63940.32,380.33,29.9564,55.61,17.1269,0,0,0,0,0,0,0,0
TAKEDA_ZS,TAKEDA,unspecified,ZS,EMAIL ALERT,VIR,U.S. Virgin Islands,search,editorial_videos,code_8,unknown,Neurology,South Atlantic,2024-04-10,2024,2,4,737,4975,2637,10108,0.5301,3.83,585.38,23.7108,30.1888,24.69,30324.0,8.512381634419015,7.87777633327726,9.221181395154058,10.31972773381225,261030000.0,19.380145905041296,3.0,25824.1,10.159102166197187,1303926.83,785.56,31.8195,200.19,34.1981,0,0,0,0,0,0,0,1
TAKEDA_ZS,TAKEDA,unspecified,ZS,EMAIL ALERT,ZAF,South Africa,search,editorial_videos,code_99,unknown,Cardiology,Southwest,2025-03-07,2025,1,3,406,21102,5323,10936,0.2523,2.05,843.37,49.7164,79.8171,16.96,32808.0,9.957170489452313,8.579980179515003,9.299906815335225,10.398458146978019,842625000.0,20.552032578324646,3.0,77050.57,11.25223021691964,5228297.98,1004.53,59.2172,161.17,19.1099,0,0,0,0,0,0,0,1
TEVA,TEVA,unspecified,none,TARGET LIST MEDIA,UNKNOWN,Unknown,unknown,unknown,unknown,unknown,Hematology,Pacific,2025-03-17,2025,1,3,396,65336,7288,22900,0.1115,3.14,980.4,41.881,69.0394,23.41,893100.0,11.087313770418719,8.894121641382213,10.038935856711177,13.702454955366793,2417443058.0,21.605976231343185,39.0,105565.2,11.567093523261544,8248164.74,1273.49,54.4013,293.09,29.8948,1,0,0,1,0,0,0,0
VIIV,VIIV HEALTHCARE,unspecified,none,BRAND ALERT,USA,United States,search,sponsored_videos,code_8,unknown,Gastroenterology,Northeast,2024-07-31,2024,3,7,625,5327,757,3362,0.1421,4.44,417.21,38.6807,26.7086,10.79,131118.0,8.580731212220226,6.630683385642372,8.12058871174027,11.783860586787043,261589621.0,19.38228750550657,39.0,77807.74,11.262009043188513,4839530.31,471.26,43.6921,54.05,12.9558,0,0,0,0,0,0,0,0
VIIV,VIIV HEALTHCARE,unspecified,none,BRAND ALERT,USA,United States,search,editorial_videos,code_8,unknown,Internal Medicine,South Atlantic,2024-08-19,2024,3,8,606,1846,300,1235,0.1625,4.12,337.82,17.8479,13.9256,18.93,48165.0,7.52131798019924,5.707110264748875,7.119635638017636,10.782408656940278,12445825.0,16.336895863618267,39.0,10077.59,9.218168650888726,340448.87,374.38,19.7792,36.56,10.8214,0,0,0,0,0,0,0,0
VIIV,VIIV HEALTHCARE,unspecified,none,BRAND ALERT,USA,United States,search,sponsored_videos,psychologist,urology,Urology,Mid-Atlantic,2023-11-16,2023,4,11,883,10319,2318,7377,0.2246,3.18,863.04,39.648,84.3651,21.77,287703.0,9.241839039035554,7.7488913372555315,8.906257878156621,12.569687452814556,141847200.0,18.77026098691307,39.0,19228.3,9.864190436464218,708988.72,1063.11,48.8391,200.07,23.1819,0,1,0,0,0,0,0,0
VIIV,VIIV HEALTHCARE,unspecified,none,BRAND ALERT,VGB,British Virgin Islands,search,editorial_videos,code_8,unknown,Hematology,Mountain,2024-03-04,2024,1,3,774,517,49,204,0.0948,4.16,201.88,8.3748,11.1072,24.11,7956.0,6.249975242259483,3.912023005428146,5.3230099791384085,8.981807323377534,16120976.0,16.595631901146614,39.0,79024.39,11.277524472218746,923440.07,219.34,9.099,17.46,8.6475,0,0,0,0,0,0,0,1
VIIV,VIIV HEALTHCARE,unspecified,none,BRAND ALERT,ZAF,South Africa,search,sponsored_videos,code_8,unknown,Dermatology,West,2024-11-22,2024,4,11,511,3816,828,3696,0.217,4.46,378.37,27.5485,13.2853,13.73,144144.0,8.247220052745229,6.720220155135295,8.215276958936633,11.878575016374095,82991826.0,18.23425269103288,39.0,22454.5,10.019290852029672,1672656.25,427.99,31.161,49.62,13.1132,0,0,0,0,0,0,0,1
VIIV,VIIV HEALTHCARE,unspecified,none,BRANDSPOT,USA,United States,search,sponsored_videos,psychologist,urology,Endocrinology,Northeast,2023-11-16,2023,4,11,883,7854,1043,3810,0.1328,3.65,229.07,11.2706,18.7186,20.32,259080.0,8.96890555068972,6.950814768442584,8.24564690087386,12.464896033101045,102445200.0,18.444838589189917,68.0,26888.5,10.199491154817071,2593443.57,268.57,13.2141,39.5,17.2442,0,1,0,0,0,0,0,0
VIIV,VIIV HEALTHCARE,unspecified,none,EMAIL ALERT,UNKNOWN,Unknown,unknown,unknown,unknown,unknown,Internal Medicine,Northeast,2023-11-16,2023,4,11,883,38093,19149,27085,0.5027,1.41,366.89,21.3805,18.0478,17.16,81255.0,10.547812068398505,9.860057994608791,10.206772268215317,11.305359943619337,1152618490.0,20.865302139697775,3.0,42555.6,10.658590233606327,8273271.98,506.2,29.4993,139.32,37.9733,1,0,0,0,0,0,0,0
VIIV,VIIV HEALTHCARE,unspecified,none,EMAIL ALERT,USA,United States,search,editorial_videos,code_8,unknown,Endocrinology,Pacific,2023-05-02,2023,2,5,1081,2569,682,1722,0.2655,2.52,381.32,42.2248,14.8198,9.03,5166.0,7.851661177889265,6.52649485957079,7.45182223652793,8.550047528287184,57434375.0,17.866153567047153,3.0,33353.3,10.414941978564533,579323.13,480.46,53.203,99.14,25.9993,0,0,0,0,0,0,0,0
VIIV,VIIV HEALTHCARE,unspecified,none,EMAIL ALERT,USA,United States,search,sponsored_videos,code_8,unknown,Cardiology,Mid-Atlantic,2024-07-31,2024,3,7,625,53210,13593,53893,0.2555,3.96,587.67,29.7858,20.3695,19.73,161679.0,10.882020420873696,9.517383797906584,10.894774433446688,11.993374352077502,729697364.0,20.408140437656286,3.0,13539.74,9.513458197853206,4727549.06,742.02,37.6089,154.35,26.2646,0,0,0,0,0,0,0,0
VIIV,VIIV HEALTHCARE,unspecified,none,EMAIL ALERT,VGB,British Virgin Islands,search,editorial_videos,code_8,unknown,Endocrinology,West,2024-03-04,2024,1,3,774,1185,544,1066,0.4591,1.96,602.33,30.526,24.1554,19.73,3198.0,7.078341579557671,6.300785794663244,6.9726062513017535,8.070593539949519,2686829.0,14.803872618011484,3.0,2520.48,7.832601309698688,25537.41,707.54,35.8581,105.21,17.4675,0,0,0,0,0,0,0,1
VIIV HEALTHCARE,VIIV HEALTHCARE,unspecified,none,EMAIL ALERT,UNKNOWN,Unknown,unknown,unknown,unknown,unknown,Dermatology,Northeast,2025-11-12,2025,4,11,156,5863,3219,12686,0.549,3.94,1074.26,45.0986,44.0068,23.82,38058.0,8.676587243566487,8.077136638538454,9.448333126140598,10.546892866201233,195525000.0,19.091198811566386,3.0,15412.66,9.643009408225192,540836.77,1435.79,60.2757,361.52,33.6531,1,0,0,0,0,0,0,0
